hitID,runID,batchID,ts,tsCorrected,DATE,snr,sig,sigsd,noise,freq,freqsd,slop,burstSlop,motusTagID,port,runLen,motusFilter,datetime,minute,day,month,dayofweek,sig_lag1,sig_lag2,snr_lag1,snr_lag2,sig_roll3,sig_roll5,time_diff,detections_cum,sig_diff,noise_spike,weak_signal,strong_signal
26444305651,702883671,14989130,1697089860,1697089860,2023-10-11,0.299715617,-56.8584,3.1823,-81.1933,3.8855,0.0011,0.0003,0.0002,80830,1,182,1,2023-10-11,0,11,10,2,-49.2046,0.0,0.374469557,0.0,-56.8584,-56.8584,0.0,1,0.0,0,0,1
26444305542,702883670,14989130,1697089638,1697089638,2023-10-11,0.426633067,-42.4346,1.5125,-74.0095,3.9228,0.0011,0.0003,0.0002,80830,2,179,1,2023-10-11,0,11,10,2,-35.9546,-41.7633,0.473314603,0.433046847,-40.05083333333334,-41.304899999999996,0.0,2,14.4238,0,0,1
26444305666,702883671,14989130,1697089891,1697089891,2023-10-11,0.464494577,-36.0046,1.6171,-67.2348,3.6513,0.006,0.0003,8.94e-06,80830,1,182,1,2023-10-11,0,11,10,2,-56.8584,-49.2046,0.299715617,0.374469557,-46.4315,-46.4315,0.0,3,6.43,0,0,1
26444305679,702883671,14989130,1697089923,1697089923,2023-10-11,0.469484972,-36.551,2.988,-68.8972,3.8418,0.0023,0.0002,-0.0001,80830,1,182,1,2023-10-11,0,11,10,2,-36.0046,-56.8584,0.464494577,0.299715617,-43.138000000000005,-43.138000000000005,0.0,4,-0.5463999999999984,0,0,1
26444305634,702883672,14989130,1697089828,1697089828,2023-10-11,0.407651563,-45.8175,8.6973,-77.3489,3.9145,0.0025,0.0002,8.94e-06,80830,3,183,1,2023-10-11,0,11,10,2,-36.551,-36.0046,0.469484972,0.464494577,-39.4577,-43.807875,0.0,5,-9.2665,1,0,1
26444305706,702883671,14989130,1697089986,1697089986,2023-10-11,0.482564074,-34.9796,1.5324,-67.6018,4.2428,0.0016,0.0003,0.0002,80830,1,182,1,2023-10-11,0,11,10,2,-45.8175,-36.551,0.407651563,0.469484972,-39.11603333333334,-42.04222,0.0,6,10.837900000000005,0,0,1
26444305721,702883671,14989130,1697090018,1697090018,2023-10-11,0.474958539,-35.0147,1.2545,-66.6894,4.29,0.0016,0.0003,0.0002,80830,1,182,1,2023-10-11,0,11,10,2,-34.9796,-45.8175,0.482564074,0.407651563,-38.60393333333333,-37.673480000000005,0.0,7,-0.03509999999999991,0,0,1
26444305736,702883671,14989130,1697090050,1697090050,2023-10-11,0.479867545,-34.7449,0.8096,-66.8001,4.306,0.0,0.0004,0.0002,80830,1,182,1,2023-10-11,0,11,10,2,-35.0147,-34.9796,0.474958539,0.482564074,-34.913066666666666,-37.42154000000001,0.0,8,0.2697999999999965,0,0,1
26444305751,702883671,14989130,1697090081,1697090081,2023-10-11,0.472480133,-35.0097,1.3507,-66.3666,4.3133,0.0,0.0003,8.94e-06,80830,1,182,1,2023-10-11,0,11,10,2,-34.7449,-35.0147,0.479867545,0.474958539,-34.923100000000005,-37.113279999999996,0.0,9,-0.26480000000000103,0,0,1
26444305766,702883671,14989130,1697090113,1697090113,2023-10-11,0.4730106,-35.0898,1.2002,-66.5854,4.3533,0.0,0.0003,8.94e-06,80830,1,182,1,2023-10-11,0,11,10,2,-35.0097,-34.7449,0.472480133,0.479867545,-34.94813333333334,-34.96774,0.0,10,-0.08009999999999451,0,0,1
26444305781,702883671,14989130,1697090145,1697090145,2023-10-11,0.481469067,-35.1173,1.0507,-67.7246,4.3688,0.0016,0.0003,8.94e-06,80830,1,182,1,2023-10-11,0,11,10,2,-35.0898,-35.0097,0.4730106,0.472480133,-35.07226666666667,-34.995279999999994,0.0,11,-0.02750000000000341,0,0,1
26444305797,702883671,14989130,1697090177,1697090177,2023-10-11,0.488552504,-35.0474,0.8889,-68.5259,4.4722,0.006,0.0003,0.0003,80830,1,182,1,2023-10-11,0,11,10,2,-35.1173,-35.0898,0.481469067,0.4730106,-35.08483333333333,-35.00182,0.0,12,0.06989999999999696,0,0,1
26444305814,702883671,14989130,1697090208,1697090208,2023-10-11,0.488608537,-34.9174,0.7835,-68.2792,4.597,0.0045,0.0002,0.0002,80830,1,182,1,2023-10-11,0,11,10,2,-35.0474,-35.1173,0.488552504,0.481469067,-35.02736666666667,-35.03632,0.0,13,0.13000000000000256,0,0,1
26444305636,702883671,14989130,1697089828,1697089828,2023-10-11,0.217264172,-64.1117,49.8895,-81.9072,3.91,0.003,0.0004,0.0003,80830,1,182,1,2023-10-11,0,11,10,2,-34.9174,-35.0474,0.488608537,0.488552504,-44.69216666666667,-40.85672,0.0,14,-29.1943,1,1,1
26444305828,702883671,14989130,1697090240,1697090240,2023-10-11,0.481219005,-35.4523,1.2028,-68.3377,4.642,0.0016,0.0002,0.0002,80830,1,182,1,2023-10-11,0,11,10,2,-64.1117,-34.9174,0.217264172,0.488608537,-44.827133333333336,-40.92922,0.0,15,28.659399999999998,0,0,1
26444305855,702883671,14989130,1697090303,1697090303,2023-10-11,0.469550685,-35.7395,1.6636,-67.3759,4.6353,0.0028,0.0005,0.0002,80830,1,182,1,2023-10-11,0,11,10,2,-35.4523,-64.1117,0.481219005,0.217264172,-45.101166666666664,-41.05366,0.0,16,-0.28719999999999857,0,0,1
26444305869,702883671,14989130,1697090335,1697090335,2023-10-11,0.479623021,-34.9072,1.4471,-67.0806,4.4573,0.0055,0.0006,0.0002,80830,1,182,1,2023-10-11,0,11,10,2,-35.7395,-35.4523,0.469550685,0.481219005,-35.36633333333334,-41.02562,0.0,17,0.8322999999999965,0,0,1
26444305586,702883673,14989130,1697089733,1697089733,2023-10-11,0.375364152,-48.6507,27.5257,-77.8865,3.8212,0.005,0.0003,0.0001,80830,4,176,1,2023-10-11,0,11,10,2,-52.2629,-34.9072,0.342399893,0.479623021,-45.27360000000001,-41.40252,0.0,18,-13.743499999999997,1,0,1
26444305619,702883672,14989130,1697089796,1697089796,2023-10-11,0.270742402,-58.645,14.3837,-80.4174,3.8175,0.0061,0.0003,8.94e-06,80830,3,183,1,2023-10-11,0,11,10,2,-48.6507,-52.2629,0.375364152,0.342399893,-53.18620000000001,-46.04106,0.0,19,-9.994300000000003,1,0,1
26444305557,702883670,14989130,1697089669,1697089669,2023-10-11,0.304687341,-41.0126,37.4873,-58.9844,3.8165,0.1443,0.0003,8.94e-06,80830,2,179,1,2023-10-11,0,11,10,2,-58.645,-48.6507,0.270742402,0.375364152,-49.4361,-47.09568,0.0,20,17.632400000000004,1,0,1
26444305650,702883670,14989130,1697089860,1697089860,2023-10-11,0.389395802,-47.6267,2.146,-77.9993,3.9078,0.0023,0.0006,0.0002,80830,2,179,1,2023-10-11,0,11,10,2,-41.0126,-58.645,0.304687341,0.270742402,-49.094766666666665,-49.63958,0.0,21,-6.6141000000000005,0,0,1
26444305635,702883670,14989130,1697089828,1697089828,2023-10-11,0.427245678,-43.6775,3.9711,-76.2587,3.9345,0.0025,0.0002,8.94e-06,80830,2,179,1,2023-10-11,0,11,10,2,-47.6267,-41.0126,0.389395802,0.304687341,-44.1056,-47.9225,0.0,22,3.9491999999999976,0,0,1
26444305620,702883670,14989130,1697089796,1697089796,2023-10-11,0.415613042,-43.4009,3.1772,-74.2674,3.854,0.0025,0.0003,8.94e-06,80830,2,179,1,2023-10-11,0,11,10,2,-43.6775,-47.6267,0.427245678,0.389395802,-44.901700000000005,-46.87254,0.0,23,0.27660000000000196,0,0,1
26444305603,702883670,14989130,1697089764,1697089764,2023-10-11,0.386466884,-47.3631,3.4327,-77.1973,3.802,0.0036,0.0004,0.0003,80830,2,179,1,2023-10-11,0,11,10,2,-43.4009,-43.6775,0.415613042,0.427245678,-44.81383333333334,-44.61616,0.0,24,-3.962200000000003,0,0,1
26444305588,702883670,14989130,1697089733,1697089733,2023-10-11,0.450789275,-39.0089,6.0895,-71.0272,3.7898,0.0039,0.0003,0.0003,80830,2,179,1,2023-10-11,0,11,10,2,-47.3631,-43.4009,0.386466884,0.415613042,-43.25763333333333,-44.215419999999995,0.0,25,8.354200000000006,1,0,1
26444305573,702883670,14989130,1697089701,1697089701,2023-10-11,0.433046847,-41.7633,3.2266,-73.6627,3.6997,0.0127,0.0003,8.94e-06,80830,2,179,1,2023-10-11,0,11,10,2,-39.0089,-47.3631,0.450789275,0.386466884,-42.71176666666667,-43.04274,0.0,26,-2.754400000000004,0,0,1
26444305621,702883671,14989130,1697089796,1697089796,2023-10-11,0.398052839,-47.1749,0.9325,-78.3705,3.8065,0.0054,0.0004,-0.0001,80830,1,182,1,2023-10-11,0,11,10,2,-42.4346,-35.9546,0.426633067,0.473314603,-41.8547,-41.26726,0.0,27,-5.4116,0,0,1
26444305649,702883672,14989130,1697089860,1697089860,2023-10-11,0.342399893,-52.2629,3.5681,-79.4752,3.889,0.0023,0.0006,0.0002,80830,3,183,1,2023-10-11,0,11,10,2,-34.9072,-35.7395,0.479623021,0.469550685,-40.96986666666667,-44.49472000000001,0.0,28,-5.088000000000001,0,0,1
26444305664,702883672,14989130,1697089891,1697089891,2023-10-11,0.411348858,-44.2399,0.6532,-75.1547,3.67,0.0081,0.0004,0.0003,80830,3,183,1,2023-10-11,0,11,10,2,-51.2647,-47.1749,0.354995496,0.398052839,-47.55983333333333,-44.21374,0.0,29,8.023000000000003,0,0,1
26444305894,702883672,14989130,1697090398,1697090398,2023-10-11,0.407101351,-44.5274,0.8253,-75.1012,4.3095,0.0023,0.0006,0.0003,80830,3,183,1,2023-10-11,0,11,10,2,-41.5611,-42.6046,0.435010223,0.434943262,-42.89770000000001,-45.43168,0.0,30,-0.2875000000000014,0,0,1
26444305677,702883672,14989130,1697089923,1697089923,2023-10-11,0.3637305,-49.7097,28.2317,-78.1268,3.8485,0.0034,0.0003,8.94e-06,80830,3,183,1,2023-10-11,0,11,10,2,-46.8197,-47.8621,0.393435275,0.384945841,-48.13049999999999,-47.57899999999999,0.0,31,-5.182299999999998,1,0,1
26444305723,702883672,14989130,1697090018,1697090018,2023-10-11,0.369267773,-49.3524,0.6619,-78.2462,4.293,0.0,0.0006,0.0003,80830,3,183,1,2023-10-11,0,11,10,2,-46.7477,-39.3274,0.394559444,0.456609478,-45.142500000000005,-46.39138,0.0,32,0.35729999999999507,0,0,1
26444305707,702883672,14989130,1697089986,1697089986,2023-10-11,0.394559444,-46.7477,11.6536,-77.2127,4.2495,0.0016,0.0003,0.0003,80830,3,183,1,2023-10-11,0,11,10,2,-39.3274,-49.7097,0.456609478,0.3637305,-45.26160000000001,-46.09331999999999,0.0,33,2.604700000000001,1,0,1
26444305692,702883672,14989130,1697089955,1697089955,2023-10-11,0.456609478,-39.3274,4.0146,-72.3741,3.9025,0.0011,0.0003,8.94e-06,80830,3,183,1,2023-10-11,0,11,10,2,-49.7097,-46.8197,0.3637305,0.393435275,-45.285599999999995,-46.515339999999995,0.0,34,7.420300000000005,0,0,1
26444305880,702883672,14989130,1697090367,1697090367,2023-10-11,0.408610253,-44.6572,1.4621,-75.5123,4.357,0.0028,0.0006,0.0002,80830,3,183,1,2023-10-11,0,11,10,2,-44.2399,-51.2647,0.411348858,0.354995496,-46.7206,-45.95426,0.0,35,-5.329800000000006,0,0,1
26444305799,702883672,14989130,1697090177,1697090177,2023-10-11,0.393435275,-46.8197,1.3518,-77.1883,4.4955,0.0073,0.0003,8.94e-06,80830,3,183,1,2023-10-11,0,11,10,2,-47.8621,-48.8578,0.384945841,0.376659531,-47.846533333333326,-46.394999999999996,0.0,36,-2.1624999999999943,0,0,1
26444305812,702883672,14989130,1697090208,1697090208,2023-10-11,0.384945841,-47.8621,1.4705,-77.8177,4.6087,0.0039,0.0002,0.0002,80830,3,183,1,2023-10-11,0,11,10,2,-48.8578,-44.6457,0.376659531,0.414113803,-47.12186666666667,-45.9625,0.0,37,-1.0424000000000007,0,0,1
26444305826,702883672,14989130,1697090240,1697090240,2023-10-11,0.376659531,-48.8578,3.7054,-78.3806,4.6482,0.0032,0.0002,0.0002,80830,3,183,1,2023-10-11,0,11,10,2,-44.6457,-43.7897,0.414113803,0.415782129,-45.7644,-45.238060000000004,0.0,38,-0.9956999999999994,0,0,1
26444305838,702883672,14989130,1697090272,1697090272,2023-10-11,0.414113803,-44.6457,3.3197,-76.202,4.678,0.0016,0.0002,0.0002,80830,3,183,1,2023-10-11,0,11,10,2,-43.7897,-44.6572,0.415782129,0.408610253,-44.364200000000004,-45.719440000000006,0.0,39,4.2120999999999995,0,0,1
26444305853,702883672,14989130,1697090303,1697090303,2023-10-11,0.415782129,-43.7897,1.2598,-74.9544,4.6435,0.0032,0.0002,0.0002,80830,3,183,1,2023-10-11,0,11,10,2,-44.6572,-44.2399,0.408610253,0.411348858,-44.22893333333334,-46.225280000000005,0.0,40,0.8559999999999945,0,0,1
26444305753,702883672,14989130,1697090081,1697090081,2023-10-11,0.352592264,-50.7534,9.4537,-78.3948,4.3172,0.0,0.0004,0.0003,80830,3,183,1,2023-10-11,0,11,10,2,-63.7312,-52.0924,0.220889023,0.338038478,-55.525666666666666,-52.53542,0.0,41,-6.963699999999996,1,0,1
26444305604,702883671,14989130,1697089764,1697089764,2023-10-11,0.220889023,-63.7312,42.0989,-81.7999,3.683,0.0174,0.0003,8.94e-06,80830,1,182,1,2023-10-11,0,11,10,2,-52.0924,-49.3524,0.338038478,0.369267773,-55.05866666666666,-50.25022,0.0,42,-12.977800000000002,1,1,1
26444305840,702883671,14989130,1697090272,1697090272,2023-10-11,0.473314603,-35.9546,1.5699,-68.2658,4.6735,0.0023,0.0002,0.0002,80830,1,182,1,2023-10-11,0,11,10,2,-41.7633,-39.0089,0.433046847,0.450789275,-38.90893333333333,-41.49816,0.0,43,27.776600000000002,0,0,1
26444305867,702883672,14989130,1697090335,1697090335,2023-10-11,0.396747624,-45.9732,3.3678,-76.2089,4.477,0.0042,0.0002,0.0002,80830,3,183,1,2023-10-11,0,11,10,2,-54.252,-44.5274,0.322682254,0.407101351,-48.25086666666667,-45.783660000000005,0.0,44,-10.0186,0,0,1
26444305768,702883672,14989130,1697090113,1697090113,2023-10-11,0.371268442,-48.6874,0.6609,-77.4375,4.3598,0.0028,0.0003,8.94e-06,80830,3,183,1,2023-10-11,0,11,10,2,-44.5147,-50.7534,0.404136471,0.352592264,-47.985166666666665,-51.955819999999996,0.0,45,-2.714199999999998,0,0,1
26444305694,702883671,14989130,1697089955,1697089955,2023-10-11,0.418534555,-44.5049,7.7454,-76.5392,3.8988,0.0,0.0002,0.0002,80830,1,182,1,2023-10-11,0,11,10,2,-48.6874,-44.5147,0.371268442,0.404136471,-45.90233333333333,-50.43832,0.0,46,4.182499999999997,0,0,1
26444305896,702883671,14989130,1697090398,1697090398,2023-10-11,0.475914217,-34.8973,1.1443,-66.587,4.3052,0.0,0.0003,0.0002,80830,1,182,1,2023-10-11,0,11,10,2,-44.5049,-48.6874,0.418534555,0.371268442,-42.69653333333333,-44.67154,0.0,47,9.607599999999998,0,0,1
26444305882,702883671,14989130,1697090367,1697090367,2023-10-11,0.480549996,-34.9073,1.2231,-67.2005,4.3513,0.0016,0.0006,0.0003,80830,1,182,1,2023-10-11,0,11,10,2,-34.8973,-44.5049,0.475914217,0.418534555,-38.10316666666666,-41.50232,0.0,48,-0.00999999999999801,0,0,1
26444305482,702883671,14989130,1697089511,1697089511,2023-10-11,0.368573512,-49.6992,7.0005,-78.7094,3.8022,0.0091,0.0002,0.0002,80830,1,182,1,2023-10-11,0,11,10,2,-34.9073,-34.8973,0.480549996,0.475914217,-39.8346,-42.53922,0.0,49,-14.791899999999998,1,0,1
26444305497,702883671,14989130,1697089543,1697089543,2023-10-11,0.393303786,-47.5955,3.4717,-78.4503,3.8605,0.0036,0.0002,0.0002,80830,1,182,1,2023-10-11,0,11,10,2,-49.6992,-34.9073,0.368573512,0.480549996,-44.06733333333333,-42.32084,0.0,50,2.1036999999999964,0,0,1
26444305514,702883671,14989130,1697089574,1697089574,2023-10-11,0.420864048,-43.7049,7.7736,-75.4657,3.8735,0.0011,0.0006,0.0002,80830,1,182,1,2023-10-11,0,11,10,2,-47.5955,-49.6992,0.393303786,0.368573512,-46.99986666666667,-42.16084,0.0,51,3.890599999999999,1,0,1
26444305528,702883671,14989130,1697089606,1697089606,2023-10-11,0.35198815,-51.7523,4.1508,-79.8632,3.9375,0.0011,0.0004,0.0003,80830,1,182,1,2023-10-11,0,11,10,2,-43.7049,-47.5955,0.420864048,0.393303786,-47.68423333333334,-45.53184,0.0,52,-8.047399999999996,0,0,1
26444305543,702883671,14989130,1697089638,1697089638,2023-10-11,0.392960825,-46.713,9.3824,-76.9522,3.9008,0.0016,0.0003,8.94e-06,80830,1,182,1,2023-10-11,0,11,10,2,-51.7523,-43.7049,0.35198815,0.420864048,-47.39006666666666,-47.89298,0.0,53,5.039299999999997,1,0,1
26444305558,702883671,14989130,1697089669,1697089669,2023-10-11,0.434943262,-42.6046,1.5818,-75.3988,3.8598,0.0037,0.0003,8.94e-06,80830,1,182,1,2023-10-11,0,11,10,2,-46.713,-51.7523,0.392960825,0.35198815,-47.0233,-46.474059999999994,0.0,54,4.108400000000003,0,0,1
26444305574,702883671,14989130,1697089701,1697089701,2023-10-11,0.435010223,-41.5611,2.9184,-73.5608,3.601,0.0056,0.0006,0.0003,80830,1,182,1,2023-10-11,0,11,10,2,-42.6046,-46.713,0.434943262,0.392960825,-43.62623333333334,-45.26718,0.0,55,1.0434999999999945,0,0,1
26444305589,702883671,14989130,1697089733,1697089733,2023-10-11,0.354995496,-51.2647,36.8548,-79.4796,3.6547,0.014,0.0004,0.0003,80830,1,182,1,2023-10-11,0,11,10,2,-47.1749,-42.4346,0.398052839,0.426633067,-46.95806666666667,-43.71842,0.0,56,-9.703599999999994,1,0,1
26444305783,702883672,14989130,1697090145,1697090145,2023-10-11,0.404136471,-44.5147,1.2553,-74.7062,4.376,0.0016,0.0003,8.94e-06,80830,3,183,1,2023-10-11,0,11,10,2,-50.7534,-63.7312,0.352592264,0.220889023,-52.999766666666666,-52.08882,0.0,57,6.75,0,0,1
26444305511,702883673,14989130,1697089574,1697089574,2023-10-11,0.322682254,-54.252,10.8683,-80.0983,3.9085,0.0037,0.0006,0.0003,80830,4,176,1,2023-10-11,0,11,10,2,-44.5274,-41.5611,0.407101351,0.435010223,-46.78016666666667,-45.931619999999995,0.0,58,-9.737300000000005,0,0,1
26444305738,702883672,14989130,1697090050,1697090050,2023-10-11,0.338038478,-52.0924,0.9491,-78.694,4.3092,0.0016,0.0004,0.0003,80830,3,183,1,2023-10-11,0,11,10,2,-49.3524,-46.7477,0.369267773,0.394559444,-49.3975,-47.44592,0.0,59,2.1596000000000046,0,0,1
26444305513,702883670,14989130,1697089574,1697089574,2023-10-11,0.407108435,-44.5976,3.843,-75.2205,3.8985,0.002,0.0004,8.94e-06,80830,2,179,1,2023-10-11,0,11,10,2,-45.9732,-54.252,0.396747624,0.322682254,-48.27426666666667,-46.18226,0.0,60,7.494799999999998,0,0,1
26444305752,702883673,14989130,1697090081,1697090081,2023-10-11,0.389998634,-46.8844,1.8919,-76.8595,4.353,0.0028,0.0004,0.0003,80830,4,176,1,2023-10-11,0,11,10,2,-40.8997,-43.2902,0.447281185,0.424359239,-43.69143333333333,-47.36218,0.0,61,-2.2867999999999995,0,0,1
26444305495,702883672,14989130,1697089543,1697089543,2023-10-11,0.320769175,-54.2484,14.9222,-79.8674,3.8632,0.0025,0.0003,0.0002,80830,3,183,1,2023-10-11,0,11,10,2,-47.1374,-44.5976,0.392018676,0.407108435,-48.66113333333334,-49.24172,0.0,62,-7.363999999999997,1,0,1
26444305544,702883673,14989130,1697089638,1697089638,2023-10-11,0.387787295,-47.3871,8.7588,-77.403,3.9368,0.0,0.0002,8.94e-06,80830,4,176,1,2023-10-11,0,11,10,2,-54.2484,-47.1374,0.320769175,0.392018676,-49.59096666666667,-47.868739999999995,0.0,63,6.8613,1,0,1
26444305512,702883672,14989130,1697089574,1697089574,2023-10-11,0.277005934,-58.1541,15.9193,-80.4351,3.8755,0.005,0.0002,0.0002,80830,3,183,1,2023-10-11,0,11,10,2,-47.3871,-54.2484,0.387787295,0.320769175,-53.26319999999999,-50.304919999999996,0.0,64,-10.767000000000003,1,0,1
26444305526,702883672,14989130,1697089606,1697089606,2023-10-11,0.345608336,-51.8964,2.6372,-79.3048,3.941,0.0016,0.0003,0.0002,80830,3,183,1,2023-10-11,0,11,10,2,-58.1541,-47.3871,0.277005934,0.387787295,-52.4792,-51.76468,0.0,65,6.2577,0,0,1
26444305541,702883672,14989130,1697089638,1697089638,2023-10-11,0.352124866,-51.1259,8.468,-78.9132,3.9035,0.0025,0.0003,0.0002,80830,3,183,1,2023-10-11,0,11,10,2,-51.8964,-58.1541,0.345608336,0.277005934,-53.72546666666667,-52.56238,0.0,66,0.7704999999999984,0,0,1
26444305556,702883672,14989130,1697089669,1697089669,2023-10-11,0.330126859,-53.2588,16.0381,-79.5058,3.8665,0.0096,0.0004,8.94e-06,80830,3,183,1,2023-10-11,0,11,10,2,-51.1259,-51.8964,0.352124866,0.345608336,-52.09369999999999,-52.364459999999994,0.0,67,-2.1328999999999994,1,0,1
26444305572,702883672,14989130,1697089701,1697089701,2023-10-11,0.374433708,-49.434,6.0689,-79.0228,3.613,0.0156,0.0002,8.94e-06,80830,3,183,1,2023-10-11,0,11,10,2,-53.2588,-51.1259,0.330126859,0.352124866,-51.27289999999999,-52.77383999999999,0.0,68,3.8248000000000033,0,0,1
26444305587,702883672,14989130,1697089733,1697089733,2023-10-11,0.384157337,-47.7089,2.5677,-77.4693,3.6732,0.0057,0.0006,0.0002,80830,3,183,1,2023-10-11,0,11,10,2,-49.434,-53.2588,0.374433708,0.330126859,-50.133900000000004,-50.684799999999996,0.0,69,1.7250999999999976,0,0,1
26444305811,702883673,14989130,1697090208,1697090208,2023-10-11,0.400067005,-45.4844,1.8609,-75.8158,4.6677,0.0023,0.0003,0.0002,80830,4,176,1,2023-10-11,0,11,10,2,-47.7089,-49.434,0.384157337,0.374433708,-47.54243333333333,-49.4024,0.0,70,2.224499999999999,0,0,1
26444305782,702883673,14989130,1697090145,1697090145,2023-10-11,0.404811093,-45.6348,1.1608,-76.6728,4.4852,0.0053,0.0002,8.94e-06,80830,4,176,1,2023-10-11,0,11,10,2,-45.5699,-45.4844,0.407961679,0.400067005,-45.56303333333333,-46.7664,0.0,71,-0.15039999999999765,0,0,1
26444305879,702883673,14989130,1697090367,1697090367,2023-10-11,0.383444086,-47.4396,1.539,-76.9429,4.4365,0.006,0.0003,8.94e-06,80830,4,176,1,2023-10-11,0,11,10,2,-45.6348,-45.5699,0.404811093,0.407961679,-46.21476666666666,-46.36752,0.0,72,-1.8048000000000002,0,0,1
26444305767,702883673,14989130,1697090113,1697090113,2023-10-11,0.386927604,-47.1121,1.6017,-76.8459,4.441,0.0042,0.0003,8.94e-06,80830,4,176,1,2023-10-11,0,11,10,2,-47.4396,-45.6348,0.383444086,0.404811093,-46.728833333333334,-46.24816,0.0,73,0.32750000000000057,0,0,1
26444305737,702883673,14989130,1697090050,1697090050,2023-10-11,0.394218602,-46.2923,1.0303,-76.4175,4.3425,0.0023,0.0003,0.0002,80830,4,176,1,2023-10-11,0,11,10,2,-47.1121,-47.4396,0.386927604,0.383444086,-46.948,-46.40974,0.0,74,0.8198000000000008,0,0,1
26444305722,702883673,14989130,1697090018,1697090018,2023-10-11,0.389942438,-47.0671,1.5882,-77.1519,4.3232,0.0016,0.0002,0.0002,80830,4,176,1,2023-10-11,0,11,10,2,-46.2923,-47.1121,0.394218602,0.386927604,-46.82383333333333,-46.709179999999996,0.0,75,-0.7748000000000062,0,0,1
26444305709,702883673,14989130,1697089986,1697089986,2023-10-11,0.390256425,-47.7428,3.6524,-78.2998,4.2895,0.0,0.0004,8.94e-06,80830,4,176,1,2023-10-11,0,11,10,2,-47.0671,-46.2923,0.389942438,0.394218602,-47.03406666666667,-47.13078,0.0,76,-0.6756999999999991,0,0,1
26444305691,702883673,14989130,1697089955,1697089955,2023-10-11,0.356605281,-50.4213,8.473,-78.3676,3.9333,0.0016,0.0003,-0.0001,80830,4,176,1,2023-10-11,0,11,10,2,-47.7428,-47.0671,0.390256425,0.389942438,-48.4104,-47.72712,0.0,77,-2.6784999999999997,1,0,1
26444305676,702883673,14989130,1697089923,1697089923,2023-10-11,0.376930863,-48.5688,37.6357,-77.9509,3.889,0.0,0.0005,0.0002,80830,4,176,1,2023-10-11,0,11,10,2,-50.4213,-47.7428,0.356605281,0.390256425,-48.91096666666667,-48.018460000000005,0.0,78,1.8524999999999991,1,0,1
26444305663,702883673,14989130,1697089891,1697089891,2023-10-11,0.332726489,-53.4029,6.5954,-80.0315,3.8188,0.0032,0.0005,0.0002,80830,4,176,1,2023-10-11,0,11,10,2,-48.5688,-50.4213,0.376930863,0.356605281,-50.79766666666668,-49.44058,0.0,79,-4.834099999999999,0,0,1
26444305648,702883673,14989130,1697089860,1697089860,2023-10-11,0.292860572,-57.0006,6.5842,-80.6073,3.919,0.0,0.0002,8.94e-06,80830,4,176,1,2023-10-11,0,11,10,2,-53.4029,-48.5688,0.332726489,0.376930863,-52.99076666666667,-51.42728000000001,0.0,80,-3.597699999999996,0,0,1
26444305633,702883673,14989130,1697089828,1697089828,2023-10-11,0.27899159,-58.1034,8.5199,-80.5863,3.9493,0.0063,0.0003,0.0002,80830,4,176,1,2023-10-11,0,11,10,2,-57.0006,-53.4029,0.292860572,0.332726489,-56.16896666666667,-53.4994,0.0,81,-1.102800000000002,0,0,1
26444305618,702883673,14989130,1697089796,1697089796,2023-10-11,0.352158695,-51.512,1.7365,-79.5133,3.872,0.0023,0.0006,0.0003,80830,4,176,1,2023-10-11,0,11,10,2,-58.1034,-57.0006,0.27899159,0.292860572,-55.538666666666664,-53.71754,0.0,82,6.5914,0,0,1
26444305601,702883673,14989130,1697089764,1697089764,2023-10-11,0.323108841,-54.2246,5.7868,-80.1083,3.8332,0.0032,0.0003,-0.0001,80830,4,176,1,2023-10-11,0,11,10,2,-51.512,-58.1034,0.352158695,0.27899159,-54.61333333333334,-54.848699999999994,0.0,83,-2.712600000000002,0,0,1
26444305559,702883673,14989130,1697089669,1697089669,2023-10-11,0.424359239,-43.2902,3.7915,-75.2035,3.9003,0.002,0.0002,0.0002,80830,4,176,1,2023-10-11,0,11,10,2,-54.2246,-51.512,0.323108841,0.352158695,-49.6756,-52.82616,0.0,84,10.934400000000004,0,0,1
26444305527,702883670,14989130,1697089606,1697089606,2023-10-11,0.447281185,-40.8997,1.264,-73.9973,3.971,0.0011,0.0003,0.0001,80830,2,179,1,2023-10-11,0,11,10,2,-43.2902,-54.2246,0.424359239,0.323108841,-46.13816666666667,-49.60598,0.0,85,2.390499999999996,0,0,1
26444305866,702883673,14989130,1697090335,1697090335,2023-10-11,0.384161051,-47.0246,1.5143,-76.3586,4.6225,0.0016,0.0004,0.0003,80830,4,176,1,2023-10-11,0,11,10,2,-46.8844,-40.8997,0.389998634,0.447281185,-44.93623333333333,-46.4647,0.0,86,-6.124899999999997,0,0,1
26444305571,702883673,14989130,1697089701,1697089701,2023-10-11,0.410897887,-44.3588,54.5406,-75.299,3.7822,0.0126,0.0004,0.0002,80830,4,176,1,2023-10-11,0,11,10,2,-47.0246,-46.8844,0.384161051,0.389998634,-46.08926666666667,-44.49154,0.0,87,2.6657999999999973,1,0,1
26444305798,702883673,14989130,1697090177,1697090177,2023-10-11,0.407961679,-45.5699,0.6782,-76.9712,4.6297,0.0039,0.0002,0.0002,80830,4,176,1,2023-10-11,0,11,10,2,-45.4844,-47.7089,0.400067005,0.384157337,-46.2544,-48.291199999999996,0.0,88,-1.2110999999999947,0,0,1
26444305895,702883670,14989130,1697090398,1697090398,2023-10-11,0.163162122,-68.0422,7.9305,-81.3087,4.327,0.0023,0.0002,0.0002,80830,2,179,1,2023-10-11,0,11,10,2,-62.3752,-61.5371,0.239111554,0.24279365,-63.984833333333334,-65.07584,0.0,89,-22.472299999999997,0,1,1
26444305784,702883670,14989130,1697090145,1697090145,2023-10-11,0.395375519,-47.1124,0.5752,-77.9201,4.4277,0.0048,0.0003,0.0003,80830,2,179,1,2023-10-11,0,11,10,2,-62.5328,-59.0233,0.232183727,0.271962631,-56.222833333333334,-57.10768,0.0,90,20.929799999999993,0,0,1
26444305841,702883673,14989130,1697090272,1697090272,2023-10-11,0.372527844,-48.3995,1.6635,-77.1341,4.7095,0.0023,0.0006,0.0003,80830,4,176,1,2023-10-11,0,11,10,2,-44.3588,-47.0246,0.410897887,0.384161051,-46.594300000000004,-45.513400000000004,0.0,91,-1.2871000000000024,0,0,1
26444305852,702883673,14989130,1697090303,1697090303,2023-10-11,0.375803909,-48.3923,1.0474,-77.5274,4.686,0.0016,0.0004,0.0003,80830,4,176,1,2023-10-11,0,11,10,2,-48.3995,-44.3588,0.372527844,0.410897887,-47.0502,-47.01192,0.0,92,0.007200000000004536,0,0,1
26444305480,702883670,14989130,1697089511,1697089511,2023-10-11,0.431220219,-42.0537,7.3669,-73.9367,3.8525,0.0025,0.0005,0.0002,80830,2,179,1,2023-10-11,0,11,10,2,-48.3923,-48.3995,0.375803909,0.372527844,-46.28183333333334,-46.04578,0.0,93,6.3386,1,0,1
26444305479,702883670,14989130,1697089448,1697089448,2023-10-11,0.453663963,-37.7675,8.5485,-69.1287,3.805,0.005,0.0003,0.0,80830,2,179,1,2023-10-11,0,11,10,2,-42.0537,-48.3923,0.431220219,0.375803909,-42.73783333333333,-44.19436,0.0,94,4.286200000000001,1,0,1
26444305498,702883673,14989130,1697089479,1697089479,2023-10-11,0.338971475,-52.6535,15.1765,-79.6539,3.853,0.0032,0.0003,0.0,80830,4,176,1,2023-10-11,0,11,10,2,-37.7675,-42.0537,0.453663963,0.431220219,-44.15823333333333,-45.853300000000004,0.0,95,-14.886000000000003,1,0,1
26444305665,702883670,14989130,1697089891,1697089891,2023-10-11,0.411432149,-44.2769,1.9372,-75.2282,3.7898,0.0034,0.0004,0.0003,80830,2,179,1,2023-10-11,0,11,10,2,-52.6535,-37.7675,0.338971475,0.453663963,-44.899300000000004,-45.02878,0.0,96,8.376600000000003,0,0,1
26444305678,702883670,14989130,1697089923,1697089923,2023-10-11,0.395826979,-46.547,17.2967,-77.0425,3.8758,0.0023,0.0003,8.94e-06,80830,2,179,1,2023-10-11,0,11,10,2,-44.2769,-52.6535,0.411432149,0.338971475,-47.825799999999994,-44.65972,0.0,97,-2.2700999999999993,1,0,1
26444305693,702883670,14989130,1697089955,1697089955,2023-10-11,0.380803456,-48.9034,6.3115,-78.9788,3.9208,0.0016,0.0002,8.94e-06,80830,2,179,1,2023-10-11,0,11,10,2,-46.547,-44.2769,0.395826979,0.411432149,-46.57576666666666,-46.02966,0.0,98,-2.3564000000000007,0,0,1
26444305708,702883670,14989130,1697089986,1697089986,2023-10-11,0.249853596,-60.7173,12.0954,-80.9406,4.2755,0.0028,0.0004,0.0002,80830,2,179,1,2023-10-11,0,11,10,2,-48.9034,-46.547,0.380803456,0.395826979,-52.0559,-50.61962,0.0,99,-11.813900000000004,0,1,1
26444305724,702883670,14989130,1697090018,1697090018,2023-10-11,0.24791814,-60.9527,3.7624,-81.0453,4.3122,0.0,0.0003,0.0003,80830,2,179,1,2023-10-11,0,11,10,2,-60.7173,-48.9034,0.249853596,0.380803456,-56.8578,-52.27945999999999,0.0,100,-0.2353999999999985,0,1,1
26444305739,702883670,14989130,1697090050,1697090050,2023-10-11,0.305366043,-55.9172,1.3458,-80.4988,4.3293,0.0028,0.0003,0.0002,80830,2,179,1,2023-10-11,0,11,10,2,-60.9527,-60.7173,0.24791814,0.249853596,-59.19573333333333,-54.60752,0.0,101,5.035499999999999,0,0,1
26444305754,702883670,14989130,1697090081,1697090081,2023-10-11,0.271962631,-59.0233,12.2789,-81.0718,4.3365,0.0023,0.0003,-0.0001,80830,2,179,1,2023-10-11,0,11,10,2,-55.9172,-60.9527,0.305366043,0.24791814,-58.63106666666667,-57.102779999999996,0.0,102,-3.106099999999998,1,0,1
26444305769,702883670,14989130,1697090113,1697090113,2023-10-11,0.232183727,-62.5328,6.5776,-81.4424,4.3993,0.0057,0.0002,8.94e-06,80830,2,179,1,2023-10-11,0,11,10,2,-59.0233,-55.9172,0.271962631,0.305366043,-59.15776666666667,-59.82866,0.0,103,-3.5095000000000027,0,1,1
26444305827,702883670,14989130,1697090240,1697090240,2023-10-11,0.239111554,-62.3752,21.2366,-81.9768,4.675,0.0,0.0003,0.0002,80830,2,179,1,2023-10-11,0,11,10,2,-61.5371,-61.7221,0.24279365,0.240583594,-61.87813333333333,-65.43558,0.0,104,0.15760000000000218,1,1,1
26444305893,702883673,14989130,1697090398,1697090398,2023-10-11,0.392018676,-47.1374,0.6333,-77.531,4.3422,0.0,0.0002,8.94e-06,80830,4,176,1,2023-10-11,0,11,10,2,-44.5976,-45.9732,0.407108435,0.396747624,-45.90273333333334,-47.29752,0.0,105,15.2378,0,0,1
26444305496,702883670,14989130,1697089543,1697089543,2023-10-11,0.436742963,-41.0936,2.9224,-72.9571,3.8872,0.0011,0.0004,0.0002,80830,2,179,1,2023-10-11,0,11,10,2,-47.1124,-62.5328,0.395375519,0.232183727,-50.24626666666666,-53.13586,0.0,106,6.043799999999997,0,0,1
26444305854,702883670,14989130,1697090303,1697090303,2023-10-11,0.240583594,-61.7221,1.485,-81.2757,4.6718,0.0,0.0003,0.0002,80830,2,179,1,2023-10-11,0,11,10,2,-71.7026,-69.8409,0.121318587,0.142222872,-67.7552,-63.59484000000001,0.0,107,-20.628499999999995,0,1,1
26444305868,702883670,14989130,1697090335,1697090335,2023-10-11,0.121318587,-71.7026,30.3721,-81.6025,4.5883,0.0222,0.0004,8.94e-06,80830,2,179,1,2023-10-11,0,11,10,2,-69.8409,-54.3791,0.142222872,0.319149762,-65.30753333333334,-60.8283,0.0,108,-9.980500000000006,1,1,0
26444305881,702883670,14989130,1697090367,1697090367,2023-10-11,0.142222872,-69.8409,5.0153,-81.4208,4.3998,0.011,0.0002,8.94e-06,80830,2,179,1,2023-10-11,0,11,10,2,-54.3791,-60.3295,0.319149762,0.252651295,-61.51650000000001,-55.96816,0.0,109,1.861699999999999,0,1,0
26444305529,702883673,14989130,1697089606,1697089606,2023-10-11,0.319149762,-54.3791,7.2062,-79.8694,3.9987,0.0036,0.0004,0.0003,80830,4,176,1,2023-10-11,0,11,10,2,-60.3295,-47.8894,0.252651295,0.381237128,-54.199333333333335,-51.21408,0.0,110,15.461800000000004,0,0,1
26444305499,702883673,14989130,1697089543,1697089543,2023-10-11,0.252651295,-60.3295,32.8068,-80.7247,3.901,0.0044,0.0002,0.0001,80830,4,176,1,2023-10-11,0,11,10,2,-47.8894,-47.4019,0.381237128,0.386407,-51.8736,-50.10332,0.0,111,-5.950400000000002,1,1,1
26444305839,702883670,14989130,1697090272,1697090272,2023-10-11,0.24279365,-61.5371,1.5788,-81.2686,4.6967,0.0016,0.0003,0.0002,80830,2,179,1,2023-10-11,0,11,10,2,-61.7221,-71.7026,0.240583594,0.121318587,-64.98726666666667,-63.83636,0.0,112,-1.2075999999999993,0,1,1
26444305825,702883673,14989130,1697090240,1697090240,2023-10-11,0.386407,-47.4019,1.8568,-77.253,4.6887,0.0016,0.0006,0.0003,80830,4,176,1,2023-10-11,0,11,10,2,-46.0705,-48.8253,0.397995518,0.375941993,-47.432566666666666,-46.565180000000005,0.0,113,14.135200000000005,0,0,1
26444305494,702883672,14989130,1697089479,1697089479,2023-10-11,0.397995518,-46.0705,12.0565,-76.5285,3.7785,0.006,0.0003,0.0,80830,3,183,1,2023-10-11,0,11,10,2,-48.8253,-49.4346,0.375941993,0.372759247,-48.11013333333333,-46.507279999999994,0.0,114,1.331399999999995,0,0,1
26444305796,702883670,14989130,1697090177,1697090177,2023-10-11,0.375941993,-48.8253,26.3141,-78.2384,4.598,0.0039,0.0004,0.0003,80830,2,179,1,2023-10-11,0,11,10,2,-49.4346,-41.0936,0.372759247,0.436742963,-46.451166666666666,-49.79974,0.0,115,-2.754799999999996,1,0,1
26444305813,702883670,14989130,1697090208,1697090208,2023-10-11,0.372759247,-49.4346,1.52,-78.8128,4.6495,0.0016,0.0003,0.0002,80830,2,179,1,2023-10-11,0,11,10,2,-41.0936,-47.1124,0.436742963,0.395375519,-45.8802,-51.83934000000001,0.0,116,-0.6093000000000046,0,0,1
26444305602,702883672,14989130,1697089764,1697089764,2023-10-11,0.381237128,-47.8894,4.3747,-77.3954,3.7085,0.008,0.0002,0.0003,80830,3,183,1,2023-10-11,0,11,10,2,-47.4019,-46.0705,0.386407,0.397995518,-47.1206,-47.92434,0.0,117,1.5452000000000012,0,0,1
26444306008,702883670,14989130,1697090652,1697090652,2023-10-12,0.293536313,-57.3024,0.7584,-81.1116,4.6467,0.0039,0.0002,0.0002,80830,2,179,1,2023-10-12,0,12,10,3,-55.8842,-57.2959,0.307957029,0.29180124,-56.82749999999999,-56.524260000000005,0.0,118,-9.412999999999997,0,0,1
26444305937,702883670,14989130,1697090493,1697090493,2023-10-12,0.307957029,-55.8842,7.2764,-80.7525,4.4055,0.0053,0.0003,0.0002,80830,2,179,1,2023-10-12,0,12,10,3,-57.2959,-55.8444,0.29180124,0.305289164,-56.341499999999996,-53.03772,0.0,119,1.4181999999999988,0,0,1
26444305952,702883670,14989130,1697090525,1697090525,2023-10-12,0.29180124,-57.2959,3.1239,-80.9037,4.6217,0.0023,0.0003,0.0002,80830,2,179,1,2023-10-12,0,12,10,3,-55.8444,-56.2944,0.305289164,0.307622202,-56.47823333333334,-51.55632000000001,0.0,120,-1.4117000000000033,0,0,1
26444306041,702883670,14989130,1697090715,1697090715,2023-10-12,0.370655185,-49.3738,2.719,-78.4527,4.665,0.0028,0.0002,0.0002,80830,2,179,1,2023-10-12,0,12,10,3,-68.0422,-62.3752,0.163162122,0.239111554,-59.9304,-60.610079999999996,0.0,121,7.9221,0,0,1
26444305980,702883670,14989130,1697090589,1697090589,2023-10-12,0.305289164,-55.8444,37.9227,-80.3851,4.6673,0.0016,0.0003,8.94e-06,80830,2,179,1,2023-10-12,0,12,10,3,-56.2944,-39.8697,0.307622202,0.445193871,-50.6695,-48.568439999999995,0.0,122,-6.4705999999999975,1,0,1
26444306560,702883671,14989130,1697092015,1697092015,2023-10-12,0.445193871,-39.8697,1.3553,-71.8624,3.904,0.0,0.0004,0.0002,80830,1,182,1,2023-10-12,0,12,10,3,-48.4772,-42.3565,0.383671435,0.425856745,-43.5678,-46.183820000000004,0.0,123,15.974699999999999,0,0,1
26444306026,702883670,14989130,1697090684,1697090684,2023-10-12,0.383671435,-48.4772,4.1527,-78.6548,4.6765,0.0,0.0002,0.0002,80830,2,179,1,2023-10-12,0,12,10,3,-42.3565,-50.8419,0.425856745,0.355477916,-47.2252,-51.81831999999999,0.0,124,-8.607500000000002,0,0,1
26444306056,702883670,14989130,1697090747,1697090747,2023-10-12,0.425856745,-42.3565,7.2201,-73.7734,4.5925,0.0055,0.0005,0.0002,80830,2,179,1,2023-10-12,0,12,10,3,-50.8419,-49.3738,0.355477916,0.370655185,-47.52406666666667,-54.59792,0.0,125,6.1207000000000065,0,0,1
26444306070,702883670,14989130,1697090779,1697090779,2023-10-12,0.355477916,-50.8419,1.9479,-78.8831,4.5995,0.0039,0.0002,0.0002,80830,2,179,1,2023-10-12,0,12,10,3,-49.3738,-68.0422,0.370655185,0.163162122,-56.08596666666667,-58.434039999999996,0.0,126,-8.485400000000006,0,0,1
26444305966,702883670,14989130,1697090557,1697090557,2023-10-12,0.346257583,-51.773,3.4697,-79.1948,4.6547,0.0023,0.0002,8.94e-06,80830,2,179,1,2023-10-12,0,12,10,3,-57.3024,-55.8842,0.293536313,0.307957029,-54.98653333333334,-55.61998000000001,0.0,127,-0.9311000000000007,0,0,1
26444305995,702883670,14989130,1697090620,1697090620,2023-10-12,0.307622202,-56.2944,22.5793,-81.3059,4.6762,0.0032,0.0004,8.94e-06,80830,2,179,1,2023-10-12,0,12,10,3,-39.8697,-48.4772,0.445193871,0.383671435,-48.213766666666665,-47.56794,0.0,128,-4.5214,1,0,1
26444306751,702883671,14989130,1697092554,1697092554,2023-10-12,0.480078777,-36.0882,3.3205,-69.4109,4.0777,0.0053,0.0003,0.0003,80830,1,182,1,2023-10-12,0,12,10,3,-51.773,-57.3024,0.346257583,0.293536313,-48.38786666666667,-51.66874,0.0,129,20.206200000000003,0,0,1
26444306728,702883671,14989130,1697092490,1697092490,2023-10-12,0.445630217,-39.2715,7.1313,-70.8399,4.0388,0.005,0.0003,8.94e-06,80830,1,182,1,2023-10-12,0,12,10,3,-36.4498,-37.6596,0.474872247,0.463502542,-37.79363333333333,-37.9956,0.0,130,-3.1833000000000027,0,0,1
26444306594,702883671,14989130,1697092110,1697092110,2023-10-12,0.450251512,-39.9997,1.3099,-72.76,3.879,0.0023,0.0003,0.0002,80830,1,182,1,2023-10-12,0,12,10,3,-38.9349,-36.0882,0.446764341,0.480078777,-38.34093333333333,-44.81964,0.0,131,-0.728199999999994,0,0,1
26444306777,702883671,14989130,1697092617,1697092617,2023-10-12,0.464020949,-36.5974,0.7128,-68.2814,3.9585,0.003,0.0003,0.0002,80830,1,182,1,2023-10-12,0,12,10,3,-39.9997,-38.9349,0.450251512,0.446764341,-38.510666666666665,-40.678639999999994,0.0,132,3.4022999999999968,0,0,1
26444306764,702883671,14989130,1697092585,1697092585,2023-10-12,0.463502542,-37.6596,1.6008,-70.1953,4.0053,0.0045,0.0006,0.0003,80830,1,182,1,2023-10-12,0,12,10,3,-36.5974,-39.9997,0.464020949,0.450251512,-38.085566666666665,-37.855959999999996,0.0,133,-1.0621999999999971,0,0,1
26444306739,702883671,14989130,1697092522,1697092522,2023-10-12,0.474872247,-36.4498,1.074,-69.4113,4.0328,0.0032,0.0003,8.94e-06,80830,1,182,1,2023-10-12,0,12,10,3,-37.6596,-36.5974,0.463502542,0.464020949,-36.90226666666667,-37.92828,0.0,134,1.2097999999999942,0,0,1
26444306718,702883671,14989130,1697092459,1697092459,2023-10-12,0.45444266,-38.5499,0.8203,-70.6615,3.9665,0.0032,0.0002,0.0003,80830,1,182,1,2023-10-12,0,12,10,3,-39.2715,-36.4498,0.445630217,0.474872247,-38.0904,-37.70564,0.0,135,-2.1000999999999976,0,0,1
26444306708,702883671,14989130,1697092427,1697092427,2023-10-12,0.470766247,-36.2885,4.9706,-68.568,3.9542,0.002,0.0006,0.0002,80830,1,182,1,2023-10-12,0,12,10,3,-38.5499,-39.2715,0.45444266,0.445630217,-38.036633333333334,-37.643860000000004,0.0,136,2.261400000000002,1,0,1
26444306585,702883671,14989130,1697092078,1697092078,2023-10-12,0.454500964,-39.2348,1.101,-71.9246,3.8883,0.0016,0.0002,8.94e-06,80830,1,182,1,2023-10-12,0,12,10,3,-36.2885,-38.5499,0.470766247,0.45444266,-38.02440000000001,-37.9589,0.0,137,-2.946300000000001,0,0,1
26444306698,702883671,14989130,1697092395,1697092395,2023-10-12,0.48742519,-33.8386,13.2758,-66.0169,3.8985,0.0063,0.0002,0.0002,80830,1,182,1,2023-10-12,0,12,10,3,-39.2348,-36.2885,0.454500964,0.470766247,-36.453966666666666,-37.43666,0.0,138,5.3962,1,0,1
26444305925,702883670,14989130,1697090462,1697090462,2023-10-12,0.331193235,-53.6375,11.9658,-80.1988,4.3615,0.0032,0.0003,0.0002,80830,2,179,1,2023-10-12,0,12,10,3,-33.8386,-39.2348,0.48742519,0.454500964,-42.23696666666667,-40.30986,0.0,139,-19.798900000000003,1,0,1
26444306666,702883671,14989130,1697092300,1697092300,2023-10-12,0.404951052,-45.5939,15.2334,-76.6221,3.794,0.0041,0.0003,0.0002,80830,1,182,1,2023-10-12,0,12,10,3,-53.6375,-33.8386,0.331193235,0.48742519,-44.35666666666666,-41.71866,0.0,140,8.043600000000005,1,0,1
26444307264,702883673,14989130,1697093695,1697093695,2023-10-12,0.417393086,-43.2158,11.3421,-74.1766,4.1883,0.0092,0.0006,0.0003,80830,4,176,1,2023-10-12,0,12,10,3,-35.2993,-34.5921,0.485249105,0.490076329,-37.70239999999999,-38.436020000000006,0.0,141,2.3780999999999963,0,0,1
26444306573,702883671,14989130,1697092047,1697092047,2023-10-12,0.446764341,-38.9349,0.9475,-70.3767,3.9078,0.0016,0.0003,8.94e-06,80830,1,182,1,2023-10-12,0,12,10,3,-36.0882,-51.773,0.480078777,0.346257583,-42.265366666666665,-47.996539999999996,0.0,142,4.280900000000003,0,0,1
26444306677,702883671,14989130,1697092332,1697092332,2023-10-12,0.301143194,-41.5636,32.7189,-59.4737,3.8635,0.0477,0.0002,-0.0001,80830,1,182,1,2023-10-12,0,12,10,3,-47.8068,-45.5939,0.383939341,0.404951052,-44.988099999999996,-44.488080000000004,0.0,143,-2.628700000000002,1,0,1
26444306654,702883671,14989130,1697092268,1697092268,2023-10-12,0.44517421,-40.1174,0.6874,-72.3063,3.79,0.0062,0.0003,0.0002,80830,1,182,1,2023-10-12,0,12,10,3,-41.5228,-39.5122,0.429003615,0.445561865,-40.38413333333333,-42.49706,0.0,144,1.4461999999999975,0,0,1
26444307898,702883673,14989130,1697095026,1697095026,2023-10-12,0.364253342,-49.7693,2.0444,-78.2848,4.3245,0.0,0.0004,0.0003,80830,4,176,1,2023-10-12,0,12,10,3,-41.5636,-47.8068,0.301143194,0.383939341,-46.3799,-47.674220000000005,0.0,145,-9.651899999999998,0,0,1
26444307925,702883673,14989130,1697095089,1697095089,2023-10-12,0.228956548,-62.5967,2.2365,-81.1844,4.4165,0.0045,0.0003,8.94e-06,80830,4,176,1,2023-10-12,0,12,10,3,-39.459,-40.3472,0.336389673,0.452951218,-47.46763333333333,-43.44686,0.0,146,-12.827399999999997,0,1,1
26444307124,702883690,14989130,1697093412,1697093412,2023-10-12,0.388050424,-47.7481,5.2252,-78.0262,3.4472,0.0032,0.0003,0.0,80831,1,60,1,2023-10-12,0,12,10,3,-40.1174,-41.5228,0.44517421,0.429003615,-43.12943333333333,-43.73396,0.0,147,14.848599999999998,0,0,1
26444307107,702883690,14989130,1697093380,1697093380,2023-10-12,0.370876523,-48.5672,1.4254,-77.1982,3.4585,0.0011,0.0005,0.0002,80831,1,60,1,2023-10-12,0,12,10,3,-47.7481,-40.1174,0.388050424,0.44517421,-45.47756666666667,-43.49354,0.0,148,-0.8190999999999988,0,0,1
26444307088,702883690,14989130,1697093349,1697093349,2023-10-12,0.393907321,-46.7849,0.6086,-77.191,3.4642,0.0028,0.0004,-0.0001,80831,1,60,1,2023-10-12,0,12,10,3,-48.5672,-47.7481,0.370876523,0.388050424,-47.700066666666665,-44.948080000000004,0.0,149,1.7822999999999993,0,0,1
26444307075,702883690,14989130,1697093317,1697093317,2023-10-12,0.378776948,-47.534,2.4214,-76.5168,3.4733,0.0023,0.0006,0.0001,80831,1,60,1,2023-10-12,0,12,10,3,-46.7849,-48.5672,0.393907321,0.370876523,-47.6287,-46.15032,0.0,150,-0.7490999999999985,0,0,1
26444307055,702883690,14989130,1697093285,1697093285,2023-10-12,0.377590037,-48.948,5.2826,-78.6427,3.4528,0.0041,0.0002,-0.0001,80831,1,60,1,2023-10-12,0,12,10,3,-47.534,-46.7849,0.378776948,0.393907321,-47.75563333333333,-47.91644,0.0,151,-1.4140000000000015,1,0,1
26444307038,702883690,14989130,1697093254,1697093254,2023-10-12,0.362567694,-49.9302,3.7421,-78.3302,3.453,0.002,0.0004,0.0002,80831,1,60,1,2023-10-12,0,12,10,3,-48.948,-47.534,0.377590037,0.378776948,-48.804066666666664,-48.35286,0.0,152,-0.9821999999999989,0,0,1
26444307019,702883690,14989130,1697093222,1697093222,2023-10-12,0.411409333,-44.9821,1.4661,-76.4234,3.4533,0.0011,0.0004,0.0003,80831,1,60,1,2023-10-12,0,12,10,3,-49.9302,-48.948,0.362567694,0.377590037,-47.95343333333333,-47.63584,0.0,153,4.948099999999997,0,0,1
26444307000,702883690,14989130,1697093190,1697093190,2023-10-12,0.394378734,-45.9953,3.7532,-75.9473,3.4475,0.0025,0.0003,0.0002,80831,1,60,1,2023-10-12,0,12,10,3,-44.9821,-49.9302,0.411409333,0.362567694,-46.9692,-47.47792,0.0,154,-1.0131999999999977,0,0,1
26444307817,702883673,14989130,1697094836,1697094836,2023-10-12,0.446068989,-39.8298,0.9755,-71.9039,4.278,0.0,0.0003,0.0002,80830,4,176,1,2023-10-12,0,12,10,3,-45.9953,-44.9821,0.394378734,0.411409333,-43.602399999999996,-45.937079999999995,0.0,155,6.1655000000000015,0,0,1
26444306981,702883690,14989130,1697093159,1697093159,2023-10-12,0.395765583,-47.0269,1.8852,-77.8289,3.4377,0.0,0.0003,0.0001,80831,1,60,1,2023-10-12,0,12,10,3,-39.8298,-45.9953,0.446068989,0.394378734,-44.284,-45.552859999999995,0.0,156,-7.197099999999999,0,0,1
26444305908,702883670,14989130,1697090430,1697090430,2023-10-12,0.115006022,-71.9347,10.4433,-81.2827,4.3092,0.0057,0.0002,0.0002,80830,2,179,1,2023-10-12,0,12,10,3,-47.0269,-39.8298,0.395765583,0.446068989,-52.93046666666667,-49.95376,0.0,157,-24.90780000000001,1,1,0
26444306084,702883670,14989130,1697090810,1697090810,2023-10-12,0.383939341,-47.8068,21.0104,-77.6008,4.6448,0.0,0.0005,0.0003,80830,2,179,1,2023-10-12,0,12,10,3,-45.5939,-53.6375,0.404951052,0.331193235,-49.01273333333334,-44.02231999999999,0.0,158,24.127900000000004,1,0,1
26444306959,702883690,14989130,1697093063,1697093063,2023-10-12,0.387815633,-46.6048,1.1016,-76.1287,3.4642,0.0016,0.0005,0.0,80831,1,60,1,2023-10-12,0,12,10,3,-71.9347,-47.0269,0.115006022,0.395765583,-55.18879999999999,-50.2783,0.0,159,1.2020000000000053,0,0,1
26444307888,702883673,14989130,1697094994,1697094994,2023-10-12,0.41857411,-43.6095,8.2039,-75.0044,4.2862,0.0023,0.0006,0.0003,80830,4,176,1,2023-10-12,0,12,10,3,-66.8941,-46.6048,0.174020467,0.387815633,-52.36946666666665,-55.214,0.0,160,2.9953000000000003,0,0,1
26444307874,702883673,14989130,1697094963,1697094963,2023-10-12,0.449260573,-39.9372,1.2495,-72.5156,4.2775,0.0016,0.0001,0.0003,80830,4,176,1,2023-10-12,0,12,10,3,-43.6095,-66.8941,0.41857411,0.174020467,-50.14693333333332,-53.79606,0.0,161,3.6723,0,0,1
26444307860,702883673,14989130,1697094931,1697094931,2023-10-12,0.458218637,-38.4188,2.7212,-70.912,4.2455,0.0036,0.0003,8.94e-06,80830,4,176,1,2023-10-12,0,12,10,3,-39.9372,-43.6095,0.449260573,0.41857411,-40.65516666666666,-47.092879999999994,0.0,162,1.5183999999999997,0,0,1
26444307846,702883673,14989130,1697094899,1697094899,2023-10-12,0.388191176,-46.2358,35.2078,-75.5723,4.2568,0.0023,0.0004,8.94e-06,80830,4,176,1,2023-10-12,0,12,10,3,-38.4188,-39.9372,0.458218637,0.449260573,-41.53059999999999,-47.019079999999995,0.0,163,-7.817,1,0,1
26444306960,702883690,14989130,1697093127,1697093127,2023-10-12,0.401600919,-44.8168,11.5294,-74.8945,3.4518,0.0028,0.0004,0.0002,80831,1,60,1,2023-10-12,0,12,10,3,-46.2358,-38.4188,0.388191176,0.458218637,-43.15713333333333,-42.60362,0.0,164,1.418999999999997,0,0,1
26444306241,702883672,14989130,1697091191,1697091191,2023-10-12,0.424183809,-43.7299,0.679,-75.9442,4.285,0.0023,0.0002,8.94e-06,80830,3,183,1,2023-10-12,0,12,10,3,-44.8168,-46.2358,0.401600919,0.388191176,-44.92749999999999,-42.6277,0.0,165,1.0869,0,0,1
26444307902,702883687,14989130,1697095029,1697095029,2023-10-12,0.125179472,-71.0447,31.1576,-81.2106,3.5695,0.0042,0.0003,0.0,80831,4,58,1,2023-10-12,0,12,10,3,-43.7299,-44.8168,0.424183809,0.401600919,-53.19713333333333,-48.8492,0.0,166,-27.314800000000005,1,1,0
26444306215,702883672,14989130,1697091127,1697091127,2023-10-12,0.460219671,-36.7551,6.7618,-68.0927,4.2845,0.0,0.0003,8.94e-06,80830,3,183,1,2023-10-12,0,12,10,3,-71.0447,-43.7299,0.125179472,0.424183809,-50.509899999999995,-48.51646,0.0,167,34.28960000000001,0,0,1
26444306548,702883671,14989130,1697091983,1697091983,2023-10-12,0.458392601,-38.0763,10.9832,-70.3024,3.8348,0.003,0.0003,0.0002,80830,1,182,1,2023-10-12,0,12,10,3,-36.7551,-71.0447,0.460219671,0.125179472,-48.62536666666667,-46.88456,0.0,168,-1.3212000000000046,0,0,1
26444306534,702883671,14989130,1697091952,1697091952,2023-10-12,0.452951218,-40.3472,1.4146,-73.7543,3.755,0.0069,0.0002,0.0002,80830,1,182,1,2023-10-12,0,12,10,3,-38.0763,-36.7551,0.458392601,0.460219671,-38.39286666666666,-45.99064,0.0,169,-2.2708999999999975,0,0,1
26444306510,702883671,14989130,1697091888,1697091888,2023-10-12,0.445561865,-39.5122,1.3222,-71.2653,3.6357,0.0055,0.0003,0.0002,80830,1,182,1,2023-10-12,0,12,10,3,-49.7693,-41.5636,0.364253342,0.301143194,-43.615033333333336,-44.84916,0.0,170,0.8350000000000009,0,0,1
26444306522,702883671,14989130,1697091920,1697091920,2023-10-12,0.336389673,-39.459,34.4089,-59.4611,3.6143,0.0025,0.0003,8.94e-06,80830,1,182,1,2023-10-12,0,12,10,3,-40.3472,-38.0763,0.452951218,0.458392601,-39.29416666666666,-45.13646,0.0,171,0.053199999999996805,1,0,1
26444307911,702883673,14989130,1697095058,1697095058,2023-10-12,0.174020467,-66.8941,2.2986,-80.9876,4.4535,0.0139,0.0003,8.94e-06,80830,4,176,1,2023-10-12,0,12,10,3,-46.6048,-71.9347,0.387815633,0.115006022,-61.81120000000001,-54.45806,0.0,172,-27.43509999999999,0,1,1
26444306642,702883671,14989130,1697092237,1697092237,2023-10-12,0.464262272,-38.77,0.4987,-72.3675,3.8045,0.0034,0.0003,0.0003,80830,1,182,1,2023-10-12,0,12,10,3,-62.5967,-39.459,0.228956548,0.336389673,-46.9419,-43.84984,0.0,173,28.12409999999999,0,0,1
26444306630,702883671,14989130,1697092205,1697092205,2023-10-12,0.357045068,-38.1343,39.2457,-59.311,3.815,0.1433,0.0003,8.94e-06,80830,1,182,1,2023-10-12,0,12,10,3,-58.8459,-41.0599,0.26953222,0.444448053,-46.01336666666666,-43.89728,0.0,174,0.6356999999999999,1,0,1
26444306606,702883671,14989130,1697092142,1697092142,2023-10-12,0.447546697,-39.5024,0.8899,-71.5036,3.8645,0.0016,0.0004,0.0003,80830,1,182,1,2023-10-12,0,12,10,3,-50.5395,-53.3071,0.36586795,0.332306667,-47.782999999999994,-48.06584,0.0,175,-1.3680999999999983,0,0,1
26444306216,702883670,14989130,1697091127,1697091127,2023-10-12,0.43428339,-42.2734,5.0113,-74.7254,4.3037,0.0016,0.0003,8.94e-06,80830,2,179,1,2023-10-12,0,12,10,3,-54.218,-38.6222,0.323246987,0.453250792,-45.037866666666666,-44.44812,0.0,176,-2.771000000000001,0,0,1
26444306229,702883670,14989130,1697091159,1697091159,2023-10-12,0.369032663,-49.8721,1.5684,-79.0407,4.2985,0.0,0.0002,0.0003,80830,2,179,1,2023-10-12,0,12,10,3,-42.2734,-54.218,0.43428339,0.323246987,-48.78783333333333,-46.66854,0.0,177,-7.598700000000001,0,0,1
26444306242,702883670,14989130,1697091191,1697091191,2023-10-12,0.381550831,-48.3049,0.6079,-78.1065,4.3042,0.0016,0.0005,0.0002,80830,2,179,1,2023-10-12,0,12,10,3,-49.8721,-42.2734,0.369032663,0.43428339,-46.8168,-46.658120000000004,0.0,178,1.5671999999999997,0,0,1
26444306255,702883670,14989130,1697091223,1697091223,2023-10-12,0.385386184,-47.781,35.3315,-77.7415,4.313,0.0023,0.0004,0.0002,80830,2,179,1,2023-10-12,0,12,10,3,-48.3049,-49.8721,0.381550831,0.369032663,-48.652666666666654,-48.48988000000001,0.0,179,0.5239000000000047,1,0,1
26444306267,702883670,14989130,1697091254,1697091254,2023-10-12,0.376268193,-48.2421,9.9241,-77.3443,4.312,0.0023,0.0002,0.0001,80830,2,179,1,2023-10-12,0,12,10,3,-47.781,-48.3049,0.385386184,0.381550831,-48.10933333333333,-47.2947,0.0,180,-0.46110000000000184,0,0,1
26444306279,702883670,14989130,1697091286,1697091286,2023-10-12,0.456592563,-38.9803,17.8372,-71.7331,4.2778,0.0023,0.0002,8.94e-06,80830,2,179,1,2023-10-12,0,12,10,3,-48.2421,-47.781,0.376268193,0.385386184,-45.001133333333335,-46.63608,0.0,181,9.261800000000001,1,0,1
26444306291,702883670,14989130,1697091318,1697091318,2023-10-12,0.436621811,-42.0799,0.8165,-74.6921,4.2763,0.0023,0.0002,0.0002,80830,2,179,1,2023-10-12,0,12,10,3,-38.9803,-48.2421,0.456592563,0.376268193,-43.100766666666665,-45.07764,0.0,182,-3.0996000000000024,0,0,1
26444306305,702883670,14989130,1697091349,1697091349,2023-10-12,0.431730595,-41.9068,2.038,-73.7446,4.3145,0.0,0.0004,0.0002,80830,2,179,1,2023-10-12,0,12,10,3,-42.0799,-38.9803,0.436621811,0.456592563,-40.989,-43.79802,0.0,183,0.17310000000000514,0,0,1
26444306315,702883670,14989130,1697091381,1697091381,2023-10-12,0.428833502,-41.7513,2.7046,-73.0983,4.3165,0.0023,0.0005,0.0003,80830,2,179,1,2023-10-12,0,12,10,3,-41.9068,-42.0799,0.431730595,0.436621811,-41.91266666666667,-42.592079999999996,0.0,184,0.15549999999999642,0,0,1
26444306329,702883670,14989130,1697091413,1697091413,2023-10-12,0.419724774,-42.3822,1.3917,-73.0381,4.3448,0.0028,0.0004,0.0002,80830,2,179,1,2023-10-12,0,12,10,3,-41.7513,-41.9068,0.428833502,0.431730595,-42.013433333333325,-41.420100000000005,0.0,185,-0.6308999999999969,0,0,1
26444307486,702883690,14989130,1697094141,1697094141,2023-10-12,0.386548254,-46.8744,1.8543,-76.4109,3.4682,0.0011,0.0003,0.0001,80831,1,60,1,2023-10-12,0,12,10,3,-73.7691,-52.9851,0.099311381,0.341413029,-57.87619999999999,-63.375879999999995,0.0,186,-4.492200000000004,0,0,1
26444306341,702883670,14989130,1697091444,1697091444,2023-10-12,0.41988367,-42.5274,0.8871,-73.3084,4.3948,0.0036,0.0003,8.94e-06,80830,2,179,1,2023-10-12,0,12,10,3,-42.3822,-41.7513,0.419724774,0.428833502,-42.22029999999999,-42.12952,0.0,187,4.347000000000001,0,0,1
26444306800,702883671,14989130,1697092681,1697092681,2023-10-12,0.35150796,-38.4762,50.6284,-59.3318,3.8252,0.1502,0.0003,8.94e-06,80830,1,182,1,2023-10-12,0,12,10,3,-36.8647,-42.5274,0.462536139,0.41988367,-39.28943333333333,-40.40036,0.0,188,4.0512000000000015,1,0,1
26444306810,702883671,14989130,1697092712,1697092712,2023-10-12,0.472987493,-37.5225,0.3929,-71.1985,3.882,0.0028,0.0003,0.0003,80830,1,182,1,2023-10-12,0,12,10,3,-38.4762,-36.8647,0.35150796,0.462536139,-37.621133333333326,-39.5546,0.0,189,0.9536999999999978,0,0,1
26444306820,702883671,14989130,1697092744,1697092744,2023-10-12,0.458938334,-38.2022,1.4231,-70.606,3.8672,0.0016,0.0005,0.0002,80830,1,182,1,2023-10-12,0,12,10,3,-37.5225,-38.4762,0.472987493,0.35150796,-38.06696666666666,-38.718599999999995,0.0,190,-0.6796999999999969,0,0,1
26444307698,702883671,14989130,1697094582,1697094582,2023-10-12,0.46950013,-37.4004,3.6182,-70.5003,4.302,0.0016,0.0003,0.0003,80830,1,182,1,2023-10-12,0,12,10,3,-38.2022,-37.5225,0.458938334,0.472987493,-37.708366666666656,-37.6932,0.0,191,0.8018000000000001,0,0,1
26444307683,702883671,14989130,1697094551,1697094551,2023-10-12,0.464724525,-38.4073,1.0542,-71.7524,4.2957,0.0023,0.0003,8.94e-06,80830,1,182,1,2023-10-12,0,12,10,3,-37.4004,-38.2022,0.46950013,0.458938334,-38.00329999999999,-38.00172,0.0,192,-1.0069000000000017,0,0,1
26444307667,702883671,14989130,1697094519,1697094519,2023-10-12,0.405761819,-44.9622,1.2365,-75.6636,4.2355,0.0028,0.0003,8.94e-06,80830,1,182,1,2023-10-12,0,12,10,3,-38.4073,-37.4004,0.464724525,0.46950013,-40.256633333333326,-39.298919999999995,0.0,193,-6.5549000000000035,0,0,1
26444307652,702883671,14989130,1697094487,1697094487,2023-10-12,0.401062203,-45.3121,1.5783,-75.6541,4.2585,0.0032,0.0003,8.94e-06,80830,1,182,1,2023-10-12,0,12,10,3,-44.9622,-38.4073,0.405761819,0.464724525,-42.89386666666667,-40.85684,0.0,194,-0.3498999999999981,0,0,1
26444307635,702883671,14989130,1697094455,1697094455,2023-10-12,0.465282913,-36.9474,0.6892,-69.0971,4.258,0.0,0.0004,0.0003,80830,1,182,1,2023-10-12,0,12,10,3,-45.3121,-44.9622,0.401062203,0.405761819,-42.40723333333333,-40.60588,0.0,195,8.3647,0,0,1
26444307617,702883671,14989130,1697094424,1697094424,2023-10-12,0.476119827,-35.2048,1.1647,-67.2001,4.293,0.0,0.0006,0.0002,80830,1,182,1,2023-10-12,0,12,10,3,-36.9474,-45.3121,0.465282913,0.401062203,-39.15476666666667,-40.16676,0.0,196,1.742600000000003,0,0,1
26444307602,702883671,14989130,1697094392,1697094392,2023-10-12,0.409962753,-44.8944,57.9691,-76.0874,4.3003,0.0,0.0003,0.0002,80830,1,182,1,2023-10-12,0,12,10,3,-35.2048,-36.9474,0.476119827,0.465282913,-39.01553333333333,-41.46418,0.0,197,-9.689599999999999,1,0,1
26444307715,702883671,14989130,1697094614,1697094614,2023-10-12,0.472617959,-36.5519,17.5204,-69.3082,4.2613,0.0,0.0004,0.0003,80830,1,182,1,2023-10-12,0,12,10,3,-44.8944,-35.2048,0.409962753,0.476119827,-38.8837,-39.78212,0.0,198,8.342499999999994,0,0,1
26444307804,702883673,14989130,1697094804,1697094804,2023-10-12,0.444448053,-41.0599,5.5228,-73.9083,4.2828,0.0,0.0002,8.94e-06,80830,4,176,1,2023-10-12,0,12,10,3,-36.5519,-44.8944,0.472617959,0.409962753,-40.83539999999999,-38.93168,0.0,199,-4.507999999999996,0,0,1
26444307832,702883673,14989130,1697094868,1697094868,2023-10-12,0.429003615,-41.5228,3.737,-72.7199,4.2687,0.0,0.0002,0.0002,80830,4,176,1,2023-10-12,0,12,10,3,-39.5122,-49.7693,0.445561865,0.364253342,-43.60143333333334,-44.034940000000006,0.0,200,-0.46289999999999765,0,0,1
26444306203,702883670,14989130,1697091096,1697091096,2023-10-12,0.323246987,-54.218,37.3307,-80.1149,4.2995,0.0016,0.0003,8.94e-06,80830,2,179,1,2023-10-12,0,12,10,3,-38.6222,-48.357,0.453250792,0.381629576,-47.065733333333334,-48.51278000000001,0.0,201,-12.695200000000007,1,0,1
26444306149,702883670,14989130,1697090969,1697090969,2023-10-12,0.381629576,-48.357,27.3359,-78.2007,4.421,0.0036,0.0002,0.0002,80830,2,179,1,2023-10-12,0,12,10,3,-38.77,-62.5967,0.464262272,0.228956548,-49.90789999999999,-45.90598,0.0,202,5.861000000000004,1,0,1
26444306618,702883671,14989130,1697092173,1697092173,2023-10-12,0.453250792,-38.6222,1.3573,-70.6397,3.902,0.0011,0.0004,0.0003,80830,1,182,1,2023-10-12,0,12,10,3,-48.357,-38.77,0.381629576,0.464262272,-41.916399999999996,-45.56098000000001,0.0,203,9.7348,0,0,1
26444306174,702883670,14989130,1697091032,1697091032,2023-10-12,0.332306667,-53.3071,1.6005,-79.8377,4.324,0.0,0.0004,0.0002,80830,2,179,1,2023-10-12,0,12,10,3,-38.1343,-58.8459,0.357045068,0.26953222,-50.09576666666666,-45.57982,0.0,204,-14.684899999999999,0,0,1
26444306688,702883671,14989130,1697092364,1697092364,2023-10-12,0.452814423,-40.1423,1.0721,-73.3614,3.8725,0.0025,0.0002,0.0002,80830,1,182,1,2023-10-12,0,12,10,3,-39.5024,-50.5395,0.447546697,0.36586795,-43.39473333333333,-44.325120000000005,0.0,205,13.1648,0,0,1
26444306098,702883670,14989130,1697090842,1697090842,2023-10-12,0.301038122,-56.4288,6.0316,-80.7323,4.5985,0.0042,0.0004,0.0002,80830,2,179,1,2023-10-12,0,12,10,3,-40.1423,-39.5024,0.452814423,0.447546697,-45.35783333333333,-47.98402,0.0,206,-16.286500000000004,0,0,1
26444306109,702883670,14989130,1697090874,1697090874,2023-10-12,0.307383423,-55.8508,8.2654,-80.6374,4.5278,0.0084,0.0003,8.94e-06,80830,2,179,1,2023-10-12,0,12,10,3,-56.4288,-40.1423,0.301038122,0.452814423,-50.8073,-48.49276,0.0,207,0.578000000000003,1,0,1
26444306123,702883670,14989130,1697090906,1697090906,2023-10-12,0.429871491,-42.0622,1.3826,-73.7767,4.596,0.0028,0.0002,8.94e-06,80830,2,179,1,2023-10-12,0,12,10,3,-55.8508,-56.4288,0.307383423,0.301038122,-51.44726666666666,-46.7973,0.0,208,13.788600000000002,0,0,1
26444306398,702883670,14989130,1697091603,1697091603,2023-10-12,0.431543574,-40.9873,1.0581,-72.1028,4.0795,0.0076,0.0004,0.0003,80830,2,179,1,2023-10-12,0,12,10,3,-42.0622,-55.8508,0.429871491,0.307383423,-46.30009999999999,-47.09428,0.0,209,1.0748999999999995,0,0,1
26444306410,702883670,14989130,1697091635,1697091635,2023-10-12,0.438591505,-40.8871,1.5884,-72.8295,3.9742,0.0,0.0002,8.94e-06,80830,2,179,1,2023-10-12,0,12,10,3,-40.9873,-42.0622,0.431543574,0.429871491,-41.31219999999999,-47.24324,0.0,210,0.10020000000000095,0,0,1
26444306421,702883670,14989130,1697091666,1697091666,2023-10-12,0.448206414,-40.3573,1.1821,-73.1384,3.934,0.0,0.0003,0.0002,80830,2,179,1,2023-10-12,0,12,10,3,-40.8871,-40.9873,0.438591505,0.431543574,-40.7439,-44.02894,0.0,211,0.5297999999999945,0,0,1
26444306433,702883670,14989130,1697091698,1697091698,2023-10-12,0.43875207,-40.7773,1.1822,-72.6547,3.9097,0.0011,0.0003,0.0003,80830,2,179,1,2023-10-12,0,12,10,3,-40.3573,-40.8871,0.448206414,0.438591505,-40.673899999999996,-41.014239999999994,0.0,212,-0.4199999999999946,0,0,1
26444306447,702883670,14989130,1697091730,1697091730,2023-10-12,0.292184147,-41.7525,38.2222,-58.9878,3.8192,0.1462,0.0003,8.94e-06,80830,2,179,1,2023-10-12,0,12,10,3,-40.7773,-40.3573,0.43875207,0.448206414,-40.96236666666666,-40.9523,0.0,213,-0.975200000000001,1,0,1
26444306460,702883670,14989130,1697091761,1697091761,2023-10-12,0.440736783,-40.3547,1.3208,-72.1569,3.863,0.0025,0.0002,8.94e-06,80830,2,179,1,2023-10-12,0,12,10,3,-41.7525,-40.7773,0.292184147,0.43875207,-40.961499999999994,-40.825779999999995,0.0,214,1.3977999999999966,0,0,1
26444306472,702883670,14989130,1697091793,1697091793,2023-10-12,0.446668218,-40.4148,1.1365,-73.039,3.8365,0.0028,0.0003,0.0002,80830,2,179,1,2023-10-12,0,12,10,3,-40.3547,-41.7525,0.440736783,0.292184147,-40.840666666666664,-40.73132,0.0,215,-0.06009999999999849,0,0,1
26444306386,702883670,14989130,1697091571,1697091571,2023-10-12,0.429886361,-41.5297,1.4168,-72.8446,4.238,0.0,0.0004,0.0002,80830,2,179,1,2023-10-12,0,12,10,3,-40.4148,-40.3547,0.446668218,0.440736783,-40.7664,-40.9658,0.0,216,-1.1148999999999987,0,0,1
26444306484,702883670,14989130,1697091825,1697091825,2023-10-12,0.438359693,-40.5497,1.4398,-72.1987,3.807,0.0032,0.0003,0.0002,80830,2,179,1,2023-10-12,0,12,10,3,-41.5297,-40.4148,0.429886361,0.446668218,-40.831399999999995,-40.92028,0.0,217,0.9799999999999969,0,0,1
26444306508,702883670,14989130,1697091888,1697091888,2023-10-12,0.435230993,-41.9873,1.005,-74.3442,3.7738,0.0075,0.0002,-0.0001,80830,2,179,1,2023-10-12,0,12,10,3,-40.5497,-41.5297,0.438359693,0.429886361,-41.35556666666667,-40.967240000000004,0.0,218,-1.4375999999999962,0,0,1
26444306520,702883670,14989130,1697091920,1697091920,2023-10-12,0.439293647,-40.592,1.7213,-72.3944,3.7268,0.008,0.0005,0.0002,80830,2,179,1,2023-10-12,0,12,10,3,-41.9873,-40.5497,0.435230993,0.438359693,-41.043,-41.0147,0.0,219,1.3952999999999989,0,0,1
26444306532,702883670,14989130,1697091952,1697091952,2023-10-12,0.427519987,-42.2121,1.5394,-73.7355,3.831,0.0,0.0003,0.0002,80830,2,179,1,2023-10-12,0,12,10,3,-40.592,-41.9873,0.439293647,0.435230993,-41.597133333333325,-41.374159999999996,0.0,220,-1.6201000000000008,0,0,1
26444306546,702883670,14989130,1697091983,1697091983,2023-10-12,0.304616241,-40.9782,38.2165,-58.9289,3.8038,0.1358,0.0003,8.94e-06,80830,2,179,1,2023-10-12,0,12,10,3,-42.2121,-40.592,0.427519987,0.439293647,-41.26076666666666,-41.26386,0.0,221,1.2338999999999984,1,0,1
26444306558,702883670,14989130,1697092015,1697092015,2023-10-12,0.4382008,-42.2973,1.1062,-75.289,3.926,0.0016,0.0003,0.0003,80830,2,179,1,2023-10-12,0,12,10,3,-40.9782,-42.2121,0.304616241,0.427519987,-41.82919999999999,-41.61338,0.0,222,-1.3190999999999988,0,0,1
26444306571,702883670,14989130,1697092047,1697092047,2023-10-12,0.438744701,-41.0446,1.4766,-73.13,3.931,0.0016,0.0004,0.0003,80830,2,179,1,2023-10-12,0,12,10,3,-42.2973,-40.9782,0.4382008,0.304616241,-41.44003333333333,-41.42484,0.0,223,1.2526999999999973,0,0,1
26444306583,702883670,14989130,1697092078,1697092078,2023-10-12,0.436966205,-40.8923,1.1458,-72.6285,3.9108,0.0011,0.0004,0.0003,80830,2,179,1,2023-10-12,0,12,10,3,-41.0446,-42.2973,0.438744701,0.4382008,-41.41139999999999,-41.4849,0.0,224,0.15230000000000388,0,0,1
26444306496,702883670,14989130,1697091856,1697091856,2023-10-12,0.43205731,-40.6944,1.8438,-71.6523,3.769,0.0081,0.0003,0.0002,80830,2,179,1,2023-10-12,0,12,10,3,-40.8923,-41.0446,0.436966205,0.438744701,-40.87709999999999,-41.18136,0.0,225,0.19789999999999708,0,0,1
26444306376,702883670,14989130,1697091539,1697091539,2023-10-12,0.429986906,-42.1397,1.453,-73.9276,4.2942,0.0016,0.0004,0.0004,80830,2,179,1,2023-10-12,0,12,10,3,-40.6944,-40.8923,0.43205731,0.436966205,-41.24213333333333,-41.41366,0.0,226,-1.445299999999996,0,0,1
26444306364,702883670,14989130,1697091508,1697091508,2023-10-12,0.445053234,-40.8074,0.8654,-73.5339,4.3528,0.0,0.0003,0.0002,80830,2,179,1,2023-10-12,0,12,10,3,-42.1397,-40.6944,0.429986906,0.43205731,-41.213833333333326,-41.11568,0.0,227,1.3322999999999965,0,0,1
26444306352,702883670,14989130,1697091476,1697091476,2023-10-12,0.427794647,-42.8722,1.2794,-74.9245,4.4275,0.0028,0.0004,8.94e-06,80830,2,179,1,2023-10-12,0,12,10,3,-40.8074,-42.1397,0.445053234,0.429986906,-41.939766666666664,-41.4812,0.0,228,-2.064799999999998,0,0,1
26444306136,702883670,14989130,1697090937,1697090937,2023-10-12,0.36586795,-50.5395,1.7836,-79.6987,4.5875,0.0083,0.0002,0.0002,80830,2,179,1,2023-10-12,0,12,10,3,-53.3071,-38.1343,0.332306667,0.357045068,-47.32696666666666,-48.377340000000004,0.0,229,-7.667299999999997,0,0,1
26444306189,702883670,14989130,1697091064,1697091064,2023-10-12,0.26953222,-58.8459,3.0821,-80.5592,4.28,0.0,0.0004,0.0003,80830,2,179,1,2023-10-12,0,12,10,3,-41.0599,-36.5519,0.444448053,0.472617959,-45.485899999999994,-43.31138,0.0,230,-8.306400000000004,0,0,1
26444306162,702883670,14989130,1697091001,1697091001,2023-10-12,0.340716416,-52.7415,2.537,-79.9982,4.368,0.0016,0.0003,0.0002,80830,2,179,1,2023-10-12,0,12,10,3,-42.8722,-40.8074,0.427794647,0.445053234,-45.4737,-43.85104,0.0,231,6.104399999999998,0,0,1
26444307422,702883690,14989130,1697094014,1697094014,2023-10-12,0.340500343,-52.5182,12.2917,-79.6334,3.4598,0.0,0.0003,0.0002,80831,1,60,1,2023-10-12,0,12,10,3,-54.8639,-55.5597,0.315860289,0.308765513,-54.31393333333333,-56.48891999999999,0.0,232,0.22330000000000183,1,0,1
26444307408,702883690,14989130,1697093983,1697093983,2023-10-12,0.368395641,-50.1029,6.6309,-79.3264,3.468,0.0023,0.0003,0.0,80831,1,60,1,2023-10-12,0,12,10,3,-41.7859,-52.7415,0.425411698,0.340716416,-48.21009999999999,-45.66198,0.0,233,2.415300000000002,0,0,1
26444306570,702883673,14989130,1697092047,1697092047,2023-10-12,0.280619793,-58.2057,9.4568,-80.9109,3.9453,0.0025,0.0005,0.0003,80830,4,176,1,2023-10-12,0,12,10,3,-47.6175,-50.1029,0.390117385,0.368395641,-51.975366666666666,-50.0907,0.0,234,-8.102800000000002,1,0,1
26444306595,702883673,14989130,1697092110,1697092110,2023-10-12,0.274865967,-58.5917,6.9963,-80.8012,3.9137,0.002,0.0002,8.94e-06,80830,4,176,1,2023-10-12,0,12,10,3,-58.2057,-47.6175,0.280619793,0.390117385,-54.804966666666665,-51.26074,0.0,235,-0.3860000000000028,0,0,1
26444306797,702883673,14989130,1697092681,1697092681,2023-10-12,0.380435624,-48.0093,2.1351,-77.4888,3.9355,0.0,0.0004,0.0003,80830,4,176,1,2023-10-12,0,12,10,3,-58.5917,-58.2057,0.274865967,0.280619793,-54.93556666666666,-52.50542,0.0,236,10.5824,0,0,1
26444306786,702883673,14989130,1697092649,1697092649,2023-10-12,0.388766008,-47.1718,2.0021,-77.1747,3.9693,0.0025,0.0006,0.0003,80830,4,176,1,2023-10-12,0,12,10,3,-48.0093,-58.5917,0.380435624,0.274865967,-51.2576,-51.919200000000004,0.0,237,0.8375000000000057,0,0,1
26444306774,702883673,14989130,1697092617,1697092617,2023-10-12,0.396101038,-46.6489,2.5316,-77.2462,4.0563,0.0032,0.0003,0.0003,80830,4,176,1,2023-10-12,0,12,10,3,-47.1718,-48.0093,0.388766008,0.380435624,-47.276666666666664,-51.725480000000005,0.0,238,0.5228999999999999,0,0,1
26444306765,702883673,14989130,1697092585,1697092585,2023-10-12,0.378963455,-48.6035,3.0208,-78.2619,4.1865,0.0023,0.0003,8.94e-06,80830,4,176,1,2023-10-12,0,12,10,3,-46.6489,-47.1718,0.396101038,0.388766008,-47.474733333333326,-49.80504,0.0,239,-1.9545999999999992,0,0,1
26444306752,702883673,14989130,1697092554,1697092554,2023-10-12,0.40384917,-44.4654,10.2545,-74.5875,4.2315,0.0016,0.0003,8.94e-06,80830,4,176,1,2023-10-12,0,12,10,3,-48.6035,-46.6489,0.378963455,0.396101038,-46.572599999999994,-46.97978,0.0,240,4.138099999999994,1,0,1
26444306740,702883673,14989130,1697092522,1697092522,2023-10-12,0.402262012,-45.097,1.7311,-75.4461,4.209,0.0023,0.0003,0.0002,80830,4,176,1,2023-10-12,0,12,10,3,-44.4654,-48.6035,0.40384917,0.378963455,-46.055299999999995,-46.39732,0.0,241,-0.6315999999999988,0,0,1
26444306729,702883673,14989130,1697092490,1697092490,2023-10-12,0.363706912,-50.0155,15.5691,-78.6045,4.2127,0.0042,0.0002,0.0002,80830,4,176,1,2023-10-12,0,12,10,3,-45.097,-44.4654,0.402262012,0.40384917,-46.52596666666667,-46.966060000000006,0.0,242,-4.918500000000002,1,0,1
26444306719,702883673,14989130,1697092459,1697092459,2023-10-12,0.378952658,-48.8196,1.5964,-78.6085,4.0803,0.0053,0.0002,8.94e-06,80830,4,176,1,2023-10-12,0,12,10,3,-50.0155,-45.097,0.363706912,0.402262012,-47.97736666666666,-47.4002,0.0,243,1.1959000000000017,0,0,1
26444306582,702883673,14989130,1697092078,1697092078,2023-10-12,0.285548393,-57.7099,5.6547,-80.7751,3.9217,0.0034,0.0004,0.0002,80830,4,176,1,2023-10-12,0,12,10,3,-48.8196,-50.0155,0.378952658,0.363706912,-52.181666666666665,-49.22148,0.0,244,-8.890299999999996,0,0,1
26444306709,702883673,14989130,1697092427,1697092427,2023-10-12,0.403809218,-44.9473,10.3933,-75.3908,4.0445,0.0039,0.0003,8.94e-06,80830,4,176,1,2023-10-12,0,12,10,3,-57.7099,-48.8196,0.285548393,0.378952658,-50.49226666666666,-49.317859999999996,0.0,245,12.762599999999999,1,0,1
26444306689,702883673,14989130,1697092364,1697092364,2023-10-12,0.30363452,-55.8967,4.4394,-80.2692,3.909,0.0025,0.0002,0.0002,80830,4,176,1,2023-10-12,0,12,10,3,-44.9473,-57.7099,0.403809218,0.285548393,-52.85129999999999,-51.4778,0.0,246,-10.949400000000004,0,0,1
26444306678,702883673,14989130,1697092332,1697092332,2023-10-12,0.3567267,-51.0759,3.1281,-79.4,3.888,0.0023,0.0002,8.94e-06,80830,4,176,1,2023-10-12,0,12,10,3,-55.8967,-44.9473,0.30363452,0.403809218,-50.63996666666666,-51.689879999999995,0.0,247,4.8208000000000055,0,0,1
26444306667,702883673,14989130,1697092300,1697092300,2023-10-12,0.3942573,-45.9494,10.5437,-75.8563,3.8662,0.0,0.0004,0.0003,80830,4,176,1,2023-10-12,0,12,10,3,-51.0759,-55.8967,0.3567267,0.30363452,-50.97399999999999,-51.115840000000006,0.0,248,5.1265,1,0,1
26444306655,702883673,14989130,1697092268,1697092268,2023-10-12,0.31761759,-54.5938,2.6955,-80.0047,3.8635,0.0016,0.0003,0.0002,80830,4,176,1,2023-10-12,0,12,10,3,-45.9494,-51.0759,0.3942573,0.3567267,-50.53969999999999,-50.49262,0.0,249,-8.644400000000005,0,0,1
26444306643,702883673,14989130,1697092237,1697092237,2023-10-12,0.337432528,-52.9781,3.3937,-79.9588,3.8708,0.0023,0.0002,-0.0001,80830,4,176,1,2023-10-12,0,12,10,3,-54.5938,-45.9494,0.31761759,0.3942573,-51.173766666666666,-52.09878,0.0,250,1.615700000000004,0,0,1
26444306631,702883673,14989130,1697092205,1697092205,2023-10-12,0.332621512,-53.1912,2.8889,-79.7017,3.921,0.002,0.0003,8.94e-06,80830,4,176,1,2023-10-12,0,12,10,3,-52.9781,-54.5938,0.337432528,0.31761759,-53.58769999999999,-51.557680000000005,0.0,251,-0.21310000000000429,0,0,1
26444306619,702883673,14989130,1697092173,1697092173,2023-10-12,0.324510004,-53.8708,3.2501,-79.7507,3.938,0.0025,0.0003,0.0003,80830,4,176,1,2023-10-12,0,12,10,3,-53.1912,-52.9781,0.332621512,0.337432528,-53.3467,-52.11666,0.0,252,-0.6796000000000006,0,0,1
26444306607,702883673,14989130,1697092142,1697092142,2023-10-12,0.289225479,-57.2128,5.2779,-80.4936,3.9038,0.0,0.0003,0.0002,80830,4,176,1,2023-10-12,0,12,10,3,-53.8708,-53.1912,0.324510004,0.332621512,-54.758266666666664,-54.36934,0.0,253,-3.3419999999999987,0,0,1
26444306699,702883673,14989130,1697092395,1697092395,2023-10-12,0.408922805,-44.8627,32.4132,-75.8999,3.9333,0.008,0.0004,0.0002,80830,4,176,1,2023-10-12,0,12,10,3,-57.2128,-53.8708,0.289225479,0.324510004,-51.982099999999996,-52.42312,0.0,254,12.350100000000005,1,0,1
26444307903,702883690,14989130,1697095029,1697095029,2023-10-12,0.18744527,-66.8102,18.765,-82.2224,3.5278,0.002,0.0003,0.0004,80831,1,60,1,2023-10-12,0,12,10,3,-44.8627,-57.2128,0.408922805,0.289225479,-56.29523333333333,-55.18954,0.0,255,-21.947499999999998,1,1,1
26444307464,702883673,14989130,1697094107,1697094107,2023-10-12,0.43249084,-40.6252,13.883,-71.5851,4.272,0.0,0.0006,0.0003,80830,4,176,1,2023-10-12,0,12,10,3,-66.8102,-44.8627,0.18744527,0.408922805,-50.766033333333326,-52.67634,0.0,256,26.184999999999995,0,0,1
26444307496,702883673,14989130,1697094170,1697094170,2023-10-12,0.431922739,-41.181,2.9879,-72.4919,4.2588,0.0028,0.0002,8.94e-06,80830,4,176,1,2023-10-12,0,12,10,3,-40.6252,-66.8102,0.43249084,0.18744527,-49.53879999999999,-50.13838,0.0,257,-0.5557999999999979,0,0,1
26444307452,702883690,14989130,1697094078,1697094078,2023-10-12,0.334086784,-53.3826,28.2934,-80.1645,3.4425,0.002,0.0003,0.0002,80831,1,60,1,2023-10-12,0,12,10,3,-41.181,-40.6252,0.431922739,0.43249084,-45.062933333333326,-49.372339999999994,0.0,258,-12.2016,1,0,1
26444307449,702883673,14989130,1697094075,1697094075,2023-10-12,0.435107156,-41.1982,13.3291,-72.931,4.2687,0.0,0.0006,0.0002,80830,4,176,1,2023-10-12,0,12,10,3,-53.3826,-41.181,0.334086784,0.431922739,-45.25393333333332,-48.63943999999999,0.0,259,12.184399999999997,0,0,1
26444307439,702883690,14989130,1697094046,1697094046,2023-10-12,0.368484518,-50.2243,20.8851,-79.5298,3.445,0.0039,0.0003,-0.0001,80831,1,60,1,2023-10-12,0,12,10,3,-41.1982,-53.3826,0.435107156,0.334086784,-48.26836666666666,-45.32226,0.0,260,-9.0261,1,0,1
26444306436,702883673,14989130,1697091698,1697091698,2023-10-12,0.256926809,-60.1303,5.3871,-80.9211,3.9213,0.0039,0.0006,0.0003,80830,4,176,1,2023-10-12,0,12,10,3,-50.2243,-41.1982,0.368484518,0.435107156,-50.517599999999995,-49.22328,0.0,261,-9.905999999999999,0,1,1
26444306350,702883673,14989130,1697091476,1697091476,2023-10-12,0.342377725,-52.0074,0.8865,-79.084,4.4802,0.0057,0.0003,0.0002,80830,4,176,1,2023-10-12,0,12,10,3,-60.1303,-50.2243,0.256926809,0.368484518,-54.12066666666666,-51.38856,0.0,262,8.122900000000001,0,0,1
26444307231,702883673,14989130,1697093631,1697093631,2023-10-12,0.444064792,-40.2039,4.7061,-72.3176,4.0168,0.0039,0.0001,8.94e-06,80830,4,176,1,2023-10-12,0,12,10,3,-52.0074,-60.1303,0.342377725,0.256926809,-50.780533333333324,-48.75282,0.0,263,11.8035,0,0,1
26444307215,702883673,14989130,1697093600,1697093600,2023-10-12,0.261122907,-59.6112,2.8068,-80.6781,3.9462,0.0056,0.0003,0.0002,80830,4,176,1,2023-10-12,0,12,10,3,-40.2039,-52.0074,0.444064792,0.342377725,-50.607499999999995,-52.43542,0.0,264,-19.4073,0,0,1
26444307199,702883673,14989130,1697093568,1697093568,2023-10-12,0.397060432,-46.306,7.4604,-76.8004,3.9248,0.0,0.0003,0.0002,80830,4,176,1,2023-10-12,0,12,10,3,-59.6112,-40.2039,0.261122907,0.444064792,-48.70703333333333,-51.65176,0.0,265,13.3052,1,0,1
26444307183,702883673,14989130,1697093536,1697093536,2023-10-12,0.39987059,-46.838,34.6073,-78.0465,3.902,0.0023,0.0002,8.94e-06,80830,4,176,1,2023-10-12,0,12,10,3,-46.306,-59.6112,0.397060432,0.261122907,-50.91839999999999,-48.9933,0.0,266,-0.5320000000000036,1,0,1
26444307167,702883673,14989130,1697093505,1697093505,2023-10-12,0.370215372,-49.1494,1.8603,-78.0416,3.8915,0.0016,0.0003,8.94e-06,80830,4,176,1,2023-10-12,0,12,10,3,-46.838,-46.306,0.39987059,0.397060432,-47.43113333333333,-48.4217,0.0,267,-2.311399999999999,0,0,1
26444307296,702883673,14989130,1697093758,1697093758,2023-10-12,0.381945438,-47.9674,4.0043,-77.6103,4.1883,0.0039,0.0002,8.94e-06,80830,4,176,1,2023-10-12,0,12,10,3,-49.1494,-46.838,0.370215372,0.39987059,-47.98493333333332,-49.974399999999996,0.0,268,1.1820000000000022,0,0,1
26444306827,702883673,14989130,1697092776,1697092776,2023-10-12,0.36594713,-49.8992,2.1493,-78.6988,3.8965,0.0,0.0003,0.0002,80830,4,176,1,2023-10-12,0,12,10,3,-47.9674,-49.1494,0.381945438,0.370215372,-49.00533333333333,-48.032,0.0,269,-1.9318000000000026,0,0,1
26444306817,702883673,14989130,1697092744,1697092744,2023-10-12,0.372836914,-49.2244,1.9316,-78.4874,3.905,0.0011,0.0003,0.0002,80830,4,176,1,2023-10-12,0,12,10,3,-49.8992,-47.9674,0.36594713,0.381945438,-49.030333333333324,-48.61568,0.0,270,0.6747999999999976,0,0,1
26444306807,702883673,14989130,1697092712,1697092712,2023-10-12,0.38712447,-47.8266,2.363,-78.0364,3.9165,0.0011,0.0002,8.94e-06,80830,4,176,1,2023-10-12,0,12,10,3,-49.2244,-49.8992,0.372836914,0.36594713,-48.983399999999996,-48.8134,0.0,271,1.3978000000000037,0,0,1
26444306549,702883673,14989130,1697091983,1697091983,2023-10-12,0.299614283,-56.2173,8.9352,-80.2662,3.8857,0.0016,0.0003,8.94e-06,80830,4,176,1,2023-10-12,0,12,10,3,-47.8266,-49.2244,0.38712447,0.372836914,-51.089433333333325,-50.226980000000005,0.0,272,-8.390700000000002,1,0,1
26444306535,702883673,14989130,1697091952,1697091952,2023-10-12,0.338881085,-52.8037,2.8041,-79.8702,3.8532,0.0,0.0003,0.0002,80830,4,176,1,2023-10-12,0,12,10,3,-56.2173,-47.8266,0.299614283,0.38712447,-52.28253333333333,-51.19424,0.0,273,3.4136000000000024,0,0,1
26444306523,702883673,14989130,1697091920,1697091920,2023-10-12,0.302650801,-55.9447,4.1411,-80.2248,3.794,0.0065,0.0006,0.0003,80830,4,176,1,2023-10-12,0,12,10,3,-52.8037,-56.2173,0.338881085,0.299614283,-54.98856666666666,-52.40334,0.0,274,-3.1409999999999982,0,0,1
26444306511,702883673,14989130,1697091888,1697091888,2023-10-12,0.295055485,-56.8174,4.0405,-80.5984,3.8127,0.0042,0.0003,8.94e-06,80830,4,176,1,2023-10-12,0,12,10,3,-55.9447,-52.8037,0.302650801,0.338881085,-55.1886,-53.92193999999999,0.0,275,-0.8727000000000018,0,0,1
26444306499,702883673,14989130,1697091856,1697091856,2023-10-12,0.247009261,-60.6461,2.869,-80.5403,3.8087,0.0041,0.0003,0.0003,80830,4,176,1,2023-10-12,0,12,10,3,-56.8174,-55.9447,0.295055485,0.302650801,-57.80273333333332,-56.48584000000001,0.0,276,-3.8286999999999978,0,1,1
26444306254,702883672,14989130,1697091223,1697091223,2023-10-12,0.385125204,-48.1498,87.9576,-78.3083,4.2947,0.0016,0.0003,0.0002,80830,3,183,1,2023-10-12,0,12,10,3,-60.6461,-56.8174,0.247009261,0.295055485,-55.20443333333333,-54.872339999999994,0.0,277,12.496299999999998,1,0,1
26444306475,702883673,14989130,1697091793,1697091793,2023-10-12,0.273110928,-58.7684,6.2519,-80.8492,3.8585,0.0034,0.0002,8.94e-06,80830,4,176,1,2023-10-12,0,12,10,3,-48.1498,-60.6461,0.385125204,0.247009261,-55.85476666666667,-56.065279999999994,0.0,278,-10.6186,0,0,1
26444306463,702883673,14989130,1697091761,1697091761,2023-10-12,0.25780848,-59.855,6.7401,-80.6463,3.88,0.0023,0.0002,0.0001,80830,4,176,1,2023-10-12,0,12,10,3,-58.7684,-48.1498,0.273110928,0.385125204,-55.591066666666656,-56.847339999999996,0.0,279,-1.0865999999999971,0,0,1
26444306561,702883673,14989130,1697092015,1697092015,2023-10-12,0.351544342,-51.6718,2.0317,-79.6844,3.9398,0.0011,0.0003,8.94e-06,80830,4,176,1,2023-10-12,0,12,10,3,-59.855,-58.7684,0.25780848,0.273110928,-56.765066666666655,-55.81822,0.0,280,8.1832,0,0,1
26444306450,702883673,14989130,1697091730,1697091730,2023-10-12,0.246088614,-61.0047,8.005,-80.9176,3.9032,0.0,0.0004,0.0003,80830,4,176,1,2023-10-12,0,12,10,3,-51.6718,-59.855,0.351544342,0.25780848,-57.5105,-55.88994,0.0,281,-9.332900000000002,0,1,1
26444306423,702883673,14989130,1697091666,1697091666,2023-10-12,0.257326565,-60.0398,4.1091,-80.8428,3.9497,0.0,0.0003,8.94e-06,80830,4,176,1,2023-10-12,0,12,10,3,-61.0047,-51.6718,0.246088614,0.351544342,-57.5721,-58.267939999999996,0.0,282,0.9649000000000001,0,1,1
26444306412,702883673,14989130,1697091635,1697091635,2023-10-12,0.241645153,-61.7451,47.833,-81.4198,4.0003,0.0075,0.0003,8.94e-06,80830,4,176,1,2023-10-12,0,12,10,3,-60.0398,-61.0047,0.257326565,0.246088614,-60.92986666666666,-58.863279999999996,0.0,283,-1.7053000000000011,1,1,1
26444306400,702883673,14989130,1697091603,1697091603,2023-10-12,0.246820609,-60.7989,4.7236,-80.723,4.1642,0.008,0.0003,0.0002,80830,4,176,1,2023-10-12,0,12,10,3,-61.7451,-60.0398,0.241645153,0.257326565,-60.861266666666666,-59.05206,0.0,284,0.9461999999999975,0,1,1
26444306387,702883673,14989130,1697091571,1697091571,2023-10-12,0.250497244,-60.5563,2.7697,-80.7953,4.2585,0.0039,0.0006,0.0003,80830,4,176,1,2023-10-12,0,12,10,3,-60.7989,-61.7451,0.246820609,0.241645153,-61.033433333333335,-60.82896000000001,0.0,285,0.24260000000000304,0,1,1
26444306374,702883673,14989130,1697091539,1697091539,2023-10-12,0.271271302,-58.9465,2.5103,-80.8895,4.3063,0.0016,0.0003,8.94e-06,80830,4,176,1,2023-10-12,0,12,10,3,-60.5563,-60.7989,0.250497244,0.246820609,-60.10056666666666,-60.41732,0.0,286,1.6098,0,0,1
26444306362,702883673,14989130,1697091508,1697091508,2023-10-12,0.308765513,-55.5597,1.3835,-80.3775,4.3747,0.0016,0.0003,8.94e-06,80830,4,176,1,2023-10-12,0,12,10,3,-58.9465,-60.5563,0.271271302,0.250497244,-58.35416666666666,-59.5213,0.0,287,3.386800000000001,0,0,1
26444306338,702883673,14989130,1697091444,1697091444,2023-10-12,0.315860289,-54.8639,2.611,-80.194,4.433,0.0071,0.0003,0.0002,80830,4,176,1,2023-10-12,0,12,10,3,-55.5597,-58.9465,0.308765513,0.271271302,-56.45669999999999,-58.14506,0.0,288,0.6957999999999984,0,0,1
26444307508,702883673,14989130,1697094202,1697094202,2023-10-12,0.390117385,-47.6175,0.393,-78.0765,4.2685,0.0016,0.0003,0.0002,80830,4,176,1,2023-10-12,0,12,10,3,-50.1029,-41.7859,0.368395641,0.425411698,-46.50209999999999,-47.024,0.0,289,7.246400000000001,0,0,1
26444306789,702883671,14989130,1697092649,1697092649,2023-10-12,0.462536139,-36.8647,1.278,-68.5901,3.9232,0.0016,0.0003,0.0002,80830,1,182,1,2023-10-12,0,12,10,3,-42.5274,-42.3822,0.41988367,0.419724774,-40.59143333333333,-41.08648,0.0,290,10.7528,0,0,1
26444307393,702883690,14989130,1697093951,1697093951,2023-10-12,0.328852351,-53.71,9.8245,-80.0271,3.4682,0.0023,0.0005,0.0002,80831,1,60,1,2023-10-12,0,12,10,3,-33.5448,-52.5182,0.49699726,0.340500343,-46.591,-50.039320000000004,0.0,291,-16.8453,1,0,1
26444307574,702883690,14989130,1697094331,1697094331,2023-10-12,0.183172053,-66.9968,54.8662,-82.0207,3.552,0.0069,0.0004,0.0002,80831,1,60,1,2023-10-12,0,12,10,3,-69.1638,-53.71,0.154525351,0.328852351,-63.29019999999999,-55.186719999999994,0.0,292,-13.286799999999992,1,1,1
26444307558,702883690,14989130,1697094300,1697094300,2023-10-12,0.287256055,-58.1098,88.3862,-81.5297,3.48,0.003,0.0002,0.0001,80831,1,60,1,2023-10-12,0,12,10,3,-66.9968,-69.1638,0.183172053,0.154525351,-64.7568,-56.30504,0.0,293,8.886999999999993,1,0,1
26444307543,702883690,14989130,1697094268,1697094268,2023-10-12,0.261293205,-60.1051,8.682,-81.3653,3.4935,0.002,0.0003,0.0002,80831,1,60,1,2023-10-12,0,12,10,3,-58.1098,-66.9968,0.287256055,0.183172053,-61.73723333333333,-61.61710000000001,0.0,294,-1.9953000000000003,0,1,1
26444307672,702883690,14989130,1697094521,1697094521,2023-10-12,0.095764333,-74.157,7.8679,-82.0107,3.483,0.0108,0.0002,-0.0001,80831,1,60,1,2023-10-12,0,12,10,3,-60.1051,-58.1098,0.261293205,0.287256055,-64.12396666666666,-65.70649999999999,0.0,295,-14.051899999999996,0,1,0
26444307171,702883690,14989130,1697093507,1697093507,2023-10-12,0.371256046,-48.397,1.7313,-76.9741,3.4573,0.0025,0.0003,0.0001,80831,1,60,1,2023-10-12,0,12,10,3,-74.157,-60.1051,0.095764333,0.261293205,-60.88636666666665,-61.55314,0.0,296,25.759999999999998,0,0,1
26444307155,702883690,14989130,1697093476,1697093476,2023-10-12,0.385855463,-48.0008,3.223,-78.1588,3.4482,0.0041,0.0002,0.0,80831,1,60,1,2023-10-12,0,12,10,3,-48.397,-74.157,0.371256046,0.095764333,-56.85159999999999,-57.75394,0.0,297,0.39620000000000033,0,0,1
26444307140,702883690,14989130,1697093444,1697093444,2023-10-12,0.36849442,-48.6546,1.5226,-77.0454,3.445,0.0023,0.0004,0.0002,80831,1,60,1,2023-10-12,0,12,10,3,-48.0008,-48.397,0.385855463,0.371256046,-48.35079999999999,-55.8629,0.0,298,-0.6538000000000039,0,0,1
26444307773,702883673,14989130,1697094741,1697094741,2023-10-12,0.442771999,-39.8374,0.7631,-71.4921,4.2985,0.0,0.0004,0.0002,80830,4,176,1,2023-10-12,0,12,10,3,-48.6546,-48.0008,0.36849442,0.385855463,-45.4976,-51.809360000000005,0.0,299,8.8172,0,0,1
26444307758,702883673,14989130,1697094709,1697094709,2023-10-12,0.448626905,-38.9147,1.4102,-70.5778,4.2755,0.0,0.0005,0.0003,80830,4,176,1,2023-10-12,0,12,10,3,-39.8374,-48.6546,0.442771999,0.36849442,-42.4689,-44.76090000000001,0.0,300,0.922699999999999,0,0,1
26444307742,702883673,14989130,1697094677,1697094677,2023-10-12,0.441757961,-40.6173,1.054,-72.7593,4.28,0.0023,0.0003,0.0003,80830,4,176,1,2023-10-12,0,12,10,3,-38.9147,-39.8374,0.448626905,0.442771999,-39.78979999999999,-43.20496,0.0,301,-1.7025999999999968,0,0,1
26444307729,702883673,14989130,1697094646,1697094646,2023-10-12,0.453158833,-39.3724,6.8321,-71.9997,4.2778,0.0023,0.0003,8.94e-06,80830,4,176,1,2023-10-12,0,12,10,3,-40.6173,-38.9147,0.441757961,0.448626905,-39.63479999999999,-41.47928,0.0,302,1.2449000000000012,1,0,1
26444307713,702883673,14989130,1697094614,1697094614,2023-10-12,0.448778174,-38.9339,14.0404,-70.632,4.3012,0.0,0.0003,8.94e-06,80830,4,176,1,2023-10-12,0,12,10,3,-39.3724,-40.6173,0.453158833,0.441757961,-39.6412,-39.53514,0.0,303,0.43849999999999767,1,0,1
26444307699,702883673,14989130,1697094582,1697094582,2023-10-12,0.427611022,-41.9319,5.8998,-73.2577,4.338,0.0,0.0004,0.0003,80830,4,176,1,2023-10-12,0,12,10,3,-38.9339,-39.3724,0.448778174,0.453158833,-40.07939999999999,-39.954040000000006,0.0,304,-2.9979999999999976,0,0,1
26444307681,702883673,14989130,1697094551,1697094551,2023-10-12,0.433259323,-41.3511,2.9018,-72.963,4.3305,0.0023,0.0006,0.0003,80830,4,176,1,2023-10-12,0,12,10,3,-41.9319,-38.9339,0.427611022,0.448778174,-40.73896666666666,-40.441320000000005,0.0,305,0.5807999999999964,0,0,1
26444307789,702883673,14989130,1697094772,1697094772,2023-10-12,0.43479131,-40.6688,2.7031,-71.9536,4.2808,0.0016,0.0003,8.94e-06,80830,4,176,1,2023-10-12,0,12,10,3,-61.5151,-41.3511,0.241462693,0.433259323,-47.84499999999999,-44.880160000000004,0.0,306,0.682300000000005,0,0,1
26444307650,702883673,14989130,1697094487,1697094487,2023-10-12,0.420017155,-43.6799,0.6772,-75.3124,4.2992,0.0016,0.0003,8.94e-06,80830,4,176,1,2023-10-12,0,12,10,3,-40.6688,-61.5151,0.43479131,0.241462693,-48.621266666666656,-45.82936,0.0,307,-3.011100000000006,0,0,1
26444307619,702883673,14989130,1697094424,1697094424,2023-10-12,0.40706591,-44.8474,0.7622,-75.6364,4.327,0.0,0.0003,0.0002,80830,4,176,1,2023-10-12,0,12,10,3,-43.6799,-40.6688,0.420017155,0.43479131,-43.06536666666667,-46.412459999999996,0.0,308,-1.1674999999999969,0,0,1
26444307600,702883673,14989130,1697094392,1697094392,2023-10-12,0.446933568,-39.5578,42.5694,-71.5245,4.3347,0.0016,0.0003,0.0002,80830,4,176,1,2023-10-12,0,12,10,3,-44.8474,-43.6799,0.40706591,0.420017155,-42.69503333333333,-46.0538,0.0,309,5.2896,1,0,1
26444307587,702883673,14989130,1697094360,1697094360,2023-10-12,0.35997564,-50.5497,1.3512,-78.9809,4.3305,0.0,0.0002,0.0002,80830,4,176,1,2023-10-12,0,12,10,3,-39.5578,-44.8474,0.446933568,0.40706591,-44.98496666666666,-43.86072,0.0,310,-10.991900000000001,0,0,1
26444307572,702883673,14989130,1697094329,1697094329,2023-10-12,0.268095671,-59.078,3.4902,-80.7182,4.2722,0.0039,0.0004,8.94e-06,80830,4,176,1,2023-10-12,0,12,10,3,-50.5497,-39.5578,0.35997564,0.446933568,-49.7285,-47.54256,0.0,311,-8.528300000000002,0,0,1
26444307556,702883673,14989130,1697094297,1697094297,2023-10-12,0.355627249,-50.0927,70.4197,-77.7387,4.2847,0.0032,0.0003,8.94e-06,80830,4,176,1,2023-10-12,0,12,10,3,-59.078,-50.5497,0.268095671,0.35997564,-53.240133333333326,-48.82512,0.0,312,8.985300000000002,1,0,1
26444307541,702883673,14989130,1697094265,1697094265,2023-10-12,0.228854524,-62.1844,5.9199,-80.639,4.2985,0.0028,0.0004,0.0003,80830,4,176,1,2023-10-12,0,12,10,3,-50.0927,-59.078,0.355627249,0.268095671,-57.11836666666667,-52.29252,0.0,313,-12.091699999999996,0,1,1
26444307525,702883673,14989130,1697094234,1697094234,2023-10-12,0.430179633,-41.9516,6.0542,-73.6225,4.2713,0.0016,0.0004,0.0003,80830,4,176,1,2023-10-12,0,12,10,3,-62.1844,-50.0927,0.228854524,0.355627249,-51.409566666666656,-52.771280000000004,0.0,314,20.232799999999997,0,0,1
26444307606,702883690,14989130,1697094395,1697094395,2023-10-12,0.152368171,-69.4736,2.9405,-81.962,3.5227,0.0042,0.0005,0.0002,80831,1,60,1,2023-10-12,0,12,10,3,-41.9516,-62.1844,0.430179633,0.228854524,-57.86986666666666,-56.55606,0.0,315,-27.522000000000006,0,1,0
26444307641,702883690,14989130,1697094458,1697094458,2023-10-12,0.099250934,-73.6048,13.1657,-81.7151,3.5048,0.0094,0.0006,0.0002,80831,1,60,1,2023-10-12,0,12,10,3,-72.077,-69.4736,0.118909397,0.152368171,-71.71846666666666,-63.85828,0.0,316,-4.131199999999993,0,1,0
26444307590,702883690,14989130,1697094363,1697094363,2023-10-12,0.154525351,-69.1638,2.78,-81.8047,3.5538,0.0108,0.0003,0.0002,80831,1,60,1,2023-10-12,0,12,10,3,-53.71,-33.5448,0.328852351,0.49699726,-52.139533333333326,-52.76014,0.0,317,4.4410000000000025,0,1,0
26444307623,702883690,14989130,1697094426,1697094426,2023-10-12,0.118909397,-72.077,23.4091,-81.8043,3.5143,0.002,0.0003,0.0002,80831,1,60,1,2023-10-12,0,12,10,3,-69.4736,-41.9516,0.152368171,0.430179633,-61.167399999999994,-59.155860000000004,0.0,318,-2.9132000000000033,1,1,0
26444307657,702883690,14989130,1697094490,1697094490,2023-10-12,0.118525265,-72.2975,6.6478,-82.0188,3.4973,0.0055,0.0003,0.0001,80831,1,60,1,2023-10-12,0,12,10,3,-73.6048,-72.077,0.099250934,0.118909397,-72.65976666666666,-65.8809,0.0,319,-0.22050000000000125,0,1,0
26444307585,702883671,14989130,1697094360,1697094360,2023-10-12,0.49699726,-33.5448,1.0161,-66.6891,4.2955,0.0023,0.0003,0.0003,80830,1,182,1,2023-10-12,0,12,10,3,-52.5182,-54.8639,0.340500343,0.315860289,-46.97563333333333,-51.086619999999996,0.0,320,38.7527,0,0,1
26444307363,702883690,14989130,1697093888,1697093888,2023-10-12,0.324067758,-54.2001,11.2783,-80.1857,3.4533,0.0025,0.0004,0.0002,80831,1,60,1,2023-10-12,0,12,10,3,-47.4337,-72.2975,0.389706753,0.118525265,-57.977099999999986,-63.922619999999995,0.0,321,-20.655299999999997,1,0,1
26444307348,702883690,14989130,1697093856,1697093856,2023-10-12,0.335569545,-53.5119,1.8932,-80.538,3.4335,0.003,0.0002,-0.0002,80831,1,60,1,2023-10-12,0,12,10,3,-54.2001,-47.4337,0.324067758,0.389706753,-51.71523333333332,-60.2096,0.0,322,0.6882000000000019,0,0,1
26444307332,702883690,14989130,1697093824,1697093824,2023-10-12,0.309766895,-55.5521,5.7259,-80.4831,3.4192,0.003,0.0005,0.0002,80831,1,60,1,2023-10-12,0,12,10,3,-53.5119,-54.2001,0.335569545,0.324067758,-54.421366666666664,-56.599059999999994,0.0,323,-2.040200000000006,0,0,1
26444307316,702883690,14989130,1697093792,1697093792,2023-10-12,0.418747734,-43.9207,8.7007,-75.5622,3.4453,0.0077,0.0003,0.0,80831,1,60,1,2023-10-12,0,12,10,3,-55.5521,-53.5119,0.309766895,0.335569545,-50.994899999999994,-50.9237,0.0,324,11.631400000000006,1,0,1
26444307300,702883690,14989130,1697093761,1697093761,2023-10-12,0.369610889,-48.6395,1.79,-77.1579,3.413,0.0028,0.0003,0.0001,80831,1,60,1,2023-10-12,0,12,10,3,-43.9207,-55.5521,0.418747734,0.309766895,-49.37076666666666,-51.16486,0.0,325,-4.718800000000002,0,0,1
26444307284,702883690,14989130,1697093729,1697093729,2023-10-12,0.390532277,-47.2435,2.9881,-77.516,3.424,0.0032,0.0002,-0.0001,80831,1,60,1,2023-10-12,0,12,10,3,-48.6395,-43.9207,0.369610889,0.418747734,-46.60123333333332,-49.77354,0.0,326,1.3960000000000008,0,0,1
26444307268,702883690,14989130,1697093697,1697093697,2023-10-12,0.378006563,-47.5769,1.9648,-76.491,3.4337,0.0023,0.0004,0.0002,80831,1,60,1,2023-10-12,0,12,10,3,-47.2435,-48.6395,0.390532277,0.369610889,-47.81996666666666,-48.58654,0.0,327,-0.3334000000000046,0,0,1
26444307251,702883690,14989130,1697093666,1697093666,2023-10-12,0.378823112,-48.6971,4.2253,-78.3949,3.4352,0.0037,0.0003,-0.0001,80831,1,60,1,2023-10-12,0,12,10,3,-47.5769,-47.2435,0.378006563,0.390532277,-47.839166666666664,-47.21554,0.0,328,-1.120199999999997,0,0,1
26444307235,702883690,14989130,1697093634,1697093634,2023-10-12,0.372751119,-48.3745,1.7667,-77.1217,3.447,0.0011,0.0005,0.0002,80831,1,60,1,2023-10-12,0,12,10,3,-48.6971,-47.5769,0.378823112,0.378006563,-48.21616666666665,-48.1063,0.0,329,0.32260000000000133,0,0,1
26444307218,702883690,14989130,1697093602,1697093602,2023-10-12,0.385859226,-47.9047,1.3186,-78.0028,3.44,0.0037,0.0002,-0.0001,80831,1,60,1,2023-10-12,0,12,10,3,-48.3745,-48.6971,0.372751119,0.378823112,-48.32543333333333,-47.95934,0.0,330,0.46979999999999933,0,0,1
26444307203,702883690,14989130,1697093571,1697093571,2023-10-12,0.360153006,-49.9645,1.7864,-78.0882,3.4402,0.003,0.0004,0.0002,80831,1,60,1,2023-10-12,0,12,10,3,-47.9047,-48.3745,0.385859226,0.372751119,-48.74789999999999,-48.50354,0.0,331,-2.0598000000000027,0,0,1
26444307637,702883673,14989130,1697094455,1697094455,2023-10-12,0.303851081,-55.7522,1.4597,-80.0866,4.2988,0.0028,0.0003,8.94e-06,80830,4,176,1,2023-10-12,0,12,10,3,-49.9645,-47.9047,0.360153006,0.385859226,-51.207133333333324,-50.138600000000004,0.0,332,-5.787700000000001,0,0,1
26444307480,702883673,14989130,1697094139,1697094139,2023-10-12,0.425411698,-41.7859,10.8229,-72.7232,4.2663,0.0023,0.0003,0.0002,80830,4,176,1,2023-10-12,0,12,10,3,-52.7415,-42.8722,0.340716416,0.427794647,-45.79986666666667,-44.06934,0.0,333,13.966300000000004,1,0,1
26444307467,702883690,14989130,1697094109,1697094109,2023-10-12,0.357944525,-51.515,7.9653,-80.2345,3.4558,0.0016,0.0002,0.0002,80831,1,60,1,2023-10-12,0,12,10,3,-55.7522,-49.9645,0.303851081,0.360153006,-52.41056666666666,-50.70218,0.0,334,-9.729100000000003,1,0,1
26444307528,702883690,14989130,1697094236,1697094236,2023-10-12,0.383017039,-48.7535,26.1532,-79.0192,3.49,0.0034,0.0002,0.0002,80831,1,60,1,2023-10-12,0,12,10,3,-43.9222,-51.515,0.407276157,0.357944525,-48.06356666666667,-49.98148,0.0,335,2.761499999999998,1,0,1
26444307851,702883690,14989130,1697094902,1697094902,2023-10-12,0.129725389,-71.3083,54.2946,-81.9377,3.4895,0.007,0.0004,0.0001,80831,1,60,1,2023-10-12,0,12,10,3,-48.7535,-43.9222,0.383017039,0.407276157,-54.661333333333324,-54.250240000000005,0.0,336,-22.5548,1,1,0
26444307823,702883690,14989130,1697094838,1697094838,2023-10-12,0.167165618,-68.4081,5.1716,-82.1389,3.4785,0.0054,0.0002,0.0001,80831,1,60,1,2023-10-12,0,12,10,3,-71.3083,-48.7535,0.129725389,0.383017039,-62.823299999999996,-56.781420000000004,0.0,337,2.900199999999998,0,1,1
26444307809,702883690,14989130,1697094807,1697094807,2023-10-12,0.133561569,-71.0152,34.0363,-81.9622,3.4747,0.0065,0.0003,0.0004,80831,1,60,1,2023-10-12,0,12,10,3,-68.4081,-71.3083,0.167165618,0.129725389,-70.24386666666665,-60.68146,0.0,338,-2.6070999999999884,1,1,0
26444307779,702883690,14989130,1697094743,1697094743,2023-10-12,0.125894515,-71.652,8.7424,-81.9718,3.4688,0.0057,0.0003,0.0002,80831,1,60,1,2023-10-12,0,12,10,3,-71.0152,-68.4081,0.133561569,0.167165618,-70.35843333333332,-66.22742,0.0,339,-0.636800000000008,0,1,0
26444307764,702883690,14989130,1697094712,1697094712,2023-10-12,0.094718658,-74.1525,3.8959,-81.911,3.4628,0.005,0.0002,0.0002,80831,1,60,1,2023-10-12,0,12,10,3,-71.652,-71.0152,0.125894515,0.133561569,-72.27323333333332,-71.30722,0.0,340,-2.5005000000000024,0,1,0
26444307748,702883690,14989130,1697094680,1697094680,2023-10-12,0.108392551,-73.1119,5.8546,-82.0001,3.4668,0.0125,0.0003,0.0003,80831,1,60,1,2023-10-12,0,12,10,3,-74.1525,-71.652,0.094718658,0.125894515,-72.97213333333332,-71.66794,0.0,341,1.0405999999999977,0,1,0
26444307719,702883690,14989130,1697094617,1697094617,2023-10-12,0.101563992,-73.8571,16.7971,-82.2063,3.466,0.0025,0.0003,0.0002,80831,1,60,1,2023-10-12,0,12,10,3,-73.1119,-74.1525,0.108392551,0.094718658,-73.70716666666665,-72.75774,0.0,342,-0.745199999999997,1,1,0
26444307703,702883690,14989130,1697094585,1697094585,2023-10-12,0.154550915,-69.3937,8.3005,-82.0791,3.483,0.0067,0.0002,0.0002,80831,1,60,1,2023-10-12,0,12,10,3,-73.8571,-73.1119,0.101563992,0.108392551,-72.12089999999999,-72.43343999999999,0.0,343,4.463400000000007,0,1,0
26444307187,702883690,14989130,1697093539,1697093539,2023-10-12,0.341413029,-52.9851,11.6762,-80.4527,3.4478,0.0042,0.0003,0.0,80831,1,60,1,2023-10-12,0,12,10,3,-69.3937,-73.8571,0.154550915,0.101563992,-65.41196666666666,-68.70006000000001,0.0,344,16.408599999999993,1,0,1
26444307688,702883690,14989130,1697094553,1697094553,2023-10-12,0.099311381,-73.7691,10.1659,-81.903,3.4725,0.0157,0.0003,0.0001,80831,1,60,1,2023-10-12,0,12,10,3,-52.9851,-69.3937,0.341413029,0.154550915,-65.38263333333332,-68.62338,0.0,345,-20.783999999999992,0,1,0
26444307378,702883690,14989130,1697093919,1697093919,2023-10-12,0.389706753,-47.4337,9.1006,-77.7228,3.4705,0.0025,0.0004,-0.0001,80831,1,60,1,2023-10-12,0,12,10,3,-72.2975,-73.6048,0.118525265,0.099250934,-64.44533333333332,-66.97731999999999,0.0,346,26.335399999999993,0,0,1
26444307512,702883690,14989130,1697094205,1697094205,2023-10-12,0.407276157,-43.9222,1.3465,-74.1023,3.4857,0.0011,0.0003,0.0004,80831,1,60,1,2023-10-12,0,12,10,3,-51.515,-55.7522,0.357944525,0.303851081,-50.39646666666666,-49.811719999999994,0.0,347,3.511500000000005,0,0,1
26444307539,702883671,14989130,1697094265,1697094265,2023-10-12,0.381390391,-48.1063,2.7257,-77.7652,4.257,0.0032,0.0003,8.94e-06,80830,1,182,1,2023-10-12,0,12,10,3,-46.8744,-73.7691,0.386548254,0.099311381,-56.249933333333324,-58.22572,0.0,348,-4.184100000000001,0,0,1
26444307263,702883671,14989130,1697093695,1697093695,2023-10-12,0.379906794,-36.6312,49.3878,-59.0737,3.9017,0.2012,0.0003,8.94e-06,80830,1,182,1,2023-10-12,0,12,10,3,-41.5499,-39.2875,0.430074577,0.447475934,-39.15619999999999,-38.701679999999996,0.0,349,11.475099999999998,1,0,1
26444307510,702883671,14989130,1697094202,1697094202,2023-10-12,0.45935416,-37.9249,0.9681,-70.1474,4.2,0.0039,0.0006,0.0003,80830,1,182,1,2023-10-12,0,12,10,3,-37.2473,-48.1063,0.459727567,0.381390391,-41.092833333333324,-48.7844,0.0,350,-1.2937000000000012,0,0,1
26444306339,702883671,14989130,1697091444,1697091444,2023-10-12,0.463607007,-38.5194,1.9022,-71.8119,4.3507,0.0016,0.0003,0.0002,80830,1,182,1,2023-10-12,0,12,10,3,-37.9249,-37.2473,0.45935416,0.459727567,-37.89719999999999,-41.73446,0.0,351,-0.5944999999999965,0,0,1
26444306351,702883671,14989130,1697091476,1697091476,2023-10-12,0.442152126,-40.9621,1.6365,-73.4288,4.367,0.0,0.0003,0.0003,80830,1,182,1,2023-10-12,0,12,10,3,-38.5194,-37.9249,0.463607007,0.45935416,-39.13546666666666,-40.552,0.0,352,-2.442700000000002,0,0,1
26444306363,702883671,14989130,1697091508,1697091508,2023-10-12,0.451111836,-38.8598,1.0433,-70.7973,4.325,0.0023,0.0005,0.0002,80830,1,182,1,2023-10-12,0,12,10,3,-40.9621,-38.5194,0.442152126,0.463607007,-39.447099999999985,-38.7027,0.0,353,2.1022999999999996,0,0,1
26444306375,702883671,14989130,1697091539,1697091539,2023-10-12,0.444888211,-39.8623,1.1202,-71.8095,4.2685,0.0023,0.0003,0.0002,80830,1,182,1,2023-10-12,0,12,10,3,-38.8598,-40.9621,0.451111836,0.442152126,-39.89473333333333,-39.2257,0.0,354,-1.0024999999999977,0,0,1
26444306388,702883671,14989130,1697091571,1697091571,2023-10-12,0.44756913,-39.4824,0.7588,-71.4703,4.1842,0.0075,0.0003,0.0002,80830,1,182,1,2023-10-12,0,12,10,3,-39.8623,-38.8598,0.444888211,0.451111836,-39.40149999999999,-39.5372,0.0,355,0.37989999999999924,0,0,1
26444306401,702883671,14989130,1697091603,1697091603,2023-10-12,0.442940162,-39.2247,1.3012,-70.4138,3.992,0.0032,0.0002,8.94e-06,80830,1,182,1,2023-10-12,0,12,10,3,-39.4824,-39.8623,0.44756913,0.444888211,-39.52313333333332,-39.67826,0.0,356,0.2576999999999998,0,0,1
26444306413,702883671,14989130,1697091635,1697091635,2023-10-12,0.446786125,-39.3298,0.9593,-71.0933,3.939,0.0011,0.0002,8.94e-06,80830,1,182,1,2023-10-12,0,12,10,3,-39.2247,-39.4824,0.442940162,0.44756913,-39.345633333333325,-39.3518,0.0,357,-0.1051000000000002,0,0,1
26444306424,702883671,14989130,1697091666,1697091666,2023-10-12,0.461596683,-39.1949,0.7629,-72.7984,3.9105,0.002,0.0002,0.0002,80830,1,182,1,2023-10-12,0,12,10,3,-39.3298,-39.2247,0.446786125,0.442940162,-39.249799999999986,-39.41882,0.0,358,0.1349000000000018,0,0,1
26444306435,702883671,14989130,1697091698,1697091698,2023-10-12,0.449884622,-39.5023,1.135,-71.8073,3.887,0.0016,0.0006,0.0002,80830,1,182,1,2023-10-12,0,12,10,3,-39.1949,-39.3298,0.461596683,0.446786125,-39.34233333333332,-39.346819999999994,0.0,359,-0.30740000000000123,0,0,1
26444306449,702883671,14989130,1697091730,1697091730,2023-10-12,0.442708689,-39.9798,1.1433,-71.7395,3.865,0.0,0.0004,0.0003,80830,1,182,1,2023-10-12,0,12,10,3,-39.5023,-39.1949,0.449884622,0.461596683,-39.55899999999999,-39.446299999999994,0.0,360,-0.47749999999999915,0,0,1
26444306462,702883671,14989130,1697091761,1697091761,2023-10-12,0.442609293,-39.2723,1.0983,-70.4574,3.8222,0.003,0.0003,8.94e-06,80830,1,182,1,2023-10-12,0,12,10,3,-39.9798,-39.5023,0.442708689,0.449884622,-39.584799999999994,-39.45582,0.0,361,0.707499999999996,0,0,1
26444306474,702883671,14989130,1697091793,1697091793,2023-10-12,0.45283775,-39.3199,0.9031,-71.8615,3.7738,0.0098,0.0002,8.94e-06,80830,1,182,1,2023-10-12,0,12,10,3,-39.2723,-39.9798,0.442609293,0.442708689,-39.523999999999994,-39.45384,0.0,362,-0.047599999999995646,0,0,1
26444306486,702883671,14989130,1697091825,1697091825,2023-10-12,0.452288341,-39.5823,1.2134,-72.2685,3.6868,0.006,0.0001,0.0002,80830,1,182,1,2023-10-12,0,12,10,3,-39.3199,-39.2723,0.45283775,0.442609293,-39.391499999999986,-39.53132,0.0,363,-0.2623999999999995,0,0,1
26444306498,702883671,14989130,1697091856,1697091856,2023-10-12,0.449584619,-39.1298,1.0636,-71.0914,3.633,0.0052,0.0006,0.0003,80830,1,182,1,2023-10-12,0,12,10,3,-39.5823,-39.3199,0.452288341,0.45283775,-39.34399999999999,-39.45682,0.0,364,0.45249999999999346,0,0,1
26444307936,702883670,14989130,1697095121,1697095121,2023-10-12,0.106939063,-74.4185,66.2456,-83.3297,4.6772,0.0066,0.0003,0.0003,80830,2,179,1,2023-10-12,0,12,10,3,-39.1298,-39.5823,0.449584619,0.452288341,-51.04353333333332,-46.344559999999994,0.0,365,-35.28869999999999,1,1,0
26444307168,702883670,14989130,1697093505,1697093505,2023-10-12,0.446345004,-39.2073,1.1494,-70.8154,3.8788,0.0023,0.0003,8.94e-06,80830,2,179,1,2023-10-12,0,12,10,3,-42.1051,-41.9198,0.430154313,0.437442714,-41.07739999999999,-42.27768,0.0,366,35.2112,0,0,1
26444306202,702883672,14989130,1697091096,1697091096,2023-10-12,0.404760455,-44.9613,16.5527,-75.5348,4.2802,0.0,0.0004,0.0002,80830,3,183,1,2023-10-12,0,12,10,3,-65.5364,-74.4185,0.196392026,0.106939063,-61.63873333333333,-52.72565999999999,0.0,367,-5.754000000000005,0,0,1
26444307555,702883670,14989130,1697094297,1697094297,2023-10-12,0.469978647,-37.5306,68.0292,-70.8096,4.2707,0.0016,0.0002,0.0002,80830,2,179,1,2023-10-12,0,12,10,3,-44.9613,-65.5364,0.404760455,0.196392026,-49.342766666666655,-52.31532,0.0,368,7.430700000000002,1,0,1
26444306620,702883670,14989130,1697092173,1697092173,2023-10-12,0.43036353,-42.1073,1.1437,-73.9196,3.9242,0.0011,0.0005,0.0002,80830,2,179,1,2023-10-12,0,12,10,3,-37.5306,-44.9613,0.469978647,0.404760455,-41.533066666666656,-52.91082,0.0,369,-4.576700000000002,0,0,1
26444307293,702883670,14989130,1697093758,1697093758,2023-10-12,0.447481482,-38.5038,2.7457,-69.6878,4.112,0.0076,0.0003,0.0002,80830,2,179,1,2023-10-12,0,12,10,3,-42.1073,-37.5306,0.43036353,0.469978647,-39.38056666666666,-45.72788,0.0,370,3.603500000000004,0,0,1
26444307495,702883670,14989130,1697094170,1697094170,2023-10-12,0.379736967,-48.3745,1.767,-77.9903,4.2395,0.0028,0.0005,0.0002,80830,2,179,1,2023-10-12,0,12,10,3,-38.5038,-42.1073,0.447481482,0.43036353,-42.99519999999999,-42.295500000000004,0.0,371,-9.8707,0,0,1
26444307012,702883670,14989130,1697093219,1697093219,2023-10-12,0.450110599,-38.9799,0.5629,-70.8868,3.888,0.0,0.0003,0.0002,80830,2,179,1,2023-10-12,0,12,10,3,-48.3745,-38.5038,0.379736967,0.447481482,-41.95273333333332,-41.099219999999995,0.0,372,9.394599999999997,0,0,1
26444307479,702883670,14989130,1697094139,1697094139,2023-10-12,0.371818489,-49.7864,19.5044,-79.2548,4.2475,0.0036,0.0002,0.0002,80830,2,179,1,2023-10-12,0,12,10,3,-38.9799,-48.3745,0.450110599,0.379736967,-45.71359999999999,-43.550380000000004,0.0,373,-10.8065,1,0,1
26444307463,702883670,14989130,1697094107,1697094107,2023-10-12,0.395941574,-47.4593,22.839,-78.5674,4.2545,0.0028,0.0002,-0.0001,80830,2,179,1,2023-10-12,0,12,10,3,-49.7864,-38.9799,0.371818489,0.450110599,-45.40853333333332,-44.620779999999996,0.0,374,2.3271000000000015,1,0,1
26444307448,702883670,14989130,1697094075,1697094075,2023-10-12,0.417204757,-43.6752,23.3429,-74.9409,4.2518,0.0036,0.0003,8.94e-06,80830,2,179,1,2023-10-12,0,12,10,3,-47.4593,-49.7864,0.395941574,0.371818489,-46.97363333333332,-45.655060000000006,0.0,375,3.7841000000000022,1,0,1
26444306327,702883671,14989130,1697091413,1697091413,2023-10-12,0.450462258,-39.5399,0.5962,-71.9512,4.3193,0.0,0.0002,8.94e-06,80830,1,182,1,2023-10-12,0,12,10,3,-43.6752,-47.4593,0.417204757,0.395941574,-43.55813333333332,-43.88814,0.0,376,4.135299999999994,0,0,1
26444307431,702883670,14989130,1697094043,1697094043,2023-10-12,0.394347218,-46.3841,2.4057,-76.5853,4.2607,0.0016,0.0004,0.0003,80830,2,179,1,2023-10-12,0,12,10,3,-39.5399,-43.6752,0.450462258,0.417204757,-43.19973333333332,-45.36898,0.0,377,-6.844199999999994,0,0,1
26444306317,702883671,14989130,1697091381,1697091381,2023-10-12,0.447053915,-38.966,3.0075,-70.4698,4.2945,0.0,0.0003,-0.0001,80830,1,182,1,2023-10-12,0,12,10,3,-46.3841,-39.5399,0.394347218,0.450462258,-41.62999999999999,-43.204899999999995,0.0,378,7.4180999999999955,0,0,1
26444306293,702883671,14989130,1697091318,1697091318,2023-10-12,0.446850195,-39.4148,1.206,-71.2552,4.2423,0.0016,0.0003,0.0002,80830,1,182,1,2023-10-12,0,12,10,3,-38.966,-46.3841,0.447053915,0.394347218,-41.58829999999999,-41.596000000000004,0.0,379,-0.44879999999999853,0,0,1
26444307859,702883670,14989130,1697094931,1697094931,2023-10-12,0.383479395,-48.5481,3.4388,-78.7453,4.2207,0.0048,0.0003,8.94e-06,80830,2,179,1,2023-10-12,0,12,10,3,-39.4148,-38.966,0.446850195,0.447053915,-42.30963333333332,-42.57057999999999,0.0,380,-9.133299999999998,0,0,1
26444307845,702883670,14989130,1697094899,1697094899,2023-10-12,0.382939975,-47.8427,27.3213,-77.5333,4.2367,0.0016,0.0004,-0.0001,80830,2,179,1,2023-10-12,0,12,10,3,-48.5481,-39.4148,0.383479395,0.446850195,-45.26853333333332,-44.231139999999996,0.0,381,0.7053999999999974,1,0,1
26444307831,702883670,14989130,1697094868,1697094868,2023-10-12,0.348148361,-52.0791,2.3048,-79.8941,4.2505,0.0016,0.0003,0.0002,80830,2,179,1,2023-10-12,0,12,10,3,-47.8427,-48.5481,0.382939975,0.383479395,-49.48996666666665,-45.370140000000006,0.0,382,-4.236399999999996,0,0,1
26444307816,702883670,14989130,1697094836,1697094836,2023-10-12,0.369625394,-50.0774,0.9279,-79.4407,4.2622,0.0016,0.0003,0.0002,80830,2,179,1,2023-10-12,0,12,10,3,-52.0791,-47.8427,0.348148361,0.382939975,-49.999733333333324,-47.59242,0.0,383,2.0016999999999996,0,0,1
26444307803,702883670,14989130,1697094804,1697094804,2023-10-12,0.353196092,-51.7317,5.8693,-79.9805,4.2683,0.0023,0.0002,0.0002,80830,2,179,1,2023-10-12,0,12,10,3,-50.0774,-52.0791,0.369625394,0.348148361,-51.296066666666654,-50.0558,0.0,384,-1.6542999999999992,0,0,1
26444307788,702883670,14989130,1697094772,1697094772,2023-10-12,0.358608535,-51.3845,4.3205,-80.1141,4.2652,0.0016,0.0003,8.94e-06,80830,2,179,1,2023-10-12,0,12,10,3,-51.7317,-50.0774,0.353196092,0.369625394,-51.06453333333332,-50.62308,0.0,385,0.34719999999999374,0,0,1
26444307772,702883670,14989130,1697094741,1697094741,2023-10-12,0.36445721,-49.8971,1.479,-78.511,4.2858,0.0023,0.0003,8.94e-06,80830,2,179,1,2023-10-12,0,12,10,3,-51.3845,-51.7317,0.358608535,0.353196092,-51.00443333333332,-51.03396,0.0,386,1.487400000000001,0,0,1
26444307757,702883670,14989130,1697094709,1697094709,2023-10-12,0.379716104,-48.3649,0.8692,-77.9722,4.259,0.0016,0.0004,0.0003,80830,2,179,1,2023-10-12,0,12,10,3,-49.8971,-51.3845,0.36445721,0.358608535,-49.882166666666656,-50.29112,0.0,387,1.5322000000000031,0,0,1
26444307741,702883670,14989130,1697094677,1697094677,2023-10-12,0.356146987,-51.357,1.7436,-79.7651,4.2655,0.0023,0.0006,0.0003,80830,2,179,1,2023-10-12,0,12,10,3,-48.3649,-49.8971,0.379716104,0.36445721,-49.87299999999999,-50.547039999999996,0.0,388,-2.9921000000000006,0,0,1
26444307873,702883670,14989130,1697094963,1697094963,2023-10-12,0.367949136,-50.2318,2.0139,-79.4743,4.2622,0.0032,0.0003,0.0003,80830,2,179,1,2023-10-12,0,12,10,3,-51.357,-48.3649,0.356146987,0.379716104,-49.98456666666666,-50.24706,0.0,389,1.1251999999999995,0,0,1
26444307728,702883670,14989130,1697094646,1697094646,2023-10-12,0.37475469,-49.4147,11.3076,-79.0325,4.263,0.0023,0.0002,0.0002,80830,2,179,1,2023-10-12,0,12,10,3,-50.2318,-51.357,0.367949136,0.356146987,-50.33449999999999,-49.8531,0.0,390,0.8170999999999964,1,0,1
26444307696,702883670,14989130,1697094582,1697094582,2023-10-12,0.340819474,-52.4417,4.5469,-79.5559,4.3245,0.0,0.0003,8.94e-06,80830,2,179,1,2023-10-12,0,12,10,3,-49.4147,-50.2318,0.37475469,0.367949136,-50.69606666666666,-50.36202,0.0,391,-3.026999999999994,0,0,1
26444307684,702883670,14989130,1697094551,1697094551,2023-10-12,0.343914418,-52.0991,2.3285,-79.409,4.318,0.0023,0.0003,0.0002,80830,2,179,1,2023-10-12,0,12,10,3,-52.4417,-49.4147,0.340819474,0.37475469,-51.31849999999999,-51.10886000000001,0.0,392,0.34259999999999735,0,0,1
26444307668,702883670,14989130,1697094519,1697094519,2023-10-12,0.288625889,-57.5592,2.252,-80.9127,4.2728,0.0023,0.0004,0.0003,80830,2,179,1,2023-10-12,0,12,10,3,-52.0991,-52.4417,0.343914418,0.340819474,-54.033333333333324,-52.34930000000001,0.0,393,-5.460099999999997,0,0,1
26444307653,702883670,14989130,1697094487,1697094487,2023-10-12,0.338635593,-52.8866,2.3218,-79.9659,4.2875,0.0023,0.0004,0.0003,80830,2,179,1,2023-10-12,0,12,10,3,-57.5592,-52.0991,0.288625889,0.343914418,-54.181633333333316,-52.88026,0.0,394,4.672599999999996,0,0,1
26444307636,702883670,14989130,1697094455,1697094455,2023-10-12,0.357423431,-51.4646,1.582,-80.091,4.2867,0.0023,0.0003,0.0003,80830,2,179,1,2023-10-12,0,12,10,3,-52.8866,-57.5592,0.338635593,0.288625889,-53.97013333333333,-53.29024,0.0,395,1.4220000000000041,0,0,1
26444307618,702883670,14989130,1697094424,1697094424,2023-10-12,0.353663569,-51.2146,1.6434,-79.2383,4.315,0.0,0.0003,8.94e-06,80830,2,179,1,2023-10-12,0,12,10,3,-51.4646,-52.8866,0.357423431,0.338635593,-51.85526666666666,-53.04482,0.0,396,0.25,0,0,1
26444307603,702883670,14989130,1697094392,1697094392,2023-10-12,0.429807293,-41.1016,13.0982,-72.0837,4.322,0.0016,0.0003,8.94e-06,80830,2,179,1,2023-10-12,0,12,10,3,-51.2146,-51.4646,0.353663569,0.357423431,-47.926933333333324,-50.845319999999994,0.0,397,10.113,1,0,1
26444307586,702883670,14989130,1697094360,1697094360,2023-10-12,0.407109941,-45.03,0.3241,-75.95,4.3175,0.0,0.0003,0.0002,80830,2,179,1,2023-10-12,0,12,10,3,-41.1016,-51.2146,0.429807293,0.353663569,-45.78206666666665,-48.33948,0.0,398,-3.9284000000000034,0,0,1
26444307571,702883670,14989130,1697094329,1697094329,2023-10-12,0.517926,-30.2298,1.0965,-62.7078,4.257,0.0023,0.0005,0.0002,80830,2,179,1,2023-10-12,0,12,10,3,-45.03,-41.1016,0.407109941,0.429807293,-38.78713333333332,-43.808119999999995,0.0,399,14.8002,0,0,1
26444307712,702883670,14989130,1697094614,1697094614,2023-10-12,0.37533552,-49.4535,18.2767,-79.1681,4.2888,0.0023,0.0003,8.94e-06,80830,2,179,1,2023-10-12,0,12,10,3,-30.2298,-45.03,0.517926,0.407109941,-41.571099999999994,-43.405899999999995,0.0,400,-19.223699999999997,1,0,1
26444307887,702883670,14989130,1697094994,1697094994,2023-10-12,0.371165845,-49.8258,8.4535,-79.2352,4.273,0.0023,0.0005,0.0002,80830,2,179,1,2023-10-12,0,12,10,3,-49.4535,-30.2298,0.37533552,0.517926,-43.1697,-43.12814,0.0,401,-0.37230000000000274,0,0,1
26444307900,702883670,14989130,1697095026,1697095026,2023-10-12,0.294921398,-57.1493,1.9973,-81.0538,4.3125,0.0,0.0004,0.0003,80830,2,179,1,2023-10-12,0,12,10,3,-49.8258,-49.4535,0.371165845,0.37533552,-52.142866666666656,-46.33768,0.0,402,-7.323499999999996,0,0,1
26444307913,702883670,14989130,1697095058,1697095058,2023-10-12,0.157491258,-69.2923,32.3745,-82.2452,4.4108,0.024,0.0003,8.94e-06,80830,2,179,1,2023-10-12,0,12,10,3,-57.1493,-49.8258,0.294921398,0.371165845,-58.75579999999999,-51.19014,0.0,403,-12.143,1,1,0
26444306281,702883671,14989130,1697091286,1697091286,2023-10-12,0.422296419,-43.1176,28.9677,-74.6362,4.2455,0.0039,0.0003,0.0002,80830,1,182,1,2023-10-12,0,12,10,3,-69.2923,-57.1493,0.157491258,0.294921398,-56.51973333333333,-53.767700000000005,0.0,404,26.174699999999994,1,0,1
26444306304,702883671,14989130,1697091349,1697091349,2023-10-12,0.452840608,-37.9472,1.4135,-69.3531,4.2925,0.0016,0.0005,0.0002,80830,1,182,1,2023-10-12,0,12,10,3,-43.1176,-69.2923,0.422296419,0.157491258,-50.11903333333333,-51.46644,0.0,405,5.170400000000001,0,0,1
26444307420,702883670,14989130,1697094012,1697094012,2023-10-12,0.424592246,-42.4972,1.3251,-73.8558,4.2415,0.0023,0.0004,0.0003,80830,2,179,1,2023-10-12,0,12,10,3,-37.9472,-43.1176,0.452840608,0.422296419,-41.18733333333333,-50.00072,0.0,406,-4.549999999999997,0,0,1
26444307924,702883670,14989130,1697095089,1697095089,2023-10-12,0.196392026,-65.5364,2.5403,-81.5527,4.3805,0.0028,0.0003,8.94e-06,80830,2,179,1,2023-10-12,0,12,10,3,-74.4185,-39.1298,0.106939063,0.449584619,-59.69489999999998,-51.59738,0.0,407,-23.0392,0,1,1
26444307388,702883670,14989130,1697093948,1697093948,2023-10-12,0.401664754,-46.7669,1.93,-78.1617,4.227,0.0032,0.0003,-0.0001,80830,2,179,1,2023-10-12,0,12,10,3,-48.1644,-42.4972,0.382435643,0.424592246,-45.80949999999999,-43.698660000000004,0.0,408,18.7695,0,0,1
26444306726,702883670,14989130,1697092490,1697092490,2023-10-12,0.45600892,-37.6141,2.2888,-69.1447,4.1798,0.009,0.0003,8.94e-06,80830,2,179,1,2023-10-12,0,12,10,3,-38.0048,-46.7669,0.455634049,0.401664754,-40.79526666666666,-42.60948,0.0,409,9.1528,0,0,1
26444306737,702883670,14989130,1697092522,1697092522,2023-10-12,0.455158357,-39.8574,0.8252,-73.1541,4.1682,0.01,0.0002,8.94e-06,80830,2,179,1,2023-10-12,0,12,10,3,-37.6141,-38.0048,0.45600892,0.455634049,-38.49209999999999,-42.08152,0.0,410,-2.243299999999998,0,0,1
26444306749,702883670,14989130,1697092554,1697092554,2023-10-12,0.443783666,-40.3951,18.9532,-72.6248,4.2025,0.0028,0.0003,0.0002,80830,2,179,1,2023-10-12,0,12,10,3,-39.8574,-37.6141,0.455158357,0.45600892,-39.28886666666666,-40.52766,0.0,411,-0.537700000000001,1,0,1
26444306762,702883670,14989130,1697092585,1697092585,2023-10-12,0.451443957,-38.6698,1.0482,-70.4938,4.1078,0.008,0.0003,0.0002,80830,2,179,1,2023-10-12,0,12,10,3,-40.3951,-39.8574,0.443783666,0.455158357,-39.64076666666666,-38.90824,0.0,412,1.7252999999999972,0,0,1
26444306787,702883670,14989130,1697092649,1697092649,2023-10-12,0.459296856,-38.4474,0.6635,-71.1063,3.951,0.0011,0.0003,8.94e-06,80830,2,179,1,2023-10-12,0,12,10,3,-38.7224,-38.6698,0.44709536,0.451443957,-38.6132,-39.21842,0.0,413,0.22240000000000038,0,0,1
26444307049,702883670,14989130,1697093283,1697093283,2023-10-12,0.459079017,-39.4498,1.0454,-72.9308,3.8895,0.0011,0.0003,0.0003,80830,2,179,1,2023-10-12,0,12,10,3,-38.4474,-38.7224,0.459296856,0.44709536,-38.87319999999999,-39.136900000000004,0.0,414,-1.0024000000000015,0,0,1
26444306798,702883670,14989130,1697092681,1697092681,2023-10-12,0.458403917,-38.5572,1.4675,-71.1918,3.9222,0.0011,0.0004,0.0002,80830,2,179,1,2023-10-12,0,12,10,3,-39.4498,-38.4474,0.459079017,0.459296856,-38.81813333333332,-38.76932000000001,0.0,415,0.8926000000000016,0,0,1
26444306818,702883670,14989130,1697092744,1697092744,2023-10-12,0.335583602,-39.1516,39.4375,-58.9263,3.8205,0.147,0.0003,8.94e-06,80830,2,179,1,2023-10-12,0,12,10,3,-38.5572,-39.4498,0.458403917,0.459079017,-39.05286666666666,-38.865680000000005,0.0,416,-0.5944000000000003,1,0,1
26444306974,702883670,14989130,1697093156,1697093156,2023-10-12,0.462911896,-38.8949,0.8075,-72.4181,3.8977,0.0011,0.0003,0.0002,80830,2,179,1,2023-10-12,0,12,10,3,-39.1516,-38.5572,0.335583602,0.458403917,-38.86789999999999,-38.90018,0.0,417,0.25670000000000215,0,0,1
26444306952,702883670,14989130,1697093124,1697093124,2023-10-12,0.325590043,-39.7187,38.3778,-58.894,3.8262,0.1508,0.0002,8.94e-06,80830,2,179,1,2023-10-12,0,12,10,3,-38.8949,-39.1516,0.462911896,0.335583602,-39.25506666666666,-39.15444,0.0,418,-0.8237999999999985,1,0,1
26444306938,702883670,14989130,1697093093,1697093093,2023-10-12,0.452059771,-38.9174,0.8666,-71.0249,3.904,0.0,0.0004,0.0002,80830,2,179,1,2023-10-12,0,12,10,3,-39.7187,-38.8949,0.325590043,0.462911896,-39.176999999999985,-39.04796,0.0,419,0.8012999999999977,0,0,1
26444306775,702883670,14989130,1697092617,1697092617,2023-10-12,0.44709536,-38.7224,0.8912,-70.0345,4.0098,0.0039,0.0003,8.94e-06,80830,2,179,1,2023-10-12,0,12,10,3,-38.6698,-40.3951,0.451443957,0.443783666,-39.26243333333332,-39.05176,0.0,420,0.19500000000000028,0,0,1
26444306656,702883670,14989130,1697092268,1697092268,2023-10-12,0.437442714,-41.9198,1.0802,-74.5165,3.844,0.0032,0.0003,8.94e-06,80830,2,179,1,2023-10-12,0,12,10,3,-39.7465,-48.4097,0.324924291,0.385517883,-43.35866666666666,-45.4015,0.0,421,-3.197400000000002,0,0,1
26444306929,702883670,14989130,1697093061,1697093061,2023-10-12,0.45026781,-39.5247,1.336,-71.8981,3.902,0.0011,0.0003,0.0002,80830,2,179,1,2023-10-12,0,12,10,3,-38.9174,-39.7187,0.452059771,0.325590043,-39.386933333333324,-39.241460000000004,0.0,422,2.3950999999999993,0,0,1
26444306885,702883670,14989130,1697092934,1697092934,2023-10-12,0.454958143,-38.5767,2.2729,-70.7775,3.8452,0.0016,0.0004,0.0003,80830,2,179,1,2023-10-12,0,12,10,3,-38.2099,-38.8755,0.462787271,0.340406796,-38.55403333333332,-38.60458,0.0,423,0.9480000000000004,0,0,1
26444306828,702883670,14989130,1697092776,1697092776,2023-10-12,0.462787271,-38.2099,0.9362,-71.1262,3.8835,0.0,0.0003,8.94e-06,80830,2,179,1,2023-10-12,0,12,10,3,-38.8755,-38.2773,0.340406796,0.453262658,-38.45423333333333,-38.55172,0.0,424,0.3668000000000049,0,0,1
26444306838,702883670,14989130,1697092807,1697092807,2023-10-12,0.340406796,-38.8755,39.2907,-58.9386,3.806,0.1374,0.0006,0.0003,80830,2,179,1,2023-10-12,0,12,10,3,-38.2773,-39.0835,0.453262658,0.335269406,-38.745433333333324,-38.75622,0.0,425,-0.6656000000000049,1,0,1
26444307031,702883670,14989130,1697093251,1697093251,2023-10-12,0.315666447,-40.3132,36.2465,-58.9087,3.8145,0.143,0.0003,8.94e-06,80830,2,179,1,2023-10-12,0,12,10,3,-38.5767,-38.2099,0.454958143,0.462787271,-39.033266666666655,-38.85052,0.0,426,-1.4376999999999995,1,0,1
26444306862,702883670,14989130,1697092871,1697092871,2023-10-12,0.335269406,-39.0835,42.8967,-58.796,3.8885,0.0604,0.0002,8.94e-06,80830,2,179,1,2023-10-12,0,12,10,3,-38.3124,-39.2324,0.465934737,0.447956593,-38.87609999999999,-38.96256,0.0,427,1.2297000000000011,1,0,1
26444306848,702883670,14989130,1697092839,1697092839,2023-10-12,0.453262658,-38.2773,1.0581,-70.0104,3.866,0.0,0.0004,0.0003,80830,2,179,1,2023-10-12,0,12,10,3,-39.0835,-38.3124,0.335269406,0.465934737,-38.55773333333332,-38.70604,0.0,428,0.806200000000004,0,0,1
26444306897,702883670,14989130,1697092966,1697092966,2023-10-12,0.447956593,-39.2324,0.7352,-71.0676,3.855,0.0,0.0004,0.0003,80830,2,179,1,2023-10-12,0,12,10,3,-38.6246,-39.5599,0.451997304,0.443949208,-39.138966666666654,-39.32128,0.0,429,-0.9551000000000016,0,0,1
26444306808,702883670,14989130,1697092712,1697092712,2023-10-12,0.451997304,-38.6246,1.5943,-70.4825,3.9053,0.0016,0.0005,0.0002,80830,2,179,1,2023-10-12,0,12,10,3,-39.5599,-39.6648,0.443949208,0.457282967,-39.28309999999999,-39.25828,0.0,430,0.6077999999999975,0,0,1
26444306908,702883670,14989130,1697092997,1697092997,2023-10-12,0.443949208,-39.5599,0.6227,-71.1444,3.8672,0.0025,0.0003,8.94e-06,80830,2,179,1,2023-10-12,0,12,10,3,-39.6648,-39.5247,0.457282967,0.45026781,-39.58313333333333,-39.4771,0.0,431,-0.935299999999998,0,0,1
26444306918,702883670,14989130,1697093029,1697093029,2023-10-12,0.457282967,-39.6648,1.1375,-73.0856,3.8865,0.002,0.0002,8.94e-06,80830,2,179,1,2023-10-12,0,12,10,3,-39.5247,-38.9174,0.45026781,0.452059771,-39.36896666666666,-39.3441,0.0,432,-0.10490000000000066,0,0,1
26444306873,702883670,14989130,1697092902,1697092902,2023-10-12,0.465934737,-38.3124,0.8477,-71.7373,3.852,0.0034,0.0003,0.0002,80830,2,179,1,2023-10-12,0,12,10,3,-39.2324,-38.6246,0.447956593,0.451997304,-38.72313333333332,-39.07881999999999,0.0,433,1.352400000000003,0,0,1
26444306716,702883670,14989130,1697092459,1697092459,2023-10-12,0.455634049,-38.0048,1.1007,-69.8148,4.0243,0.006,0.0004,0.0003,80830,2,179,1,2023-10-12,0,12,10,3,-46.7669,-48.1644,0.401664754,0.382435643,-44.312033333333325,-42.6761,0.0,434,0.30759999999999366,0,0,1
26444306706,702883670,14989130,1697092427,1697092427,2023-10-12,0.43565923,-41.0528,6.705,-72.7447,4.0008,0.0042,0.0006,0.0002,80830,2,179,1,2023-10-12,0,12,10,3,-40.3132,-38.5767,0.315666447,0.454958143,-39.98089999999999,-39.40562,0.0,435,-3.0479999999999947,1,0,1
26444307137,702883670,14989130,1697093441,1697093441,2023-10-12,0.453723254,-38.9645,1.7449,-71.3274,3.8788,0.0011,0.0004,0.0002,80830,2,179,1,2023-10-12,0,12,10,3,-39.7781,-35.8644,0.323857021,0.483922399,-38.20233333333333,-37.81898,0.0,436,2.0882999999999967,0,0,1
26444306696,702883670,14989130,1697092395,1697092395,2023-10-12,0.488632943,-34.4891,18.019,-67.4449,3.9202,0.0074,0.0002,0.0002,80830,2,179,1,2023-10-12,0,12,10,3,-41.0528,-40.3132,0.43565923,0.315666447,-38.61836666666665,-38.52834,0.0,437,4.4754000000000005,1,0,1
26444306675,702883670,14989130,1697092332,1697092332,2023-10-12,0.421175848,-42.6249,0.889,-73.6405,3.875,0.0,0.0004,0.0003,80830,2,179,1,2023-10-12,0,12,10,3,-42.5323,-34.4891,0.428727809,0.488632943,-39.88209999999999,-40.20246,0.0,438,-8.135799999999996,0,0,1
26444307372,702883670,14989130,1697093917,1697093917,2023-10-12,0.412956026,-44.0998,11.3919,-75.1218,4.2227,0.0042,0.0003,8.94e-06,80830,2,179,1,2023-10-12,0,12,10,3,-42.6249,-42.5323,0.421175848,0.428727809,-43.08566666666665,-40.95978,0.0,439,-1.4749000000000052,1,0,1
26444307358,702883670,14989130,1697093885,1697093885,2023-10-12,0.365725622,-50.0341,16.3429,-78.884,4.2198,0.0016,0.0003,0.0002,80830,2,179,1,2023-10-12,0,12,10,3,-44.0998,-42.6249,0.412956026,0.421175848,-45.58626666666666,-42.75604,0.0,440,-5.9343,1,0,1
26444307341,702883670,14989130,1697093853,1697093853,2023-10-12,0.351038357,-51.7116,14.9333,-79.6836,4.2363,0.0048,0.0003,0.0002,80830,2,179,1,2023-10-12,0,12,10,3,-50.0341,-44.0998,0.365725622,0.412956026,-48.61516666666665,-46.200540000000004,0.0,441,-1.6774999999999949,1,0,1
26444307328,702883670,14989130,1697093822,1697093822,2023-10-12,0.463551349,-38.2622,4.0608,-71.325,4.1685,0.0097,0.0002,0.0002,80830,2,179,1,2023-10-12,0,12,10,3,-51.7116,-50.0341,0.351038357,0.365725622,-46.66929999999999,-45.34652,0.0,442,13.449399999999997,0,0,1
26444307311,702883670,14989130,1697093790,1697093790,2023-10-12,0.448391788,-39.0671,23.1897,-70.824,4.19,0.0045,0.0003,-0.0001,80830,2,179,1,2023-10-12,0,12,10,3,-38.2622,-51.7116,0.463551349,0.351038357,-43.013633333333324,-44.63496,0.0,443,-0.8049000000000035,1,0,1
26444306644,702883670,14989130,1697092237,1697092237,2023-10-12,0.436687332,-40.4245,1.7235,-71.7621,3.8532,0.0025,0.0003,8.94e-06,80830,2,179,1,2023-10-12,0,12,10,3,-39.0671,-38.2622,0.448391788,0.463551349,-39.25126666666666,-43.899899999999995,0.0,444,-1.3573999999999984,0,0,1
26444307278,702883670,14989130,1697093726,1697093726,2023-10-12,0.450238873,-38.5498,0.9758,-70.121,4.094,0.0083,0.0003,0.0002,80830,2,179,1,2023-10-12,0,12,10,3,-40.4245,-39.0671,0.436687332,0.448391788,-39.347133333333325,-41.60304,0.0,445,1.8747000000000043,0,0,1
26444307265,702883670,14989130,1697093695,1697093695,2023-10-12,0.432346169,-42.0082,21.3929,-74.0032,4.1005,0.0073,0.0003,0.0002,80830,2,179,1,2023-10-12,0,12,10,3,-38.5498,-40.4245,0.450238873,0.436687332,-40.32749999999999,-39.66236,0.0,446,-3.4584000000000046,1,0,1
26444307249,702883670,14989130,1697093663,1697093663,2023-10-12,0.462412286,-38.995,0.4436,-72.537,4.0555,0.0042,0.0002,8.94e-06,80830,2,179,1,2023-10-12,0,12,10,3,-42.0082,-38.5498,0.432346169,0.450238873,-39.85099999999999,-39.80892,0.0,447,3.0132000000000048,0,0,1
26444307232,702883670,14989130,1697093631,1697093631,2023-10-12,0.332359651,-53.5521,61.7877,-80.211,3.9842,0.0048,0.0003,-0.0001,80830,2,179,1,2023-10-12,0,12,10,3,-38.995,-42.0082,0.462412286,0.432346169,-44.85176666666666,-42.705920000000006,0.0,448,-14.557100000000005,1,0,1
26444307216,702883670,14989130,1697093600,1697093600,2023-10-12,0.43832763,-40.6088,10.662,-72.2998,3.9308,0.0016,0.0003,0.0003,80830,2,179,1,2023-10-12,0,12,10,3,-53.5521,-38.995,0.332359651,0.462412286,-44.385299999999994,-42.74278,0.0,449,12.9433,0,0,1
26444306664,702883670,14989130,1697092300,1697092300,2023-10-12,0.430154313,-42.1051,7.7793,-73.8886,3.8483,0.0025,0.0006,0.0003,80830,2,179,1,2023-10-12,0,12,10,3,-41.9198,-39.7465,0.437442714,0.324924291,-41.25713333333332,-44.03712,0.0,450,-1.496299999999998,0,0,1
26444307200,702883670,14989130,1697093568,1697093568,2023-10-12,0.452722398,-39.2768,2.0875,-71.7676,3.9133,0.0011,0.0004,0.0002,80830,2,179,1,2023-10-12,0,12,10,3,-40.6088,-53.5521,0.43832763,0.332359651,-44.479233333333326,-42.88818,0.0,451,2.8282999999999987,0,0,1
26444307184,702883670,14989130,1697093536,1697093536,2023-10-12,0.483922399,-35.8644,19.5022,-69.4942,3.8902,0.003,0.0002,8.94e-06,80830,2,179,1,2023-10-12,0,12,10,3,-35.2111,-39.2768,0.482149344,0.452722398,-36.784099999999995,-40.902640000000005,0.0,452,3.412399999999998,0,0,1
26444307152,702883670,14989130,1697093473,1697093473,2023-10-12,0.323857021,-39.7781,40.9429,-58.8309,3.807,0.138,0.0003,8.94e-06,80830,2,179,1,2023-10-12,0,12,10,3,-35.8644,-35.2111,0.483922399,0.482149344,-36.95119999999999,-38.147839999999995,0.0,453,-3.9136999999999986,1,0,1
26444307121,702883670,14989130,1697093410,1697093410,2023-10-12,0.462538885,-38.9949,0.8931,-72.5539,3.8812,0.0016,0.0002,0.0002,80830,2,179,1,2023-10-12,0,12,10,3,-38.9645,-39.7781,0.453723254,0.323857021,-39.24583333333333,-37.762600000000006,0.0,454,0.7832000000000008,0,0,1
26444307104,702883670,14989130,1697093378,1697093378,2023-10-12,0.324074247,-39.7979,38.7203,-58.8791,3.813,0.142,0.0002,8.94e-06,80830,2,179,1,2023-10-12,0,12,10,3,-38.9949,-38.9645,0.462538885,0.453723254,-39.25243333333332,-38.67996,0.0,455,-0.8029999999999973,1,0,1
26444307085,702883670,14989130,1697093346,1697093346,2023-10-12,0.450249337,-39.0699,0.6793,-71.0684,3.8878,0.0,0.0003,0.0002,80830,2,179,1,2023-10-12,0,12,10,3,-39.7979,-38.9949,0.324074247,0.462538885,-39.287566666666656,-39.32106,0.0,456,0.7280000000000015,0,0,1
26444307069,702883670,14989130,1697093314,1697093314,2023-10-12,0.45193183,-39.3143,2.0183,-71.7325,3.8923,0.0011,0.0006,0.0003,80830,2,179,1,2023-10-12,0,12,10,3,-39.0699,-39.7979,0.450249337,0.324074247,-39.39403333333332,-39.228300000000004,0.0,457,-0.24440000000000595,0,0,1
26444307507,702883670,14989130,1697094202,1697094202,2023-10-12,0.375473083,-48.927,1.8053,-78.3425,4.2505,0.0016,0.0003,0.0002,80830,2,179,1,2023-10-12,0,12,10,3,-39.3143,-39.0699,0.45193183,0.450249337,-42.43706666666666,-41.2208,0.0,458,-9.612699999999997,0,0,1
26444307524,702883670,14989130,1697094234,1697094234,2023-10-12,0.382100353,-48.0045,1.8306,-77.6898,4.2542,0.0016,0.0003,8.94e-06,80830,2,179,1,2023-10-12,0,12,10,3,-48.927,-39.3143,0.375473083,0.45193183,-45.41526666666666,-43.02272,0.0,459,0.9224999999999994,0,0,1
26444307540,702883670,14989130,1697094265,1697094265,2023-10-12,0.385517883,-48.4097,1.3379,-78.7813,4.287,0.0028,0.0003,8.94e-06,80830,2,179,1,2023-10-12,0,12,10,3,-48.0045,-48.927,0.382100353,0.375473083,-48.44706666666665,-44.74508,0.0,460,-0.40520000000000067,0,0,1
26444306993,702883670,14989130,1697093188,1697093188,2023-10-12,0.324924291,-39.7465,48.5547,-58.8771,3.819,0.146,0.0004,0.0003,80830,2,179,1,2023-10-12,0,12,10,3,-48.4097,-48.0045,0.385517883,0.382100353,-45.38689999999999,-44.8804,0.0,461,8.663200000000003,1,0,1
26444307402,702883670,14989130,1697093980,1697093980,2023-10-12,0.382435643,-48.1644,1.9222,-77.9909,4.2317,0.0042,0.0003,0.0002,80830,2,179,1,2023-10-12,0,12,10,3,-42.4972,-37.9472,0.424592246,0.452840608,-42.86959999999999,-48.20374,0.0,462,-8.417900000000003,0,0,1
26444306686,702883670,14989130,1697092364,1697092364,2023-10-12,0.428727809,-42.5323,1.155,-74.4519,3.897,0.0016,0.0002,8.94e-06,80830,2,179,1,2023-10-12,0,12,10,3,-34.4891,-41.0528,0.488632943,0.43565923,-39.35806666666666,-39.39282,0.0,463,5.632100000000001,0,0,1
26444306269,702883671,14989130,1697091254,1697091254,2023-10-12,0.482149344,-35.2111,6.2572,-67.9947,4.2897,0.0,0.0002,0.0002,80830,1,182,1,2023-10-12,0,12,10,3,-39.2768,-40.6088,0.452722398,0.43832763,-38.36556666666666,-41.528760000000005,0.0,464,7.3211999999999975,0,0,1
26444307665,702883673,14989130,1697094519,1697094519,2023-10-12,0.241462693,-61.5151,3.8664,-81.097,4.2862,0.0032,0.0003,0.0003,80830,4,176,1,2023-10-12,0,12,10,3,-41.3511,-41.9319,0.433259323,0.427611022,-48.266033333333326,-44.62088,0.0,465,-26.303999999999995,0,1,1
26444307969,702883671,14989130,1697095248,1697095248,2023-10-12,0.134741373,-70.6321,6.9654,-81.6312,4.628,0.0066,0.0002,-0.0001,80830,1,182,1,2023-10-12,0,12,10,3,-70.3097,-40.8223,0.147649632,0.433435158,-60.58803333333333,-51.72296,0.0,466,-9.116999999999997,1,1,0
26444306083,702883672,14989130,1697090810,1697090810,2023-10-12,0.397540038,-45.9542,47.3336,-76.2776,4.6007,0.0039,0.0003,0.0002,80830,3,183,1,2023-10-12,0,12,10,3,-50.6652,-49.2088,0.353323863,0.366001603,-48.609399999999994,-46.36116,0.0,467,24.677899999999994,1,0,1
26444307014,702883671,14989130,1697093219,1697093219,2023-10-12,0.456747479,-38.1699,0.6781,-70.2618,3.86,0.0016,0.0004,0.0003,80830,1,182,1,2023-10-12,0,12,10,3,-34.4973,-33.6383,0.475673129,0.500802111,-35.43516666666666,-36.52374,0.0,468,7.784300000000002,0,0,1
26444306995,702883671,14989130,1697093188,1697093188,2023-10-12,0.45894803,-38.2224,0.8916,-70.6446,3.8665,0.0,0.0005,0.0002,80830,1,182,1,2023-10-12,0,12,10,3,-38.1699,-34.4973,0.456747479,0.475673129,-36.96319999999999,-36.32676,0.0,469,-0.05250000000000199,0,0,1
26444306976,702883671,14989130,1697093156,1697093156,2023-10-12,0.46563191,-38.1324,0.7819,-71.3598,3.8735,0.0023,0.0003,0.0003,80830,1,182,1,2023-10-12,0,12,10,3,-38.2224,-38.1699,0.45894803,0.456747479,-38.17489999999999,-36.53206,0.0,470,0.09000000000000341,0,0,1
26444306950,702883671,14989130,1697093124,1697093124,2023-10-12,0.464067817,-37.8948,1.0199,-70.7082,3.8772,0.0025,0.0003,8.94e-06,80830,1,182,1,2023-10-12,0,12,10,3,-38.1324,-38.2224,0.46563191,0.45894803,-38.083199999999984,-37.383359999999996,0.0,471,0.23760000000000048,0,0,1
26444306940,702883671,14989130,1697093093,1697093093,2023-10-12,0.452787091,-37.9473,0.983,-69.3465,3.8803,0.0016,0.0003,8.94e-06,80830,1,182,1,2023-10-12,0,12,10,3,-37.8948,-38.1324,0.464067817,0.46563191,-37.991499999999995,-38.073359999999994,0.0,472,-0.05250000000000199,0,0,1
26444306931,702883671,14989130,1697093061,1697093061,2023-10-12,0.460094208,-37.4923,0.9628,-69.4423,3.878,0.0,0.0004,0.0003,80830,1,182,1,2023-10-12,0,12,10,3,-37.9473,-37.8948,0.452787091,0.464067817,-37.77813333333332,-37.93784,0.0,473,0.4549999999999983,0,0,1
26444307051,702883671,14989130,1697093283,1697093283,2023-10-12,0.468141995,-37.7349,0.7123,-70.9492,3.862,0.002,0.0003,0.0002,80830,1,182,1,2023-10-12,0,12,10,3,-37.4923,-37.9473,0.460094208,0.452787091,-37.72483333333332,-37.840340000000005,0.0,474,-0.24260000000000304,0,0,1
26444306920,702883671,14989130,1697093029,1697093029,2023-10-12,0.465961632,-37.2723,1.0018,-69.7933,3.8577,0.002,0.0006,0.0003,80830,1,182,1,2023-10-12,0,12,10,3,-37.7349,-37.4923,0.468141995,0.460094208,-37.49983333333333,-37.668319999999994,0.0,475,0.4626000000000019,0,0,1
26444306895,702883671,14989130,1697092966,1697092966,2023-10-12,0.460255848,-37.1548,1.1029,-68.8378,3.807,0.0036,0.0003,8.94e-06,80830,1,182,1,2023-10-12,0,12,10,3,-37.2723,-37.7349,0.465961632,0.468141995,-37.38733333333332,-37.520320000000005,0.0,476,0.11749999999999972,0,0,1
26444306883,702883671,14989130,1697092934,1697092934,2023-10-12,0.457312763,-38.0821,1.5394,-70.1732,3.7895,0.003,0.0004,0.0003,80830,1,182,1,2023-10-12,0,12,10,3,-37.1548,-37.2723,0.460255848,0.465961632,-37.503066666666655,-37.54728,0.0,477,-0.9272999999999954,0,0,1
26444306875,702883671,14989130,1697092902,1697092902,2023-10-12,0.454487844,-38.5646,1.5203,-70.6943,3.8022,0.0032,0.0006,0.0002,80830,1,182,1,2023-10-12,0,12,10,3,-38.0821,-37.1548,0.457312763,0.460255848,-37.933833333333325,-37.761739999999996,0.0,478,-0.4825000000000017,0,0,1
26444306596,702883670,14989130,1697092110,1697092110,2023-10-12,0.430074577,-41.5499,0.7959,-72.9041,3.9022,0.002,0.0003,8.94e-06,80830,2,179,1,2023-10-12,0,12,10,3,-39.2875,-38.203,0.447475934,0.467660104,-39.68013333333332,-39.1764,0.0,479,-2.9853000000000023,0,0,1
26444306860,702883671,14989130,1697092871,1697092871,2023-10-12,0.458615796,-38.6047,1.2789,-71.3074,3.814,0.0037,0.0002,0.0002,80830,1,182,1,2023-10-12,0,12,10,3,-38.5646,-38.0821,0.454487844,0.457312763,-38.417133333333325,-37.935700000000004,0.0,480,2.9452,0,0,1
26444306836,702883671,14989130,1697092807,1697092807,2023-10-12,0.447191894,-38.8398,1.1288,-70.2591,3.8395,0.0023,0.0003,-0.0001,80830,1,182,1,2023-10-12,0,12,10,3,-38.6823,-38.6047,0.459761767,0.458615796,-38.70893333333333,-38.5547,0.0,481,-0.23509999999999565,0,0,1
26444306830,702883671,14989130,1697092776,1697092776,2023-10-12,0.454679917,-38.2698,1.0481,-70.1786,3.854,0.0011,0.0003,0.0002,80830,1,182,1,2023-10-12,0,12,10,3,-38.8398,-38.6823,0.447191894,0.459761767,-38.59729999999999,-38.59224,0.0,482,0.5700000000000003,0,0,1
26444306906,702883671,14989130,1697092997,1697092997,2023-10-12,0.474849061,-37.2624,0.8053,-70.9556,3.8283,0.003,0.0003,8.94e-06,80830,1,182,1,2023-10-12,0,12,10,3,-38.2698,-38.8398,0.454679917,0.447191894,-38.12399999999999,-38.3318,0.0,483,1.007399999999997,0,0,1
26444307071,702883671,14989130,1697093314,1697093314,2023-10-12,0.464232831,-37.7748,1.1907,-70.506,3.866,0.0028,0.0003,0.0003,80830,1,182,1,2023-10-12,0,12,10,3,-37.2624,-38.2698,0.474849061,0.454679917,-37.768999999999984,-38.16582,0.0,484,-0.5123999999999995,0,0,1
26444307087,702883671,14989130,1697093346,1697093346,2023-10-12,0.45772383,-38.1571,1.477,-70.3647,3.86,0.0023,0.0003,0.0002,80830,1,182,1,2023-10-12,0,12,10,3,-37.7748,-37.2624,0.464232831,0.474849061,-37.73143333333332,-38.06078,0.0,485,-0.38230000000000075,0,0,1
26444307106,702883671,14989130,1697093378,1697093378,2023-10-12,0.456817519,-38.2099,0.7761,-70.3445,3.8545,0.0,0.0005,0.0002,80830,1,182,1,2023-10-12,0,12,10,3,-38.1571,-37.7748,0.45772383,0.464232831,-38.04726666666666,-37.934799999999996,0.0,486,-0.05279999999999774,0,0,1
26444307374,702883671,14989130,1697093917,1697093917,2023-10-12,0.423009955,-43.5103,3.7242,-75.4091,4.1295,0.0093,0.0002,8.94e-06,80830,1,182,1,2023-10-12,0,12,10,3,-38.2099,-38.1571,0.456817519,0.45772383,-39.959099999999985,-38.982899999999994,0.0,487,-5.300400000000003,1,0,1
26444307360,702883671,14989130,1697093885,1697093885,2023-10-12,0.441219242,-39.8081,24.3343,-71.241,4.1165,0.0055,0.0003,8.94e-06,80830,1,182,1,2023-10-12,0,12,10,3,-43.5103,-38.2099,0.423009955,0.456817519,-40.50943333333333,-39.49204,0.0,488,3.7021999999999977,1,0,1
26444307343,702883671,14989130,1697093853,1697093853,2023-10-12,0.448693053,-39.2068,15.8861,-71.1161,4.1733,0.0151,0.0002,0.0003,80830,1,182,1,2023-10-12,0,12,10,3,-39.8081,-43.5103,0.441219242,0.423009955,-40.84173333333333,-39.77844,0.0,489,0.6013000000000019,1,0,1
26444307326,702883671,14989130,1697093822,1697093822,2023-10-12,0.45619785,-38.3281,6.653,-70.4817,4.0328,0.005,0.0006,0.0002,80830,1,182,1,2023-10-12,0,12,10,3,-39.2068,-39.8081,0.448693053,0.441219242,-39.11433333333333,-39.81264,0.0,490,0.878700000000002,0,0,1
26444307312,702883671,14989130,1697093790,1697093790,2023-10-12,0.431842749,-42.5735,44.8779,-74.9326,4.0583,0.0048,0.0005,0.0002,80830,1,182,1,2023-10-12,0,12,10,3,-38.3281,-39.2068,0.45619785,0.448693053,-40.03613333333332,-40.685359999999996,0.0,491,-4.245400000000004,1,0,1
26444307295,702883671,14989130,1697093758,1697093758,2023-10-12,0.465275445,-38.6739,2.6494,-72.3249,4.0065,0.0023,0.0002,-0.0001,80830,1,182,1,2023-10-12,0,12,10,3,-42.5735,-38.3281,0.431842749,0.45619785,-39.85849999999999,-39.71808,0.0,492,3.8995999999999995,0,0,1
26444306055,702883672,14989130,1697090747,1697090747,2023-10-12,0.475673129,-34.4973,0.9968,-65.7935,4.4837,0.0098,0.0003,0.0002,80830,3,183,1,2023-10-12,0,12,10,3,-33.6383,-37.1059,0.500802111,0.4640509,-35.080499999999994,-37.31078,0.0,493,4.1766000000000005,0,0,1
26444306846,702883671,14989130,1697092839,1697092839,2023-10-12,0.459761767,-38.6823,1.2415,-71.6023,3.8258,0.0034,0.0002,8.94e-06,80830,1,182,1,2023-10-12,0,12,10,3,-38.6047,-38.5646,0.458615796,0.454487844,-38.61719999999999,-38.2177,0.0,494,-4.184999999999995,0,0,1
26444307280,702883671,14989130,1697093726,1697093726,2023-10-12,0.45635664,-37.6672,1.3808,-69.2866,3.9987,0.0028,0.0003,8.94e-06,80830,1,182,1,2023-10-12,0,12,10,3,-38.719,-38.6739,0.346669141,0.465275445,-38.35336666666666,-39.19234,0.0,495,1.0150999999999968,0,0,1
26444307434,702883671,14989130,1697094043,1697094043,2023-10-12,0.443719117,-39.8296,1.5965,-71.5998,4.2165,0.0023,0.0003,0.0002,80830,1,182,1,2023-10-12,0,12,10,3,-41.7797,-37.6672,0.428502839,0.45635664,-39.75883333333332,-39.33388,0.0,496,-2.162399999999998,0,0,1
26444307498,702883671,14989130,1697094170,1697094170,2023-10-12,0.450960579,-38.9583,3.178,-70.9572,4.1857,0.0084,0.0006,0.0002,80830,1,182,1,2023-10-12,0,12,10,3,-39.8296,-41.7797,0.443719117,0.428502839,-40.18919999999999,-39.39076,0.0,497,0.871299999999998,0,0,1
26444307482,702883671,14989130,1697094139,1697094139,2023-10-12,0.451489715,-40.4613,7.2553,-73.7658,4.1935,0.0057,0.0002,0.0002,80830,1,182,1,2023-10-12,0,12,10,3,-38.9583,-39.8296,0.450960579,0.443719117,-39.749733333333324,-39.73922,0.0,498,-1.5030000000000001,1,0,1
26444307466,702883671,14989130,1697094107,1697094107,2023-10-12,0.454724114,-39.288,18.3876,-72.0516,4.2068,0.0036,0.0002,-0.0001,80830,1,182,1,2023-10-12,0,12,10,3,-40.4613,-38.9583,0.451489715,0.450960579,-39.56919999999999,-40.06338,0.0,499,1.1733000000000047,1,0,1
26444307451,702883671,14989130,1697094075,1697094075,2023-10-12,0.497201308,-32.3289,25.8278,-64.2979,4.2,0.0057,0.0003,8.94e-06,80830,1,182,1,2023-10-12,0,12,10,3,-39.288,-40.4613,0.454724114,0.451489715,-37.359399999999994,-38.17322,0.0,500,6.959099999999999,1,0,1
26444307570,702883671,14989130,1697094329,1697094329,2023-10-12,0.491993403,-34.6524,0.6609,-68.2125,4.2095,0.0039,0.0003,0.0002,80830,1,182,1,2023-10-12,0,12,10,3,-32.3289,-39.288,0.497201308,0.454724114,-35.423099999999984,-37.13778,0.0,501,-2.323500000000003,0,0,1
26444307731,702883671,14989130,1697094646,1697094646,2023-10-12,0.448703223,-39.1182,5.209,-70.9567,4.2205,0.0028,0.0004,0.0002,80830,1,182,1,2023-10-12,0,12,10,3,-34.6524,-32.3289,0.491993403,0.497201308,-35.366499999999995,-37.169760000000004,0.0,502,-4.4658000000000015,0,0,1
26444307744,702883671,14989130,1697094677,1697094677,2023-10-12,0.459150121,-37.7325,0.3948,-69.7652,4.2245,0.0023,0.0004,0.0003,80830,1,182,1,2023-10-12,0,12,10,3,-39.1182,-34.6524,0.448703223,0.491993403,-37.16769999999999,-36.623999999999995,0.0,503,1.3857,0,0,1
26444307760,702883671,14989130,1697094709,1697094709,2023-10-12,0.433435158,-40.8223,1.1457,-72.0523,4.2142,0.0045,0.0003,8.94e-06,80830,1,182,1,2023-10-12,0,12,10,3,-37.7325,-39.1182,0.459150121,0.448703223,-39.22433333333333,-36.93086,0.0,504,-3.0897999999999968,0,0,1
26444307977,702883671,14989130,1697095280,1697095280,2023-10-12,0.147649632,-70.3097,18.7932,-82.4892,4.738,0.005,0.0003,0.0002,80830,1,182,1,2023-10-12,0,12,10,3,-40.8223,-37.7325,0.433435158,0.459150121,-49.62149999999999,-44.52702,0.0,505,-29.487400000000008,1,1,0
26444307247,702883671,14989130,1697093663,1697093663,2023-10-12,0.459727567,-37.2473,1.1437,-68.9417,3.9815,0.0037,0.0003,0.0002,80830,1,182,1,2023-10-12,0,12,10,3,-48.1063,-46.8744,0.381390391,0.386548254,-44.07599999999999,-51.796440000000004,0.0,506,33.062400000000004,0,0,1
26444307961,702883671,14989130,1697095216,1697095216,2023-10-12,0.139132143,-70.5433,5.0387,-81.9444,4.728,0.0042,0.0003,0.0001,80830,1,182,1,2023-10-12,0,12,10,3,-70.6321,-70.3097,0.134741373,0.147649632,-70.49503333333332,-58.007979999999996,0.0,507,-33.296,0,1,0
26444307945,702883671,14989130,1697095153,1697095153,2023-10-12,0.248894788,-61.4021,4.1948,-81.749,4.7642,0.0048,0.0003,8.94e-06,80830,1,182,1,2023-10-12,0,12,10,3,-70.5433,-70.6321,0.139132143,0.134741373,-67.52583333333332,-62.7419,0.0,508,9.141200000000005,0,1,1
26444307934,702883671,14989130,1697095121,1697095121,2023-10-12,0.247027193,-61.5297,72.3748,-81.7157,4.648,0.005,0.0003,0.0002,80830,1,182,1,2023-10-12,0,12,10,3,-61.4021,-70.5433,0.248894788,0.139132143,-64.49169999999998,-66.88338,0.0,509,-0.12760000000000105,1,1,1
26444307923,702883671,14989130,1697095089,1697095089,2023-10-12,0.246189883,-61.5296,1.6512,-81.6248,4.3403,0.0023,0.0003,0.0002,80830,1,182,1,2023-10-12,0,12,10,3,-61.5297,-61.4021,0.247027193,0.248894788,-61.487133333333325,-65.12736,0.0,510,9.999999999621423e-05,0,1,1
26444307914,702883671,14989130,1697095058,1697095058,2023-10-12,0.256933725,-61.0423,32.5382,-82.1492,4.3567,0.0045,0.0004,0.0003,80830,1,182,1,2023-10-12,0,12,10,3,-61.5296,-61.5297,0.246189883,0.247027193,-61.36719999999999,-63.2094,0.0,511,0.48730000000000473,1,1,1
26444307901,702883671,14989130,1697095026,1697095026,2023-10-12,0.449479005,-39.5671,1.4759,-71.8721,4.2905,0.0016,0.0006,0.0003,80830,1,182,1,2023-10-12,0,12,10,3,-61.0423,-61.5296,0.256933725,0.246189883,-54.04633333333333,-57.014160000000004,0.0,512,21.475199999999994,0,0,1
26444307886,702883671,14989130,1697094994,1697094994,2023-10-12,0.387302784,-48.267,30.4485,-78.7779,4.2365,0.0039,0.0003,0.0002,80830,1,182,1,2023-10-12,0,12,10,3,-39.5671,-61.0423,0.449479005,0.256933725,-49.62546666666666,-54.38714,0.0,513,-8.6999,1,0,1
26444307872,702883671,14989130,1697094963,1697094963,2023-10-12,0.457865111,-39.3623,0.9841,-72.6061,4.2188,0.0036,0.0002,8.94e-06,80830,1,182,1,2023-10-12,0,12,10,3,-48.267,-39.5671,0.387302784,0.449479005,-42.398799999999994,-49.95366,0.0,514,8.904700000000005,0,0,1
26444307862,702883671,14989130,1697094931,1697094931,2023-10-12,0.491117114,-32.9091,2.3093,-64.6693,4.124,0.0101,0.0003,8.94e-06,80830,1,182,1,2023-10-12,0,12,10,3,-39.3623,-48.267,0.457865111,0.387302784,-40.179466666666656,-44.229560000000006,0.0,515,6.453199999999995,0,0,1
26444307848,702883671,14989130,1697094899,1697094899,2023-10-12,0.488960754,-32.9953,11.095,-64.5651,4.1753,0.0101,0.0002,0.0002,80830,1,182,1,2023-10-12,0,12,10,3,-32.9091,-39.3623,0.491117114,0.457865111,-35.08889999999999,-38.62016,0.0,516,-0.08619999999999806,0,0,1
26444307833,702883671,14989130,1697094868,1697094868,2023-10-12,0.461740248,-37.4266,2.3783,-69.5326,4.2,0.0028,0.0003,0.0002,80830,1,182,1,2023-10-12,0,12,10,3,-32.9953,-32.9091,0.488960754,0.491117114,-34.443666666666665,-38.192060000000005,0.0,517,-4.4313,0,0,1
26444307819,702883671,14989130,1697094836,1697094836,2023-10-12,0.452820713,-39.0048,1.196,-71.2834,4.22,0.0036,0.0006,0.0003,80830,1,182,1,2023-10-12,0,12,10,3,-37.4266,-32.9953,0.461740248,0.488960754,-36.47556666666666,-36.339620000000004,0.0,518,-1.5782000000000025,0,0,1
26444307806,702883671,14989130,1697094804,1697094804,2023-10-12,0.460551641,-37.8368,4.4598,-70.1398,4.2298,0.0039,0.0003,0.0002,80830,1,182,1,2023-10-12,0,12,10,3,-39.0048,-37.4266,0.452820713,0.461740248,-38.08939999999999,-36.03452,0.0,519,1.1680000000000064,0,0,1
26444307791,702883671,14989130,1697094772,1697094772,2023-10-12,0.467660104,-38.203,5.2164,-71.7643,4.2255,0.0036,0.0002,0.0002,80830,1,182,1,2023-10-12,0,12,10,3,-37.8368,-39.0048,0.460551641,0.452820713,-38.34819999999999,-37.093300000000006,0.0,520,-0.3662000000000063,0,0,1
26444307775,702883671,14989130,1697094741,1697094741,2023-10-12,0.447475934,-39.2875,0.5092,-71.1055,4.2562,0.0028,0.0002,8.94e-06,80830,1,182,1,2023-10-12,0,12,10,3,-38.203,-37.8368,0.467660104,0.460551641,-38.44243333333333,-38.35174,0.0,521,-1.0844999999999985,0,0,1
26444307419,702883671,14989130,1697094012,1697094012,2023-10-12,0.428502839,-41.7797,1.4465,-73.1057,4.1895,0.0057,0.0003,0.0002,80830,1,182,1,2023-10-12,0,12,10,3,-37.6672,-38.719,0.45635664,0.346669141,-39.388633333333324,-39.88266,0.0,522,-2.492199999999997,0,0,1
26444306257,702883671,14989130,1697091223,1697091223,2023-10-12,0.500802111,-33.6383,3.2986,-67.3847,4.2905,0.0023,0.0003,0.0002,80830,1,182,1,2023-10-12,0,12,10,3,-37.1059,-39.2073,0.4640509,0.446345004,-36.650499999999994,-38.79528,0.0,523,8.141399999999997,0,0,1
26444305982,702883671,14989130,1697090589,1697090589,2023-10-12,0.485249105,-35.2993,2.0274,-68.5755,4.628,0.0023,0.0002,0.0002,80830,1,182,1,2023-10-12,0,12,10,3,-34.5921,-35.6696,0.490076329,0.470808069,-35.18699999999999,-36.47054000000001,0.0,524,-1.6610000000000014,0,0,1
26444307230,702883671,14989130,1697093631,1697093631,2023-10-12,0.485270736,-34.5424,0.9475,-67.1079,3.9442,0.0011,0.0006,0.0003,80830,1,182,1,2023-10-12,0,12,10,3,-46.0815,-36.6312,0.401462784,0.379906794,-39.08503333333332,-39.6185,0.0,525,0.7569000000000017,0,0,1
26444306096,702883671,14989130,1697090842,1697090842,2023-10-12,0.472816707,-35.2499,0.8222,-66.8646,4.4757,0.0078,0.0004,0.0002,80830,1,182,1,2023-10-12,0,12,10,3,-37.2288,-34.5424,0.462132037,0.485270736,-35.67369999999999,-37.94676,0.0,526,-0.707499999999996,0,0,1
26444306231,702883671,14989130,1697091159,1697091159,2023-10-12,0.475501528,-34.9873,1.0039,-66.7062,4.2743,0.0023,0.0003,8.94e-06,80830,1,182,1,2023-10-12,0,12,10,3,-35.2499,-37.2288,0.472816707,0.462132037,-35.821999999999996,-37.61798,0.0,527,0.26259999999999906,0,0,1
26444305924,702883671,14989130,1697090462,1697090462,2023-10-12,0.470769134,-35.2617,2.209,-66.6282,4.3308,0.0023,0.0003,8.94e-06,80830,1,182,1,2023-10-12,0,12,10,3,-34.9873,-35.2499,0.475501528,0.472816707,-35.166299999999985,-35.45402,0.0,528,-0.2744,0,0,1
26444305907,702883672,14989130,1697090430,1697090430,2023-10-12,0.391186052,-46.6097,1.363,-76.5582,4.286,0.0016,0.0003,0.0002,80830,3,183,1,2023-10-12,0,12,10,3,-35.2617,-34.9873,0.470769134,0.475501528,-38.95289999999999,-37.86747999999999,0.0,529,-11.347999999999999,0,0,1
26444306188,702883672,14989130,1697091064,1697091064,2023-10-12,0.404990982,-44.6014,2.606,-74.9592,4.2542,0.0,0.0003,0.0002,80830,3,183,1,2023-10-12,0,12,10,3,-46.6097,-35.2617,0.391186052,0.470769134,-42.15759999999998,-39.342,0.0,530,2.0082999999999984,0,0,1
26444306173,702883672,14989130,1697091032,1697091032,2023-10-12,0.370881613,-49.3047,1.2786,-78.3711,4.3055,0.0016,0.0004,0.0003,80830,3,183,1,2023-10-12,0,12,10,3,-44.6014,-46.6097,0.404990982,0.391186052,-46.838599999999985,-42.15296,0.0,531,-4.703299999999999,0,0,1
26444306161,702883672,14989130,1697091001,1697091001,2023-10-12,0.341494107,-52.2774,11.9925,-79.3879,4.3403,0.0016,0.0003,0.0003,80830,3,183,1,2023-10-12,0,12,10,3,-49.3047,-44.6014,0.370881613,0.404990982,-48.727833333333315,-45.61098,0.0,532,-2.9727000000000032,1,0,1
26444306148,702883672,14989130,1697090969,1697090969,2023-10-12,0.372143895,-49.2528,34.8421,-78.446,4.3727,0.0032,0.0003,0.0002,80830,3,183,1,2023-10-12,0,12,10,3,-52.2774,-49.3047,0.341494107,0.370881613,-50.278299999999994,-48.4092,0.0,533,3.0245999999999995,1,0,1
26444306135,702883672,14989130,1697090937,1697090937,2023-10-12,0.414299588,-44.2663,2.7021,-75.5784,4.4623,0.0045,0.0002,0.0002,80830,3,183,1,2023-10-12,0,12,10,3,-49.2528,-52.2774,0.372143895,0.341494107,-48.598833333333324,-47.94052000000001,0.0,534,4.9864999999999995,0,0,1
26444306122,702883672,14989130,1697090906,1697090906,2023-10-12,0.432493915,-41.7113,55.9169,-73.4993,4.4932,0.005,0.0002,8.94e-06,80830,3,183,1,2023-10-12,0,12,10,3,-44.2663,-49.2528,0.414299588,0.372143895,-45.07679999999999,-47.3625,0.0,535,2.5549999999999997,1,0,1
26444306112,702883672,14989130,1697090874,1697090874,2023-10-12,0.366001603,-49.2088,14.0961,-77.6166,4.4275,0.0062,0.0003,8.94e-06,80830,3,183,1,2023-10-12,0,12,10,3,-41.7113,-44.2663,0.432493915,0.414299588,-45.06213333333332,-47.34332,0.0,536,-7.497499999999995,0,0,1
26444307248,702883673,14989130,1697093663,1697093663,2023-10-12,0.401462784,-46.0815,2.4347,-76.9902,4.1247,0.0071,0.0001,0.0003,80830,4,176,1,2023-10-12,0,12,10,3,-36.6312,-41.5499,0.379906794,0.430074577,-41.420866666666655,-40.35062,0.0,537,3.127299999999998,0,0,1
26444306097,702883672,14989130,1697090842,1697090842,2023-10-12,0.353323863,-50.6652,3.7585,-78.3471,4.501,0.0073,0.0002,0.0002,80830,3,183,1,2023-10-12,0,12,10,3,-49.2088,-41.7113,0.366001603,0.432493915,-47.19509999999999,-47.02088,0.0,538,-4.5837,0,0,1
26444305909,702883671,14989130,1697090430,1697090430,2023-10-12,0.479482385,-34.7699,0.8194,-66.7987,4.2817,0.0016,0.0004,0.0003,80830,1,182,1,2023-10-12,0,12,10,3,-45.9542,-50.6652,0.397540038,0.353323863,-43.79643333333333,-44.461879999999994,0.0,539,15.895299999999999,0,0,1
26444306069,702883672,14989130,1697090779,1697090779,2023-10-12,0.355635098,-50.4597,1.3299,-78.3092,4.493,0.0023,0.0003,0.0002,80830,3,183,1,2023-10-12,0,12,10,3,-34.7699,-45.9542,0.479482385,0.397540038,-43.72793333333332,-46.21156,0.0,540,-15.689799999999998,0,0,1
26444306040,702883672,14989130,1697090715,1697090715,2023-10-12,0.367201902,-49.4981,6.6,-78.221,4.6325,0.0039,0.0006,0.0003,80830,3,183,1,2023-10-12,0,12,10,3,-50.4597,-34.7699,0.355635098,0.479482385,-44.909233333333326,-46.26942,0.0,541,0.9615999999999971,1,0,1
26444306025,702883672,14989130,1697090684,1697090684,2023-10-12,0.371870716,-49.0324,12.1852,-78.061,4.6505,0.0,0.0006,0.0003,80830,3,183,1,2023-10-12,0,12,10,3,-49.4981,-50.4597,0.367201902,0.355635098,-49.66339999999999,-45.942859999999996,0.0,542,0.4656999999999982,1,0,1
26444306007,702883672,14989130,1697090652,1697090652,2023-10-12,0.346478264,-51.6473,1.1802,-79.0292,4.6045,0.0016,0.0003,0.0002,80830,3,183,1,2023-10-12,0,12,10,3,-49.0324,-49.4981,0.371870716,0.367201902,-50.059266666666666,-47.08148,0.0,543,-2.6148999999999987,0,0,1
26444305994,702883672,14989130,1697090620,1697090620,2023-10-12,0.335177309,-52.9149,0.8516,-79.5925,4.6498,0.0028,0.0002,0.0002,80830,3,183,1,2023-10-12,0,12,10,3,-51.6473,-49.0324,0.346478264,0.371870716,-51.19819999999999,-50.710480000000004,0.0,544,-1.2676000000000016,0,0,1
26444305979,702883672,14989130,1697090589,1697090589,2023-10-12,0.349193233,-51.6682,39.5978,-79.391,4.637,0.0032,0.0002,0.0002,80830,3,183,1,2023-10-12,0,12,10,3,-52.9149,-51.6473,0.335177309,0.346478264,-52.07679999999999,-50.95218,0.0,545,1.2467000000000041,1,0,1
26444305964,702883672,14989130,1697090557,1697090557,2023-10-12,0.313217557,-54.9382,10.2482,-79.9936,4.6178,0.0042,0.0002,0.0002,80830,3,183,1,2023-10-12,0,12,10,3,-51.6682,-52.9149,0.349193233,0.335177309,-53.17376666666666,-52.040200000000006,0.0,546,-3.270000000000003,0,0,1
26444305950,702883672,14989130,1697090525,1697090525,2023-10-12,0.354603646,-50.6347,1.259,-78.4552,4.556,0.0134,0.0002,-0.0001,80830,3,183,1,2023-10-12,0,12,10,3,-54.9382,-51.6682,0.313217557,0.349193233,-52.413699999999984,-52.36066000000001,0.0,547,4.3035,0,0,1
26444305935,702883672,14989130,1697090493,1697090493,2023-10-12,0.371001551,-48.9118,10.8697,-77.7614,4.3635,0.0032,0.0004,-0.0001,80830,3,183,1,2023-10-12,0,12,10,3,-50.6347,-54.9382,0.354603646,0.313217557,-51.494899999999994,-51.813559999999995,0.0,548,1.7229000000000028,0,0,1
26444305922,702883672,14989130,1697090462,1697090462,2023-10-12,0.38150802,-47.1803,39.9483,-76.2828,4.3355,0.0023,0.0003,8.94e-06,80830,3,183,1,2023-10-12,0,12,10,3,-48.9118,-50.6347,0.371001551,0.354603646,-48.90893333333332,-50.66664,0.0,549,1.731499999999997,1,0,1
26444306205,702883671,14989130,1697091096,1697091096,2023-10-12,0.47745888,-34.6543,4.4943,-66.3188,4.2752,0.0,0.0004,0.0002,80830,1,182,1,2023-10-12,0,12,10,3,-47.1803,-48.9118,0.38150802,0.371001551,-43.582133333333324,-47.26386000000001,0.0,550,12.526000000000003,0,0,1
26444306218,702883671,14989130,1697091127,1697091127,2023-10-12,0.462132037,-37.2288,2.7244,-69.2155,4.2802,0.0,0.0004,0.0003,80830,1,182,1,2023-10-12,0,12,10,3,-34.5424,-46.0815,0.485270736,0.401462784,-39.284233333333326,-39.206759999999996,0.0,551,-2.5745000000000005,0,0,1
26444306191,702883671,14989130,1697091064,1697091064,2023-10-12,0.48912373,-34.1249,0.8083,-66.7968,4.247,0.0023,0.0003,0.0002,80830,1,182,1,2023-10-12,0,12,10,3,-34.6543,-47.1803,0.47745888,0.38150802,-38.65316666666666,-43.1012,0.0,552,3.103900000000003,0,0,1
26444306176,702883671,14989130,1697091032,1697091032,2023-10-12,0.484320734,-34.5222,1.275,-66.9451,4.3022,0.0016,0.0002,0.0002,80830,1,182,1,2023-10-12,0,12,10,3,-34.1249,-34.6543,0.48912373,0.47745888,-34.43379999999999,-39.8787,0.0,553,-0.3973000000000013,0,0,1
26444306164,702883671,14989130,1697091001,1697091001,2023-10-12,0.491077201,-34.8748,0.9677,-68.5267,4.3353,0.0016,0.0002,0.0002,80830,1,182,1,2023-10-12,0,12,10,3,-34.5222,-34.1249,0.484320734,0.48912373,-34.50729999999999,-37.071299999999994,0.0,554,-0.35260000000000247,0,0,1
26444307198,702883671,14989130,1697093568,1697093568,2023-10-12,0.466537605,-36.7873,6.9203,-68.9595,3.8905,0.0011,0.0003,8.94e-06,80830,1,182,1,2023-10-12,0,12,10,3,-48.0333,-34.8748,0.39126462,0.491077201,-39.89846666666666,-37.668499999999995,0.0,555,-1.9125000000000014,1,0,1
26444307182,702883671,14989130,1697093536,1697093536,2023-10-12,0.459749597,-37.1353,27.5109,-68.7372,3.8635,0.003,0.0004,0.0003,80830,1,182,1,2023-10-12,0,12,10,3,-36.7873,-48.0333,0.466537605,0.39126462,-40.65196666666666,-38.270579999999995,0.0,556,-0.347999999999999,1,0,1
26444307170,702883671,14989130,1697093505,1697093505,2023-10-12,0.454563384,-38.1648,1.1601,-69.9711,3.8465,0.002,0.0006,0.0003,80830,1,182,1,2023-10-12,0,12,10,3,-37.1353,-36.7873,0.459749597,0.466537605,-37.362466666666656,-38.9991,0.0,557,-1.0294999999999987,0,0,1
26444307154,702883671,14989130,1697093473,1697093473,2023-10-12,0.343755364,-38.9934,37.3415,-59.419,3.8685,0.0524,0.0004,0.0002,80830,1,182,1,2023-10-12,0,12,10,3,-38.1648,-37.1353,0.454563384,0.459749597,-38.09783333333332,-39.82282,0.0,558,-0.8286000000000016,1,0,1
26444307139,702883671,14989130,1697093441,1697093441,2023-10-12,0.46619046,-38.1874,0.5744,-71.5375,3.8472,0.0028,0.0004,8.94e-06,80830,1,182,1,2023-10-12,0,12,10,3,-38.9934,-38.1648,0.343755364,0.454563384,-38.44853333333332,-37.85364,0.0,559,0.8060000000000045,0,0,1
26444307123,702883671,14989130,1697093410,1697093410,2023-10-12,0.452477546,-38.2474,0.6345,-69.8554,3.85,0.0028,0.0003,-0.0001,80830,1,182,1,2023-10-12,0,12,10,3,-38.1874,-38.9934,0.46619046,0.343755364,-38.47606666666666,-38.14566000000001,0.0,560,-0.060000000000002274,0,0,1
26444307404,702883671,14989130,1697093980,1697093980,2023-10-12,0.446543498,-40.0221,1.4821,-72.313,4.1537,0.0081,0.0005,0.0002,80830,1,182,1,2023-10-12,0,12,10,3,-38.2474,-38.1874,0.452477546,0.46619046,-38.818966666666654,-38.723020000000005,0.0,561,-1.7747000000000028,0,0,1
26444306608,702883670,14989130,1697092142,1697092142,2023-10-12,0.448831649,-40.8747,1.2501,-74.1601,3.8912,0.0011,0.0003,8.94e-06,80830,2,179,1,2023-10-12,0,12,10,3,-40.0221,-38.2474,0.446543498,0.452477546,-39.71473333333332,-39.265,0.0,562,-0.8525999999999954,0,0,1
26444306228,702883672,14989130,1697091159,1697091159,2023-10-12,0.343260936,-51.7668,2.1218,-78.824,4.2797,0.0,0.0003,8.94e-06,80830,3,183,1,2023-10-12,0,12,10,3,-40.8747,-40.0221,0.448831649,0.446543498,-44.22119999999999,-41.81968,0.0,563,-10.892100000000006,0,0,1
26444306632,702883670,14989130,1697092205,1697092205,2023-10-12,0.445376057,-39.8347,1.3819,-71.8229,3.9095,0.0,0.0004,0.0003,80830,2,179,1,2023-10-12,0,12,10,3,-51.7668,-40.8747,0.343260936,0.448831649,-44.15873333333332,-42.14914,0.0,564,11.932100000000005,0,0,1
26444305953,702883671,14989130,1697090525,1697090525,2023-10-12,0.479860406,-35.0998,1.1546,-67.4815,4.527,0.0081,0.0004,8.94e-06,80830,1,182,1,2023-10-12,0,12,10,3,-39.8347,-51.7668,0.445376057,0.343260936,-42.23376666666666,-41.519619999999996,0.0,565,4.734899999999996,0,0,1
26444306244,702883671,14989130,1697091191,1697091191,2023-10-12,0.467750792,-36.3498,1.1421,-68.2947,4.2802,0.0028,0.0002,8.94e-06,80830,1,182,1,2023-10-12,0,12,10,3,-35.0998,-39.8347,0.479860406,0.445376057,-37.09476666666666,-40.785160000000005,0.0,566,-1.25,0,0,1
26444307523,702883671,14989130,1697094234,1697094234,2023-10-12,0.4640509,-37.1059,3.164,-69.234,4.2053,0.0032,0.0004,0.0003,80830,1,182,1,2023-10-12,0,12,10,3,-39.2073,-42.1051,0.446345004,0.430154313,-39.47276666666665,-40.01692,0.0,567,-0.7560999999999964,0,0,1
26444305967,702883671,14989130,1697090557,1697090557,2023-10-12,0.484783041,-35.2124,0.66,-68.3448,4.608,0.0039,0.0002,0.0002,80830,1,182,1,2023-10-12,0,12,10,3,-36.3498,-35.0998,0.467750792,0.479860406,-35.553999999999995,-39.6527,0.0,568,1.893499999999996,0,0,1
26444306010,702883671,14989130,1697090652,1697090652,2023-10-12,0.479076339,-34.9147,1.3685,-67.0246,4.5933,0.0036,0.0003,0.0002,80830,1,182,1,2023-10-12,0,12,10,3,-34.9923,-35.2124,0.484693502,0.484783041,-35.03979999999999,-35.3138,0.0,569,0.29769999999999897,0,0,1
26444306024,702883671,14989130,1697090684,1697090684,2023-10-12,0.47093613,-35.9346,1.6235,-67.9211,4.6433,0.0023,0.0006,0.0003,80830,1,182,1,2023-10-12,0,12,10,3,-34.9147,-34.9923,0.479076339,0.484693502,-35.28053333333333,-35.480760000000004,0.0,570,-1.0198999999999998,0,0,1
26444306039,702883671,14989130,1697090715,1697090715,2023-10-12,0.47388128,-35.6195,1.7542,-67.7024,4.624,0.0023,0.0006,0.0003,80830,1,182,1,2023-10-12,0,12,10,3,-35.9346,-34.9147,0.47093613,0.479076339,-35.48959999999999,-35.3347,0.0,571,0.31510000000000105,0,0,1
26444306054,702883671,14989130,1697090747,1697090747,2023-10-12,0.464730785,-36.402,1.7051,-68.0069,4.463,0.0094,0.0005,0.0002,80830,1,182,1,2023-10-12,0,12,10,3,-35.6195,-35.9346,0.47388128,0.47093613,-35.98536666666666,-35.57262,0.0,572,-0.7824999999999989,0,0,1
26444306068,702883671,14989130,1697090779,1697090779,2023-10-12,0.474396418,-34.9847,1.25,-66.561,4.4733,0.0083,0.0003,0.0002,80830,1,182,1,2023-10-12,0,12,10,3,-36.402,-35.6195,0.464730785,0.47388128,-35.66873333333333,-35.5711,0.0,573,1.4173000000000044,0,0,1
26444305938,702883671,14989130,1697090493,1697090493,2023-10-12,0.471549352,-35.3023,1.145,-66.8034,4.3565,0.0023,0.0002,8.94e-06,80830,1,182,1,2023-10-12,0,12,10,3,-34.9847,-36.402,0.474396418,0.464730785,-35.56299999999999,-35.64862000000001,0.0,574,-0.3176000000000059,0,0,1
26444306082,702883671,14989130,1697090810,1697090810,2023-10-12,0.479267502,-34.5355,3.573,-66.321,4.592,0.0039,0.0003,0.0002,80830,1,182,1,2023-10-12,0,12,10,3,-35.3023,-34.9847,0.471549352,0.474396418,-34.94083333333332,-35.3688,0.0,575,0.7668000000000035,0,0,1
26444306111,702883671,14989130,1697090874,1697090874,2023-10-12,0.483341251,-33.3884,5.0008,-64.6237,4.4135,0.0032,0.0003,8.94e-06,80830,1,182,1,2023-10-12,0,12,10,3,-34.5355,-35.3023,0.479267502,0.471549352,-34.40873333333332,-34.922579999999996,0.0,576,1.1471000000000018,1,0,1
26444306125,702883671,14989130,1697090906,1697090906,2023-10-12,0.415026214,-43.4033,51.8112,-74.197,4.468,0.0036,0.0003,8.94e-06,80830,1,182,1,2023-10-12,0,12,10,3,-33.3884,-34.5355,0.483341251,0.479267502,-37.109066666666656,-36.32284,0.0,577,-10.014900000000004,1,0,1
26444306138,702883671,14989130,1697090937,1697090937,2023-10-12,0.470808069,-35.6696,1.5735,-67.4039,4.4437,0.0023,0.0003,8.94e-06,80830,1,182,1,2023-10-12,0,12,10,3,-43.4033,-33.3884,0.415026214,0.483341251,-37.48709999999999,-36.45982,0.0,578,7.733699999999999,0,0,1
26444306151,702883671,14989130,1697090969,1697090969,2023-10-12,0.490076329,-34.5921,4.1988,-67.8378,4.3655,0.0,0.0003,0.0003,80830,1,182,1,2023-10-12,0,12,10,3,-35.6696,-43.4033,0.470808069,0.415026214,-37.88833333333333,-36.31778,0.0,579,1.0775000000000006,0,0,1
26444307214,702883671,14989130,1697093600,1697093600,2023-10-12,0.39126462,-48.0333,10.3802,-78.9067,3.9078,0.0,0.0003,0.0003,80830,1,182,1,2023-10-12,0,12,10,3,-34.8748,-34.5222,0.491077201,0.484320734,-39.14343333333332,-37.2419,0.0,580,-13.441199999999995,0,0,1
26444305996,702883671,14989130,1697090620,1697090620,2023-10-12,0.484693502,-34.9923,1.1459,-67.9058,4.6428,0.0028,0.0002,0.0002,80830,1,182,1,2023-10-12,0,12,10,3,-35.2124,-36.3498,0.484783041,0.467750792,-35.518166666666666,-36.2978,0.0,581,13.040999999999997,0,0,1
26444307219,702883687,14989130,1697093602,1697093602,2023-10-12,0.283024227,-57.5586,7.476,-80.2797,3.488,0.0016,0.0003,0.0002,80831,4,58,1,2023-10-12,0,12,10,3,-65.6272,-68.1412,0.188397911,0.158272599,-63.775666666666666,-60.52466,0.0,582,-22.5663,1,0,1
26444307033,702883671,14989130,1697093251,1697093251,2023-10-12,0.346669141,-38.719,42.5135,-59.264,3.8868,0.0602,0.0002,8.94e-06,80830,1,182,1,2023-10-12,0,12,10,3,-38.6739,-42.5735,0.465275445,0.431842749,-39.98879999999999,-39.500260000000004,0.0,583,18.839599999999997,1,0,1
26444307120,702883673,14989130,1697093410,1697093410,2023-10-12,0.369741276,-49.8217,2.2431,-79.0496,3.894,0.0016,0.0003,8.94e-06,80830,4,176,1,2023-10-12,0,12,10,3,-49.8489,-50.6191,0.363694965,0.364439361,-50.09656666666668,-50.259100000000004,0.0,584,-11.102699999999999,0,0,1
26444306377,702883672,14989130,1697091539,1697091539,2023-10-12,0.483984802,-34.305,0.5464,-66.4806,4.2737,0.0,0.0002,0.0003,80830,3,183,1,2023-10-12,0,12,10,3,-51.9127,-40.1674,0.348678102,0.452562574,-42.12836666666666,-40.98004,0.0,585,15.5167,0,0,1
26444306461,702883672,14989130,1697091761,1697091761,2023-10-12,0.504137276,-32.6598,0.9737,-65.8646,3.8312,0.003,0.0003,8.94e-06,80830,3,183,1,2023-10-12,0,12,10,3,-34.305,-51.9127,0.483984802,0.348678102,-39.625833333333325,-40.45214,0.0,586,1.6452000000000027,0,0,1
26444306365,702883672,14989130,1697091508,1697091508,2023-10-12,0.484378463,-33.5022,1.2757,-64.9744,4.3293,0.0016,0.0004,0.0002,80830,3,183,1,2023-10-12,0,12,10,3,-32.6598,-34.305,0.504137276,0.483984802,-33.48899999999999,-38.50942,0.0,587,-0.8424000000000049,0,0,1
26444306340,702883672,14989130,1697091444,1697091444,2023-10-12,0.473319064,-35.5813,2.6564,-67.5576,4.3567,0.0,0.0003,0.0002,80830,3,183,1,2023-10-12,0,12,10,3,-33.5022,-32.6598,0.484378463,0.504137276,-33.91443333333333,-37.592200000000005,0.0,588,-2.079099999999997,0,0,1
26444306328,702883672,14989130,1697091413,1697091413,2023-10-12,0.487103783,-34.9349,0.715,-68.113,4.3232,0.0016,0.0003,0.0003,80830,3,183,1,2023-10-12,0,12,10,3,-35.5813,-33.5022,0.473319064,0.484378463,-34.67279999999999,-34.19664,0.0,589,0.6463999999999999,0,0,1
26444306314,702883672,14989130,1697091381,1697091381,2023-10-12,0.483684467,-35.3466,2.2986,-68.4593,4.2983,0.0,0.0003,8.94e-06,80830,3,183,1,2023-10-12,0,12,10,3,-34.9349,-35.5813,0.487103783,0.473319064,-35.28759999999999,-34.40496,0.0,590,-0.4117000000000033,0,0,1
26444306302,702883672,14989130,1697091349,1697091349,2023-10-12,0.475245812,-34.8823,0.9868,-66.4736,4.2962,0.0016,0.0003,8.94e-06,80830,3,183,1,2023-10-12,0,12,10,3,-35.3466,-34.9349,0.483684467,0.487103783,-35.05459999999999,-34.84946,0.0,591,0.4643000000000015,0,0,1
26444306290,702883672,14989130,1697091318,1697091318,2023-10-12,0.463567335,-36.4749,0.8938,-67.9953,4.2497,0.0,0.0003,0.0002,80830,3,183,1,2023-10-12,0,12,10,3,-34.8823,-35.3466,0.475245812,0.483684467,-35.56793333333332,-35.443999999999996,0.0,592,-1.5925999999999974,0,0,1
26444306278,702883672,14989130,1697091286,1697091286,2023-10-12,0.462342472,-36.5584,24.4712,-67.9957,4.252,0.0032,0.0004,0.0003,80830,3,183,1,2023-10-12,0,12,10,3,-36.4749,-34.8823,0.463567335,0.475245812,-35.97186666666666,-35.639419999999994,0.0,593,-0.0835000000000008,1,0,1
26444306266,702883672,14989130,1697091254,1697091254,2023-10-12,0.326081918,-54.0857,61.0156,-80.2556,4.2945,0.0,0.0006,0.0003,80830,3,183,1,2023-10-12,0,12,10,3,-36.5584,-36.4749,0.462342472,0.463567335,-42.37299999999999,-39.46958,0.0,594,-17.527300000000004,1,0,1
26444306353,702883672,14989130,1697091476,1697091476,2023-10-12,0.469257809,-36.4173,1.0018,-68.6158,4.3745,0.0016,0.0003,0.0002,80830,3,183,1,2023-10-12,0,12,10,3,-54.0857,-36.5584,0.326081918,0.462342472,-42.353799999999985,-39.68372,0.0,595,17.668400000000005,0,0,1
26444307233,702883672,14989130,1697093631,1697093631,2023-10-12,0.421314849,-43.104,43.1782,-74.4861,3.9505,0.0025,0.0003,8.94e-06,80830,3,183,1,2023-10-12,0,12,10,3,-36.4173,-54.0857,0.469257809,0.326081918,-44.53566666666666,-41.32806,0.0,596,-6.686700000000002,1,0,1
26444306473,702883672,14989130,1697091793,1697091793,2023-10-12,0.498378494,-32.7298,1.1547,-65.248,3.791,0.0054,0.0002,0.0002,80830,3,183,1,2023-10-12,0,12,10,3,-43.104,-36.4173,0.421314849,0.469257809,-37.417033333333315,-40.57904,0.0,597,10.374200000000002,0,0,1
26444306497,702883672,14989130,1697091856,1697091856,2023-10-12,0.490363344,-32.8047,1.4067,-64.3688,3.6503,0.0055,0.0003,0.0002,80830,3,183,1,2023-10-12,0,12,10,3,-32.7298,-43.104,0.498378494,0.421314849,-36.21283333333332,-39.8283,0.0,598,-0.07489999999999952,0,0,1
26444306687,702883672,14989130,1697092364,1697092364,2023-10-12,0.480726135,-35.0123,1.0481,-67.4255,3.8775,0.002,0.0003,0.0002,80830,3,183,1,2023-10-12,0,12,10,3,-32.8047,-32.7298,0.490363344,0.498378494,-33.515599999999985,-36.01362,0.0,599,-2.2076000000000064,0,0,1
26444306676,702883672,14989130,1697092332,1697092332,2023-10-12,0.355327395,-37.661,47.8438,-58.4188,3.8752,0.0565,0.0003,0.0002,80830,3,183,1,2023-10-12,0,12,10,3,-35.0123,-32.8047,0.480726135,0.490363344,-35.15933333333333,-36.26236,0.0,600,-2.648699999999998,1,0,1
26444306665,702883672,14989130,1697092300,1697092300,2023-10-12,0.388350157,-47.1108,21.6484,-77.0225,3.8065,0.0044,0.0003,8.94e-06,80830,3,183,1,2023-10-12,0,12,10,3,-37.661,-35.0123,0.355327395,0.480726135,-39.928033333333325,-37.06372,0.0,601,-9.449799999999996,1,0,1
26444306653,702883672,14989130,1697092268,1697092268,2023-10-12,0.473395271,-34.8873,1.0368,-66.2495,3.8,0.0025,0.0004,0.0003,80830,3,183,1,2023-10-12,0,12,10,3,-47.1108,-37.661,0.388350157,0.355327395,-39.88636666666665,-37.49522,0.0,602,12.223499999999994,0,0,1
26444306645,702883672,14989130,1697092237,1697092237,2023-10-12,0.486763025,-33.5774,0.8682,-65.4228,3.8158,0.0023,0.0006,0.0003,80830,3,183,1,2023-10-12,0,12,10,3,-34.8873,-47.1108,0.473395271,0.388350157,-38.52516666666666,-37.64976,0.0,603,1.309900000000006,0,0,1
26444306633,702883672,14989130,1697092205,1697092205,2023-10-12,0.498325316,-32.7573,1.1279,-65.2959,3.891,0.0016,0.0003,0.0003,80830,3,183,1,2023-10-12,0,12,10,3,-33.5774,-34.8873,0.486763025,0.473395271,-33.74066666666666,-37.19876,0.0,604,0.8200999999999965,0,0,1
26444306621,702883672,14989130,1697092173,1697092173,2023-10-12,0.484067142,-35.3349,0.8535,-68.4874,3.9057,0.0011,0.0003,8.94e-06,80830,3,183,1,2023-10-12,0,12,10,3,-32.7573,-33.5774,0.498325316,0.486763025,-33.889866666666656,-36.733540000000005,0.0,605,-2.577599999999997,0,0,1
26444306485,702883672,14989130,1697091825,1697091825,2023-10-12,0.493029646,-32.8023,0.9642,-64.7026,3.7117,0.0075,0.0003,0.0002,80830,3,183,1,2023-10-12,0,12,10,3,-35.3349,-32.7573,0.484067142,0.498325316,-33.63149999999999,-33.87184,0.0,606,2.532599999999995,0,0,1
26444306609,702883672,14989130,1697092142,1697092142,2023-10-12,0.486073335,-33.3874,0.8294,-64.9653,3.87,0.002,0.0003,8.94e-06,80830,3,183,1,2023-10-12,0,12,10,3,-32.8023,-35.3349,0.493029646,0.484067142,-33.841533333333324,-33.57186,0.0,607,-0.5850999999999971,0,0,1
26444306584,702883672,14989130,1697092078,1697092078,2023-10-12,0.493402428,-33.3748,1.0841,-65.8803,3.8923,0.0011,0.0004,0.0003,80830,3,183,1,2023-10-12,0,12,10,3,-33.3874,-32.8023,0.486073335,0.493029646,-33.18816666666666,-33.53134,0.0,608,0.012599999999999056,0,0,1
26444306572,702883672,14989130,1697092047,1697092047,2023-10-12,0.503448317,-33.4148,0.9665,-67.2937,3.9115,0.0,0.0003,0.0002,80830,3,183,1,2023-10-12,0,12,10,3,-33.3748,-33.3874,0.493402428,0.486073335,-33.39233333333332,-33.66284,0.0,609,-0.03999999999999915,0,0,1
26444306389,702883672,14989130,1697091571,1697091571,2023-10-12,0.484613678,-33.6823,1.0537,-65.3535,4.1908,0.0036,0.0003,8.94e-06,80830,3,183,1,2023-10-12,0,12,10,3,-33.4148,-33.3748,0.503448317,0.493402428,-33.49063333333333,-33.33232,0.0,610,-0.2674999999999983,0,0,1
26444306559,702883672,14989130,1697092015,1697092015,2023-10-12,0.368312641,-36.9232,50.6285,-58.4517,3.831,0.154,0.0002,8.94e-06,80830,3,183,1,2023-10-12,0,12,10,3,-33.6823,-33.4148,0.484613678,0.503448317,-34.67343333333333,-34.15650000000001,0.0,611,-3.2409000000000034,1,0,1
26444306399,702883672,14989130,1697091603,1697091603,2023-10-12,0.494914596,-33.3022,1.358,-65.9338,4.0033,0.0023,0.0002,8.94e-06,80830,3,183,1,2023-10-12,0,12,10,3,-36.9232,-33.6823,0.368312641,0.484613678,-34.63589999999999,-34.13946,0.0,612,3.621000000000002,0,0,1
26444306422,702883672,14989130,1697091666,1697091666,2023-10-12,0.499286818,-32.7873,1.2227,-65.4812,3.9145,0.0023,0.0004,0.0003,80830,3,183,1,2023-10-12,0,12,10,3,-33.3022,-36.9232,0.494914596,0.368312641,-34.33756666666666,-34.02196,0.0,613,0.5148999999999972,0,0,1
26444306919,702883672,14989130,1697093029,1697093029,2023-10-12,0.438764921,-40.2373,1.0534,-71.6942,3.8632,0.002,0.0003,8.94e-06,80830,3,183,1,2023-10-12,0,12,10,3,-32.7873,-33.3022,0.499286818,0.494914596,-35.442266666666654,-35.38646,0.0,614,-7.449999999999996,0,0,1
26444306930,702883672,14989130,1697093061,1697093061,2023-10-12,0.454310281,-39.8049,0.8548,-72.9442,3.8828,0.0016,0.0002,-0.0001,80830,3,183,1,2023-10-12,0,12,10,3,-40.2373,-32.7873,0.438764921,0.499286818,-37.60983333333332,-36.61098,0.0,615,0.4323999999999941,0,0,1
26444306939,702883672,14989130,1697093093,1697093093,2023-10-12,0.455331327,-38.5224,0.7821,-70.7263,3.8853,0.0,0.0004,0.0003,80830,3,183,1,2023-10-12,0,12,10,3,-39.8049,-40.2373,0.454310281,0.438764921,-39.52153333333332,-36.930820000000004,0.0,616,1.282500000000006,0,0,1
26444307217,702883672,14989130,1697093600,1697093600,2023-10-12,0.415001905,-43.2984,24.5421,-74.0146,3.9118,0.0011,0.0003,8.94e-06,80830,3,183,1,2023-10-12,0,12,10,3,-38.5224,-39.8049,0.455331327,0.454310281,-40.54189999999999,-38.93006,0.0,617,-4.776000000000003,1,0,1
26444307201,702883672,14989130,1697093568,1697093568,2023-10-12,0.439798302,-40.3171,5.8651,-71.9689,3.8945,0.0,0.0004,0.0003,80830,3,183,1,2023-10-12,0,12,10,3,-43.2984,-38.5224,0.415001905,0.455331327,-40.71263333333332,-40.43602,0.0,618,2.9812999999999974,0,0,1
26444307185,702883672,14989130,1697093536,1697093536,2023-10-12,0.470879042,-36.8501,30.5816,-69.644,3.8685,0.003,0.0006,0.0002,80830,3,183,1,2023-10-12,0,12,10,3,-40.3171,-43.2984,0.439798302,0.415001905,-40.15519999999999,-39.75858,0.0,619,3.467000000000006,1,0,1
26444307169,702883672,14989130,1697093505,1697093505,2023-10-12,0.461619581,-38.9024,0.9614,-72.2582,3.853,0.002,0.0002,0.0002,80830,3,183,1,2023-10-12,0,12,10,3,-36.8501,-40.3171,0.470879042,0.439798302,-38.68986666666666,-39.57808,0.0,620,-2.0523000000000025,0,0,1
26444307153,702883672,14989130,1697093473,1697093473,2023-10-12,0.333729555,-39.0122,35.4781,-58.5531,3.8768,0.0556,0.0002,-0.0001,80830,3,183,1,2023-10-12,0,12,10,3,-38.9024,-36.8501,0.461619581,0.470879042,-38.254899999999985,-39.67604,0.0,621,-0.1097999999999999,1,0,1
26444307138,702883672,14989130,1697093441,1697093441,2023-10-12,0.452529877,-38.407,1.6699,-70.1536,3.854,0.0011,0.0005,0.0002,80830,3,183,1,2023-10-12,0,12,10,3,-39.0122,-38.9024,0.333729555,0.461619581,-38.773866666666656,-38.69776,0.0,622,0.6052000000000035,0,0,1
26444307122,702883672,14989130,1697093410,1697093410,2023-10-12,0.453778306,-38.3647,1.2487,-70.2365,3.857,0.0025,0.0003,0.0002,80830,3,183,1,2023-10-12,0,12,10,3,-38.407,-39.0122,0.452529877,0.333729555,-38.59463333333332,-38.30728,0.0,623,0.04229999999999734,0,0,1
26444306727,702883672,14989130,1697092490,1697092490,2023-10-12,0.464337594,-37.5757,9.5584,-70.1481,4.0563,0.005,0.0002,0.0002,80830,3,183,1,2023-10-12,0,12,10,3,-38.3647,-38.407,0.453778306,0.452529877,-38.115799999999986,-38.4524,0.0,624,0.7890000000000015,0,0,1
26444307105,702883672,14989130,1697093378,1697093378,2023-10-12,0.328873541,-39.3164,48.3238,-58.5827,3.892,0.064,0.0003,0.0002,80830,3,183,1,2023-10-12,0,12,10,3,-37.5757,-38.3647,0.464337594,0.453778306,-38.41893333333332,-38.535199999999996,0.0,625,-1.740700000000004,1,0,1
26444307070,702883672,14989130,1697093314,1697093314,2023-10-12,0.447065031,-38.8773,1.1027,-70.3108,3.871,0.0025,0.0003,-0.0001,80830,3,183,1,2023-10-12,0,12,10,3,-39.3164,-37.5757,0.328873541,0.464337594,-38.58979999999999,-38.508219999999994,0.0,626,0.4391000000000034,0,0,1
26444307050,702883672,14989130,1697093283,1697093283,2023-10-12,0.446268757,-39.4621,1.5503,-71.2658,3.868,0.0,0.0003,0.0002,80830,3,183,1,2023-10-12,0,12,10,3,-38.8773,-39.3164,0.447065031,0.328873541,-39.21859999999999,-38.71924,0.0,627,-0.5848000000000013,0,0,1
26444307032,702883672,14989130,1697093251,1697093251,2023-10-12,0.449882845,-39.4198,1.2403,-71.6571,3.863,0.002,0.0003,0.0002,80830,3,183,1,2023-10-12,0,12,10,3,-39.4621,-38.8773,0.446268757,0.447065031,-39.253066666666655,-38.93026,0.0,628,0.04229999999999734,0,0,1
26444307013,702883672,14989130,1697093219,1697093219,2023-10-12,0.463101342,-38.3249,0.6102,-71.382,3.8655,0.0025,0.0002,0.0002,80830,3,183,1,2023-10-12,0,12,10,3,-39.4198,-39.4621,0.449882845,0.446268757,-39.06893333333333,-39.0801,0.0,629,1.0949000000000026,0,0,1
26444306994,702883672,14989130,1697093188,1697093188,2023-10-12,0.457256027,-38.2298,1.1419,-70.438,3.871,0.0028,0.0003,8.94e-06,80830,3,183,1,2023-10-12,0,12,10,3,-38.3249,-39.4198,0.463101342,0.449882845,-38.65816666666666,-38.86278,0.0,630,0.09510000000000218,0,0,1
26444306975,702883672,14989130,1697093156,1697093156,2023-10-12,0.328050399,-39.3364,51.1957,-58.5407,3.8087,0.1392,0.0003,8.94e-06,80830,3,183,1,2023-10-12,0,12,10,3,-38.2298,-38.3249,0.457256027,0.463101342,-38.63036666666665,-38.9546,0.0,631,-1.1066000000000003,1,0,1
26444306949,702883672,14989130,1697093124,1697093124,2023-10-12,0.451135781,-38.5149,0.7661,-70.172,3.8817,0.0,0.0003,0.0002,80830,3,183,1,2023-10-12,0,12,10,3,-39.3364,-38.2298,0.328050399,0.457256027,-38.693699999999986,-38.76516,0.0,632,0.8215000000000003,0,0,1
26444307086,702883672,14989130,1697093346,1697093346,2023-10-12,0.462030131,-38.54,0.3299,-71.6397,3.8652,0.0028,0.0002,8.94e-06,80830,3,183,1,2023-10-12,0,12,10,3,-38.5149,-39.3364,0.451135781,0.328050399,-38.797099999999986,-38.5892,0.0,633,-0.0251000000000019,0,0,1
26444306717,702883672,14989130,1697092459,1697092459,2023-10-12,0.461115359,-38.5524,0.7356,-71.5411,3.9745,0.0025,0.0002,-0.0001,80830,3,183,1,2023-10-12,0,12,10,3,-38.54,-38.5149,0.462030131,0.451135781,-38.53576666666666,-38.634699999999995,0.0,634,-0.012399999999999523,0,0,1
26444306707,702883672,14989130,1697092427,1697092427,2023-10-12,0.416355104,-43.4289,19.2531,-74.4098,3.9608,0.002,0.0003,-0.0001,80830,3,183,1,2023-10-12,0,12,10,3,-38.5524,-38.54,0.461115359,0.462030131,-40.17376666666666,-39.67452,0.0,635,-4.8765,1,0,1
26444306697,702883672,14989130,1697092395,1697092395,2023-10-12,0.486919543,-34.0963,27.999,-66.4541,3.9022,0.007,0.0003,0.0002,80830,3,183,1,2023-10-12,0,12,10,3,-43.4289,-38.5524,0.416355104,0.461115359,-38.69253333333332,-38.6265,0.0,636,9.3326,1,0,1
26444306448,702883672,14989130,1697091730,1697091730,2023-10-12,0.485807745,-33.4824,0.8911,-65.1165,3.87,0.002,0.0003,8.94e-06,80830,3,183,1,2023-10-12,0,12,10,3,-34.0963,-43.4289,0.486919543,0.416355104,-37.002533333333325,-37.62,0.0,637,0.613900000000001,0,0,1
26444306434,702883672,14989130,1697091698,1697091698,2023-10-12,0.493516471,-33.0949,0.8886,-65.3425,3.8915,0.0,0.0003,0.0002,80830,3,183,1,2023-10-12,0,12,10,3,-33.4824,-34.0963,0.485807745,0.486919543,-33.557866666666655,-36.53098,0.0,638,0.38749999999999574,0,0,1
26444306411,702883672,14989130,1697091635,1697091635,2023-10-12,0.503451243,-33.2424,0.8727,-66.9469,3.9435,0.002,0.0003,0.0002,80830,3,183,1,2023-10-12,0,12,10,3,-33.0949,-33.4824,0.493516471,0.485807745,-33.27323333333333,-35.46898,0.0,639,-0.14750000000000085,0,0,1
26444306738,702883672,14989130,1697092522,1697092522,2023-10-12,0.426535213,-42.607,1.6704,-74.2975,4.049,0.0068,0.0006,0.0002,80830,3,183,1,2023-10-12,0,12,10,3,-73.0955,-60.9511,0.096718824,0.245825512,-58.88453333333333,-61.02464,0.0,640,-9.364599999999996,0,0,1
26444306905,702883672,14989130,1697092997,1697092997,2023-10-12,0.441222515,-40.1547,1.4152,-71.8617,3.8372,0.0011,0.0003,0.0002,80830,3,183,1,2023-10-12,0,12,10,3,-33.2424,-33.0949,0.503451243,0.493516471,-35.49733333333332,-34.814139999999995,0.0,641,2.452300000000001,0,0,1
26444306521,702883672,14989130,1697091920,1697091920,2023-10-12,0.500857161,-33.1923,0.9638,-66.4986,3.6273,0.0025,0.0003,0.0003,80830,3,183,1,2023-10-12,0,12,10,3,-32.898,-40.1547,0.494430716,0.441222515,-35.41499999999999,-34.51646,0.0,642,6.962399999999995,0,0,1
26444308255,702883706,14989130,1697096706,1697096706,2023-10-12,0.109137218,-72.4022,37.4064,-81.272,4.406,0.0081,0.0006,0.0003,80830,3,7,1,2023-10-12,0,12,10,3,-70.0843,-33.1923,0.131166258,0.500857161,-58.55959999999999,-49.7463,0.0,643,-39.20989999999999,1,1,0
26444308064,702883700,14989130,1697095692,1697095692,2023-10-12,0.244320304,-60.6971,5.7549,-80.3212,4.3107,0.0016,0.0002,0.0002,80830,3,16,1,2023-10-12,0,12,10,3,-72.4022,-70.0843,0.109137218,0.131166258,-67.72786666666666,-53.854780000000005,0.0,644,11.705099999999995,0,1,1
26444308248,702883706,14989130,1697096674,1697096674,2023-10-12,0.195485909,-64.9444,7.1086,-80.725,4.619,0.007,0.0003,0.0002,80830,3,7,1,2023-10-12,0,12,10,3,-60.6971,-72.4022,0.244320304,0.109137218,-66.01456666666665,-60.26405999999999,0.0,645,-4.247300000000003,0,1,1
26444308238,702883706,14989130,1697096611,1697096611,2023-10-12,0.204549484,-64.6049,35.8391,-81.218,4.3295,0.0075,0.0002,8.94e-06,80830,3,7,1,2023-10-12,0,12,10,3,-64.9444,-60.6971,0.195485909,0.244320304,-63.41546666666667,-66.54657999999999,0.0,646,0.339500000000001,1,1,1
26444308237,702883706,14989130,1697096579,1697096579,2023-10-12,0.127674958,-70.4597,5.7029,-80.7723,4.3163,0.0032,0.0003,0.0,80830,3,7,1,2023-10-12,0,12,10,3,-64.6049,-64.9444,0.204549484,0.195485909,-66.66966666666666,-66.62165999999999,0.0,647,-5.854799999999997,0,1,0
26444308123,702883700,14989130,1697095945,1697095945,2023-10-12,0.10960247,-72.2993,34.0887,-81.1989,4.3072,0.0119,0.0006,0.0003,80830,3,16,1,2023-10-12,0,12,10,3,-70.4597,-64.6049,0.127674958,0.204549484,-69.12129999999999,-66.60108,0.0,648,-1.8396000000000043,1,1,0
26444308115,702883700,14989130,1697095913,1697095913,2023-10-12,0.120458915,-70.867,23.6819,-80.5727,4.279,0.0073,0.0003,0.0003,80830,3,16,1,2023-10-12,0,12,10,3,-72.2993,-70.4597,0.10960247,0.127674958,-71.20866666666666,-68.63506,0.0,649,1.432299999999998,1,1,0
26444308108,702883700,14989130,1697095882,1697095882,2023-10-12,0.112920009,-71.184,10.8271,-80.2453,4.3282,0.0083,0.0003,0.0002,80830,3,16,1,2023-10-12,0,12,10,3,-70.867,-72.2993,0.120458915,0.10960247,-71.45009999999998,-69.88298,0.0,650,-0.31699999999999307,0,1,0
26444308093,702883700,14989130,1697095818,1697095818,2023-10-12,0.149937532,-68.3117,4.5273,-80.3608,4.3652,0.0084,0.0003,0.0001,80830,3,16,1,2023-10-12,0,12,10,3,-71.184,-70.867,0.112920009,0.120458915,-70.12089999999999,-70.62434,0.0,651,2.8722999999999956,0,1,0
26444308078,702883700,14989130,1697095755,1697095755,2023-10-12,0.17146651,-66.515,6.829,-80.2804,4.3362,0.007,0.0005,0.0002,80830,3,16,1,2023-10-12,0,12,10,3,-68.3117,-71.184,0.149937532,0.112920009,-68.67023333333331,-69.8354,0.0,652,1.7967000000000013,0,1,1
26444308243,702883706,14989130,1697096642,1697096642,2023-10-12,0.134001691,-69.9511,22.0296,-80.7751,4.6145,0.007,0.0002,0.0002,80830,3,7,1,2023-10-12,0,12,10,3,-66.515,-68.3117,0.17146651,0.149937532,-68.25926666666665,-69.36576,0.0,653,-3.436099999999996,1,1,0
26444306750,702883672,14989130,1697092554,1697092554,2023-10-12,0.41249115,-43.9815,42.7699,-74.861,4.101,0.0087,0.0004,0.0003,80830,3,183,1,2023-10-12,0,12,10,3,-42.607,-73.0955,0.426535213,0.096718824,-53.22799999999999,-57.636739999999996,0.0,654,25.9696,1,0,1
26444308307,702883708,14989130,1697097055,1697097055,2023-10-12,0.131609465,-70.0911,43.1755,-80.7138,3.9245,0.0069,0.0003,8.94e-06,80830,3,10,1,2023-10-12,0,12,10,3,-69.9511,-66.515,0.134001691,0.17146651,-68.85239999999999,-69.21058,0.0,655,-26.1096,1,1,0
26444307847,702883672,14989130,1697094899,1697094899,2023-10-12,0.477173637,-33.9479,68.2222,-64.9315,4.1872,0.0028,0.0004,0.0002,80830,3,183,1,2023-10-12,0,12,10,3,-23.9974,-70.0911,0.582290688,0.131609465,-42.67879999999999,-52.9005,0.0,656,36.1432,1,0,1
26444307526,702883672,14989130,1697094234,1697094234,2023-10-12,0.463524215,-37.5297,5.7766,-69.956,4.2168,0.0042,0.0003,0.0002,80830,3,183,1,2023-10-12,0,12,10,3,-33.9479,-23.9974,0.477173637,0.582290688,-31.82499999999999,-47.10344,0.0,657,-3.581800000000001,0,0,1
26444307509,702883672,14989130,1697094202,1697094202,2023-10-12,0.428351199,-42.3099,0.6793,-74.0138,4.2123,0.0042,0.0002,0.0002,80830,3,183,1,2023-10-12,0,12,10,3,-37.5297,-33.9479,0.463524215,0.477173637,-37.92916666666665,-41.575199999999995,0.0,658,-4.780200000000001,0,0,1
26444307497,702883672,14989130,1697094170,1697094170,2023-10-12,0.472616556,-37.3619,1.8664,-70.8439,4.1922,0.0032,0.0002,8.94e-06,80830,3,183,1,2023-10-12,0,12,10,3,-42.3099,-37.5297,0.428351199,0.463524215,-39.06716666666665,-35.029360000000004,0.0,659,4.948,0,0,1
26444307481,702883672,14989130,1697094139,1697094139,2023-10-12,0.445375713,-38.612,12.428,-69.6183,4.206,0.0045,0.0002,8.94e-06,80830,3,183,1,2023-10-12,0,12,10,3,-37.3619,-42.3099,0.472616556,0.428351199,-39.42793333333332,-37.95228,0.0,660,-1.2501000000000033,0,0,1
26444307465,702883672,14989130,1697094107,1697094107,2023-10-12,0.458966073,-37.0849,17.7189,-68.5445,4.2183,0.0,0.0005,0.0002,80830,3,183,1,2023-10-12,0,12,10,3,-38.612,-37.3619,0.445375713,0.472616556,-37.686266666666654,-38.57968,0.0,661,1.5271000000000043,1,0,1
26444307450,702883672,14989130,1697094075,1697094075,2023-10-12,0.472730802,-35.5806,19.5555,-67.4809,4.212,0.0036,0.0003,0.0002,80830,3,183,1,2023-10-12,0,12,10,3,-37.0849,-38.612,0.458966073,0.445375713,-37.092499999999994,-38.189859999999996,0.0,662,1.5043000000000006,1,0,1
26444307433,702883672,14989130,1697094043,1697094043,2023-10-12,0.471226258,-36.3147,1.4393,-68.6772,4.2268,0.0028,0.0006,0.0003,80830,3,183,1,2023-10-12,0,12,10,3,-35.5806,-37.0849,0.472730802,0.458966073,-36.32673333333332,-36.99082,0.0,663,-0.7341000000000051,0,0,1
26444307542,702883672,14989130,1697094265,1697094265,2023-10-12,0.385753423,-47.107,4.3073,-76.6907,4.2637,0.0,0.0005,0.0002,80830,3,183,1,2023-10-12,0,12,10,3,-36.3147,-35.5806,0.471226258,0.472730802,-39.66743333333332,-38.93984,0.0,664,-10.792299999999997,0,0,1
26444307418,702883672,14989130,1697094012,1697094012,2023-10-12,0.474704932,-36.0323,0.9991,-68.5944,4.195,0.0045,0.0003,0.0003,80830,3,183,1,2023-10-12,0,12,10,3,-47.107,-36.3147,0.385753423,0.471226258,-39.81799999999999,-38.423899999999996,0.0,665,11.0747,0,0,1
26444307389,702883672,14989130,1697093948,1697093948,2023-10-12,0.462966659,-36.5898,1.23,-68.1332,4.1715,0.0094,0.0003,8.94e-06,80830,3,183,1,2023-10-12,0,12,10,3,-36.0323,-47.107,0.474704932,0.385753423,-39.90969999999999,-38.32487999999999,0.0,666,-0.5574999999999974,0,0,1
26444308265,702883706,14989130,1697096769,1697096769,2023-10-12,0.130272562,-70.1176,37.4936,-80.6202,4.3295,0.0042,0.0003,0.0002,80830,3,7,1,2023-10-12,0,12,10,3,-36.5898,-36.0323,0.462966659,0.474704932,-47.57989999999999,-45.232279999999996,0.0,667,-33.5278,1,1,0
26444308260,702883706,14989130,1697096738,1697096738,2023-10-12,0.131166258,-70.0843,8.9778,-80.6648,4.3515,0.0105,0.0003,0.0002,80830,3,7,1,2023-10-12,0,12,10,3,-33.1923,-32.898,0.500857161,0.494430716,-45.391533333333335,-41.91434,0.0,668,0.033299999999997,0,1,0
26444306124,702883673,14989130,1697090906,1697090906,2023-10-12,0.394320368,-46.5913,20.8127,-76.924,4.6283,0.0023,0.0003,0.0002,80830,4,176,1,2023-10-12,0,12,10,3,-67.119,-47.3549,0.166779428,0.391019137,-53.6884,-58.15826,0.0,669,23.493000000000002,1,0,1
26444306533,702883672,14989130,1697091952,1697091952,2023-10-12,0.47615408,-35.6397,1.4319,-68.0347,3.7862,0.0083,0.0003,0.0002,80830,3,183,1,2023-10-12,0,12,10,3,-70.1176,-36.5898,0.130272562,0.462966659,-47.449033333333325,-45.09728,0.0,670,10.9516,0,0,1
26444308288,702883708,14989130,1697096928,1697096928,2023-10-12,0.114194093,-71.6547,5.6905,-80.8921,4.2213,0.0112,0.0005,-0.0001,80830,3,10,1,2023-10-12,0,12,10,3,-72.3896,-35.6397,0.104823641,0.47615408,-59.89466666666666,-57.27828000000001,0.0,671,-36.01500000000001,0,1,0
26444306597,702883672,14989130,1697092110,1697092110,2023-10-12,0.485111092,-34.0149,0.8886,-66.0626,3.8835,0.0,0.0004,0.0003,80830,3,183,1,2023-10-12,0,12,10,3,-34.7592,-71.6547,0.480447579,0.114194093,-46.80959999999999,-49.69162,0.0,672,37.63980000000001,0,0,1
26444307246,702883672,14989130,1697093663,1697093663,2023-10-12,0.437861262,-41.4199,0.901,-73.6827,3.9902,0.0028,0.0003,0.0003,80830,3,183,1,2023-10-12,0,12,10,3,-34.0149,-34.7592,0.485111092,0.480447579,-36.73133333333332,-50.847660000000005,0.0,673,-7.405000000000001,0,0,1
26444307262,702883672,14989130,1697093695,1697093695,2023-10-12,0.371148502,-49.962,78.6933,-79.4496,4.0142,0.0066,0.0006,0.0003,80830,3,183,1,2023-10-12,0,12,10,3,-41.4199,-34.0149,0.437861262,0.485111092,-41.79893333333333,-46.36214,0.0,674,-8.542100000000005,1,0,1
26444307279,702883672,14989130,1697093726,1697093726,2023-10-12,0.443131708,-39.8799,0.5641,-71.6146,4.0103,0.005,0.0004,0.0003,80830,3,183,1,2023-10-12,0,12,10,3,-49.962,-41.4199,0.371148502,0.437861262,-43.75393333333332,-40.007180000000005,0.0,675,10.082100000000004,0,0,1
26444308043,702883700,14989130,1697095597,1697095597,2023-10-12,0.225524807,-62.4124,24.4763,-80.5867,4.5483,0.0118,0.0003,8.94e-06,80830,3,16,1,2023-10-12,0,12,10,3,-39.8799,-49.962,0.443131708,0.371148502,-50.751433333333324,-45.537819999999996,0.0,676,-22.5325,1,1,1
26444308037,702883700,14989130,1697095565,1697095565,2023-10-12,0.226714831,-61.9512,6.3191,-80.1143,4.6805,0.0042,0.0003,8.94e-06,80830,3,16,1,2023-10-12,0,12,10,3,-62.4124,-39.8799,0.225524807,0.443131708,-54.74783333333332,-51.125080000000004,0.0,677,0.46119999999999806,0,1,1
26444308030,702883700,14989130,1697095533,1697095533,2023-10-12,0.103873974,-72.1532,13.9646,-80.5168,4.8098,0.0221,0.0003,8.94e-06,80830,3,16,1,2023-10-12,0,12,10,3,-61.9512,-62.4124,0.226714831,0.225524807,-65.50559999999999,-57.27174,0.0,678,-10.201999999999998,0,1,0
26444308023,702883700,14989130,1697095501,1697095501,2023-10-12,0.147060961,-69.2311,13.8106,-81.1677,4.842,0.0112,0.0003,0.0002,80830,3,16,1,2023-10-12,0,12,10,3,-72.1532,-61.9512,0.103873974,0.226714831,-67.7785,-61.12555999999999,0.0,679,2.9221000000000004,0,1,0
26444308016,702883700,14989130,1697095470,1697095470,2023-10-12,0.126720944,-71.4034,16.0358,-81.7647,4.7765,0.0118,0.0004,0.0002,80830,3,16,1,2023-10-12,0,12,10,3,-69.2311,-72.1532,0.147060961,0.103873974,-70.92923333333333,-67.43026,0.0,680,-2.172300000000007,0,1,0
26444308009,702883700,14989130,1697095438,1697095438,2023-10-12,0.146270675,-69.8319,61.4949,-81.7963,4.8132,0.0132,0.0002,0.0004,80830,3,16,1,2023-10-12,0,12,10,3,-71.4034,-69.2311,0.126720944,0.147060961,-70.15546666666665,-68.91416000000001,0.0,681,1.5715000000000003,1,1,0
26444306292,702883673,14989130,1697091318,1697091318,2023-10-12,0.354056779,-50.9323,1.1766,-78.8495,4.2895,0.0023,0.0003,8.94e-06,80830,4,176,1,2023-10-12,0,12,10,3,-69.8319,-71.4034,0.146270675,0.126720944,-64.05586666666666,-66.71038000000001,0.0,682,18.899600000000007,0,0,1
26444308050,702883700,14989130,1697095628,1697095628,2023-10-12,0.229204424,-61.7963,4.7556,-80.1721,4.388,0.0045,0.0004,0.0002,80830,3,16,1,2023-10-12,0,12,10,3,-50.9323,-69.8319,0.354056779,0.146270675,-60.8535,-64.639,0.0,683,-10.864000000000004,0,1,1
26444307978,702883672,14989130,1697095280,1697095280,2023-10-12,0.223001808,-62.1597,16.4285,-79.9998,4.7385,0.0028,0.0003,8.94e-06,80830,3,183,1,2023-10-12,0,12,10,3,-61.7963,-50.9323,0.229204424,0.354056779,-58.29609999999999,-63.224720000000005,0.0,684,-0.3633999999999986,0,1,1
26444307962,702883672,14989130,1697095216,1697095216,2023-10-12,0.296413043,-56.0699,0.7523,-79.6915,4.7317,0.0023,0.0003,-0.0001,80830,3,183,1,2023-10-12,0,12,10,3,-62.1597,-61.7963,0.223001808,0.229204424,-60.00863333333333,-60.15802,0.0,685,6.089800000000004,0,0,1
26444307946,702883672,14989130,1697095153,1697095153,2023-10-12,0.123068329,-70.9564,12.7849,-80.9144,4.7705,0.01,0.0003,8.94e-06,80830,3,183,1,2023-10-12,0,12,10,3,-56.0699,-62.1597,0.296413043,0.223001808,-63.06199999999999,-60.38291999999999,0.0,686,-14.886500000000005,1,1,0
26444307922,702883672,14989130,1697095089,1697095089,2023-10-12,0.421277811,-42.7575,0.4749,-73.8826,4.3472,0.0023,0.0004,0.0003,80830,3,183,1,2023-10-12,0,12,10,3,-57.6506,-70.9564,0.27960343,0.123068329,-57.1215,-57.918820000000004,0.0,687,28.198900000000002,0,0,1
26444307912,702883672,14989130,1697095058,1697095058,2023-10-12,0.342998333,-51.8645,1.7286,-78.9412,4.364,0.0039,0.0006,0.0003,80830,3,183,1,2023-10-12,0,12,10,3,-42.7575,-57.6506,0.421277811,0.27960343,-50.75753333333333,-55.85978,0.0,688,-9.107,0,0,1
26444307899,702883672,14989130,1697095026,1697095026,2023-10-12,0.501912956,-32.2345,1.7567,-64.7166,4.2945,0.0,0.0006,0.0003,80830,3,183,1,2023-10-12,0,12,10,3,-51.8645,-42.7575,0.342998333,0.421277811,-42.28549999999999,-51.0927,0.0,689,19.630000000000003,0,0,1
26444307970,702883672,14989130,1697095248,1697095248,2023-10-12,0.27973831,-57.491,6.2742,-79.8196,4.6405,0.0023,0.0003,8.94e-06,80830,3,183,1,2023-10-12,0,12,10,3,-32.2345,-51.8645,0.501912956,0.342998333,-47.19666666666666,-48.39962,0.0,690,-25.256500000000003,0,0,1
26444307889,702883672,14989130,1697094994,1697094994,2023-10-12,0.559414051,-26.4886,7.5318,-60.1213,4.2447,0.0028,0.0003,0.0003,80830,3,183,1,2023-10-12,0,12,10,3,-57.491,-32.2345,0.27973831,0.501912956,-38.73803333333333,-42.16722,0.0,691,31.002399999999998,1,0,1
26444308057,702883700,14989130,1697095660,1697095660,2023-10-12,0.239103826,-60.921,6.3283,-80.0648,4.3365,0.0,0.0002,0.0002,80830,3,16,1,2023-10-12,0,12,10,3,-26.4886,-57.491,0.559414051,0.27973831,-48.3002,-45.79992,0.0,692,-34.4324,0,1,1
26444308071,702883700,14989130,1697095723,1697095723,2023-10-12,0.159661419,-67.5486,7.2117,-80.3826,4.297,0.0028,0.0003,0.0002,80830,3,16,1,2023-10-12,0,12,10,3,-60.921,-26.4886,0.239103826,0.559414051,-51.65273333333332,-48.93674,0.0,693,-6.627599999999994,0,1,1
26444308297,702883708,14989130,1697096991,1697096991,2023-10-12,0.245825512,-60.9511,7.2429,-80.8183,4.1117,0.0118,0.0003,0.0004,80830,3,10,1,2023-10-12,0,12,10,3,-67.5486,-60.921,0.159661419,0.239103826,-63.14023333333333,-54.680060000000005,0.0,694,6.597499999999997,0,1,1
26444308283,702883708,14989130,1697096896,1697096896,2023-10-12,0.096718824,-73.0955,12.7127,-80.9222,4.257,0.0147,0.0005,-0.0001,80830,3,10,1,2023-10-12,0,12,10,3,-60.9511,-67.5486,0.245825512,0.159661419,-67.19839999999999,-57.800959999999996,0.0,695,-12.144400000000005,1,1,0
26444306509,702883672,14989130,1697091888,1697091888,2023-10-12,0.480447579,-34.7592,2.1627,-66.9022,3.6543,0.0036,0.0003,8.94e-06,80830,3,183,1,2023-10-12,0,12,10,3,-71.6547,-72.3896,0.114194093,0.104823641,-59.601166666666664,-56.91216000000001,0.0,696,38.3363,0,0,1
26444308282,702883708,14989130,1697096864,1697096864,2023-10-12,0.104823641,-72.3896,20.9049,-80.8663,4.287,0.0016,0.0003,0.0,80830,3,10,1,2023-10-12,0,12,10,3,-35.6397,-70.1176,0.47615408,0.130272562,-59.382299999999994,-50.153800000000004,0.0,697,-37.6304,1,1,0
26444306547,702883672,14989130,1697091983,1697091983,2023-10-12,0.494430716,-32.898,12.038,-65.0712,3.8435,0.0,0.0002,0.0002,80830,3,183,1,2023-10-12,0,12,10,3,-40.1547,-33.2424,0.441222515,0.503451243,-35.43169999999999,-34.57448000000001,0.0,698,39.4916,0,0,1
26444306763,702883672,14989130,1697092585,1697092585,2023-10-12,0.448778001,-38.3871,1.5649,-69.64,4.018,0.0039,0.0003,8.94e-06,80830,3,183,1,2023-10-12,0,12,10,3,-43.9815,-42.607,0.41249115,0.426535213,-41.65853333333333,-51.80444,0.0,699,-5.489099999999993,0,0,1
26444305981,702883673,14989130,1697090589,1697090589,2023-10-12,0.389089733,-47.231,4.9706,-77.3125,4.6818,0.0028,0.0003,8.94e-06,80830,4,176,1,2023-10-12,0,12,10,3,-46.5974,-47.1647,0.38852649,0.383505044,-46.99770000000001,-45.508,0.0,700,-8.843900000000005,0,0,1
26444312296,702883794,14989130,1697161302,1697161302,2023-10-12,0.122430625,-71.3284,39.9704,-81.2795,4.2985,0.0068,0.0002,8.94e-06,80830,3,5,1,2023-10-12,0,12,10,3,-69.174,-70.6694,0.14255859,0.125544297,-70.3906,-69.06779999999999,0.0,701,-24.0974,1,1,0
26444308416,702883711,14989130,1697097752,1697097752,2023-10-12,0.192439311,-65.8871,41.2087,-81.5878,4.2865,0.0028,0.0003,8.94e-06,80830,3,14,1,2023-10-12,0,12,10,3,-65.5932,-67.6988,0.196593005,0.163075782,-66.39303333333334,-56.30953999999999,0.0,702,5.441299999999998,1,1,1
26444308421,702883711,14989130,1697097784,1697097784,2023-10-12,0.187120722,-66.266,47.8713,-81.5201,4.278,0.0062,0.0003,0.0003,80830,3,14,1,2023-10-12,0,12,10,3,-65.8871,-65.5932,0.192439311,0.196593005,-65.91543333333333,-60.76644,0.0,703,-0.37890000000000157,1,1,1
26444308426,702883711,14989130,1697097815,1697097815,2023-10-12,0.210178808,-63.7704,24.0478,-80.7403,4.2683,0.0096,0.0003,0.0003,80830,3,14,1,2023-10-12,0,12,10,3,-66.266,-65.8871,0.187120722,0.192439311,-65.30783333333333,-65.84309999999999,0.0,704,2.495600000000003,0,1,1
26444308431,702883711,14989130,1697097847,1697097847,2023-10-12,0.188777095,-65.5417,7.2341,-80.7937,4.2467,0.0028,0.0006,0.0003,80830,3,14,1,2023-10-12,0,12,10,3,-63.7704,-66.266,0.210178808,0.187120722,-65.1927,-65.41168,0.0,705,-1.7713000000000036,0,1,1
26444308436,702883711,14989130,1697097879,1697097879,2023-10-12,0.186141944,-65.6663,8.2174,-80.6852,4.2705,0.0048,0.0003,0.0002,80830,3,14,1,2023-10-12,0,12,10,3,-65.5417,-63.7704,0.188777095,0.210178808,-64.9928,-65.4263,0.0,706,-0.12460000000000093,0,1,1
26444308441,702883711,14989130,1697097910,1697097910,2023-10-12,0.222202141,-62.8323,1.1769,-80.7823,4.255,0.0016,0.0003,0.0002,80830,3,14,1,2023-10-12,0,12,10,3,-65.6663,-65.5417,0.186141944,0.188777095,-64.6801,-64.81534,0.0,707,2.8340000000000103,0,1,1
26444308554,702883713,14989130,1697098766,1697098766,2023-10-12,0.107488306,-72.0464,2.6379,-80.7232,4.716,0.0036,0.0003,0.0,80830,3,2,0,2023-10-12,0,12,10,3,-62.8323,-65.6663,0.222202141,0.186141944,-66.84833333333334,-65.97142000000001,0.0,708,-9.214100000000009,0,1,0
26444308555,702883713,14989130,1697098798,1697098798,2023-10-12,0.120738836,-72.0369,33.5035,-81.9289,4.656,0.0108,0.0004,0.0003,80830,3,2,0,2023-10-12,0,12,10,3,-72.0464,-62.8323,0.107488306,0.222202141,-68.97186666666667,-67.62472,0.0,709,0.009500000000002728,1,1,0
26444308588,702883714,14989130,1697099020,1697099020,2023-10-12,0.090522972,-74.089,28.3121,-81.4633,4.4958,0.0373,0.0002,0.0,80830,3,5,1,2023-10-12,0,12,10,3,-72.0369,-72.0464,0.120738836,0.107488306,-72.7241,-69.33418000000002,0.0,710,-2.052099999999996,1,1,0
26444308589,702883714,14989130,1697099051,1697099051,2023-10-12,0.094418094,-75.3599,52.5643,-83.2171,4.4093,0.0149,0.0002,0.0002,80830,3,5,1,2023-10-12,0,12,10,3,-74.089,-72.0369,0.090522972,0.120738836,-73.8286,-71.2729,0.0,711,-1.2708999999999975,1,1,0
26444308598,702883714,14989130,1697099115,1697099115,2023-10-12,0.097147993,-72.9276,10.321,-80.7747,4.3105,0.0064,0.0002,0.0004,80830,3,5,1,2023-10-12,0,12,10,3,-75.3599,-74.089,0.094418094,0.090522972,-74.1255,-73.29196,0.0,712,2.432299999999998,0,1,0
26444308386,702883711,14989130,1697097562,1697097562,2023-10-12,0.172881894,-66.7304,21.8441,-80.6782,4.8165,0.0166,0.0006,0.0002,80830,3,14,1,2023-10-12,0,12,10,3,-67.7622,-70.1301,0.161483443,0.129628457,-68.20756666666666,-67.42062000000001,0.0,713,6.197199999999995,0,1,1
26444308603,702883714,14989130,1697099146,1697099146,2023-10-12,0.139166677,-69.7077,22.8226,-80.977,4.3065,0.0028,0.0006,0.0002,80830,3,5,1,2023-10-12,0,12,10,3,-72.9276,-75.3599,0.097147993,0.094418094,-72.66506666666668,-72.82422,0.0,714,-2.9772999999999996,0,1,0
26444308629,702883715,14989130,1697099305,1697099305,2023-10-12,0.102870997,-72.5641,7.117,-80.8848,4.2707,0.0068,0.0003,0.0,80830,3,2,0,2023-10-12,0,12,10,3,-71.9546,-69.7077,0.10890812,0.139166677,-71.4088,-72.50278,0.0,715,-2.8563999999999936,0,1,0
26444308630,702883715,14989130,1697099337,1697099337,2023-10-12,0.105417518,-72.2599,15.8939,-80.775,4.2678,0.0114,0.0003,8.94e-06,80830,3,2,0,2023-10-12,0,12,10,3,-72.5641,-71.9546,0.102870997,0.10890812,-72.25953333333334,-71.88278,0.0,716,0.3041999999999945,0,1,0
26444309764,702883729,14989130,1697108528,1697108528,2023-10-12,0.095052588,-73.2897,6.7789,-80.9878,4.3777,0.0172,0.0006,0.0,80830,3,3,0,2023-10-12,0,12,10,3,-72.2599,-72.5641,0.105417518,0.102870997,-72.70456666666666,-71.9552,0.0,717,-1.0297999999999945,0,1,0
26444309766,702883729,14989130,1697108592,1697108592,2023-10-12,0.131400637,-70.185,13.4932,-80.8025,4.2112,0.02,0.0004,0.0003,80830,3,3,0,2023-10-12,0,12,10,3,-73.2897,-72.2599,0.095052588,0.105417518,-71.91153333333334,-72.05066000000001,0.0,718,3.104699999999994,0,1,0
26444312255,702883790,14989130,1697160224,1697160224,2023-10-12,0.150256819,-68.5238,16.1077,-80.6406,4.289,0.0089,0.0002,0.0,80830,3,3,0,2023-10-12,0,12,10,3,-70.185,-73.2897,0.131400637,0.095052588,-70.66616666666665,-71.36449999999999,0.0,719,1.661200000000008,1,1,0
26444312271,702883791,14989130,1697160668,1697160668,2023-10-12,0.180534316,-65.9111,7.3378,-80.4318,4.0035,0.0028,0.0003,8.94e-06,80830,3,8,1,2023-10-12,0,12,10,3,-68.5238,-70.185,0.150256819,0.131400637,-68.20663333333334,-70.03389999999999,0.0,720,2.6126999999999896,0,1,1
26444312258,702883790,14989130,1697160319,1697160319,2023-10-12,0.153714577,-67.8313,2.7393,-80.1518,4.3052,0.0045,0.0022,0.0003,80830,3,3,0,2023-10-12,0,12,10,3,-65.9111,-68.5238,0.180534316,0.150256819,-67.42206666666668,-69.14818,0.0,721,-1.9201999999999941,0,1,0
26444312292,702883794,14989130,1697161175,1697161175,2023-10-12,0.206442056,-63.7477,54.4285,-80.3315,4.2892,0.0028,0.0002,0.0,80830,3,5,1,2023-10-12,0,12,10,3,-67.8313,-65.9111,0.153714577,0.180534316,-65.83003333333333,-67.23978,0.0,722,4.083599999999997,1,1,1
26444312293,702883794,14989130,1697161207,1697161207,2023-10-12,0.160182152,-67.2768,4.5163,-80.1088,4.2815,0.0036,0.0003,0.0002,80830,3,5,1,2023-10-12,0,12,10,3,-63.7477,-67.8313,0.206442056,0.153714577,-66.28526666666667,-66.65814,0.0,723,-3.5290999999999926,0,1,1
26444312294,702883794,14989130,1697161239,1697161239,2023-10-12,0.160920295,-67.692,32.8157,-80.6741,4.2622,0.01,0.0004,0.0003,80830,3,5,1,2023-10-12,0,12,10,3,-67.2768,-63.7477,0.160182152,0.206442056,-66.23883333333333,-66.49177999999999,0.0,724,-0.4151999999999987,1,1,1
26444308401,702883711,14989130,1697097657,1697097657,2023-10-12,0.195466986,-64.7884,3.1664,-80.5292,4.4218,0.014,0.0004,0.0003,80830,3,14,1,2023-10-12,0,12,10,3,-67.692,-67.2768,0.160920295,0.160182152,-66.58573333333334,-66.26724,0.0,725,2.9035999999999973,0,1,1
26444308396,702883711,14989130,1697097625,1697097625,2023-10-12,0.161483443,-67.7622,7.9863,-80.812,4.6255,0.0093,0.0006,0.0002,80830,3,14,1,2023-10-12,0,12,10,3,-70.1301,-64.7884,0.129628457,0.195466986,-67.56023333333333,-67.5299,0.0,726,-2.9738000000000113,0,1,1
26444312295,702883794,14989130,1697161270,1697161270,2023-10-12,0.129628457,-70.1301,8.6157,-80.5749,4.2785,0.0057,0.0004,0.0003,80830,3,5,1,2023-10-12,0,12,10,3,-64.7884,-67.692,0.195466986,0.160920295,-67.53683333333333,-66.727,0.0,727,-2.3678999999999917,0,1,0
26444308411,702883711,14989130,1697097720,1697097720,2023-10-12,0.196593005,-65.5932,37.5383,-81.6438,4.3195,0.0048,0.0003,8.94e-06,80830,3,14,1,2023-10-12,0,12,10,3,-67.6988,-38.3871,0.163075782,0.448778001,-57.22636666666667,-51.65352,0.0,728,4.536900000000003,1,1,1
26444312247,702883789,14989130,1697160098,1697160098,2023-10-12,0.115726609,-71.2047,11.4539,-80.5234,4.2322,0.0064,0.0002,0.0002,80830,3,3,0,2023-10-12,0,12,10,3,-72.3419,-72.2749,0.11107138,0.106954336,-71.9405,-70.95078,0.0,729,-5.611500000000007,0,1,0
26444307390,702883671,14989130,1697093948,1697093948,2023-10-12,0.452562574,-40.1674,0.6059,-73.3735,4.14,0.0092,0.0003,0.0002,80830,1,182,1,2023-10-12,0,12,10,3,-43.2158,-35.2993,0.417393086,0.485249105,-39.56083333333333,-37.78884000000001,0.0,730,31.037300000000002,0,0,1
26444310046,702883764,14989130,1697116547,1697116547,2023-10-12,0.169879371,-67.2538,28.7019,-81.0169,3.9198,0.0011,0.0003,0.0,80830,3,2,0,2023-10-12,0,12,10,3,-71.6786,-73.2086,0.114453664,0.106074075,-70.71366666666667,-70.70537999999999,86400.0,731,-27.086399999999998,1,1,1
26444309795,702883734,14989130,1697109479,1697109479,2023-10-12,0.114453664,-71.6786,4.8412,-80.9428,3.9328,0.0112,0.0003,0.0004,80830,3,3,0,2023-10-12,0,12,10,3,-73.2086,-73.1142,0.106074075,0.106803589,-72.66713333333335,-71.44042,0.0,732,-4.424800000000005,0,1,0
26444309794,702883734,14989130,1697109416,1697109416,2023-10-12,0.106074075,-73.2086,44.9444,-81.8956,3.9625,0.0169,0.0002,0.0001,80830,3,3,0,2023-10-12,0,12,10,3,-73.1142,-68.2717,0.106803589,0.157490032,-71.53150000000001,-66.19184,0.0,733,-1.5300000000000011,1,1,0
26444309774,702883731,14989130,1697108782,1697108782,2023-10-12,0.118728665,-71.2789,16.6981,-80.8819,4.1152,0.0419,0.0004,0.0003,80830,3,7,1,2023-10-12,0,12,10,3,-47.255,-66.7304,0.386379986,0.172881894,-61.75476666666666,-64.63132,0.0,734,1.929700000000011,0,1,0
26444309793,702883734,14989130,1697109353,1697109353,2023-10-12,0.106803589,-73.1142,37.6675,-81.8568,4.0015,0.0166,0.0005,0.0,80830,3,3,0,2023-10-12,0,12,10,3,-68.2717,-70.929,0.157490032,0.129866736,-70.77163333333334,-65.2985,0.0,735,-1.8353000000000037,1,1,0
26444309779,702883731,14989130,1697108877,1697108877,2023-10-12,0.129866736,-70.929,45.2339,-81.5151,3.958,0.0181,0.0006,0.0003,80830,3,7,1,2023-10-12,0,12,10,3,-45.4357,-68.7419,0.407717607,0.157933871,-61.702200000000005,-65.46032,0.0,736,2.1851999999999947,1,1,0
26444306110,702883673,14989130,1697090874,1697090874,2023-10-12,0.407717607,-45.4357,3.2773,-76.7129,4.5915,0.005,0.0002,0.0002,80830,4,176,1,2023-10-12,0,12,10,3,-68.7419,-70.9161,0.157933871,0.12519028,-61.697900000000004,-60.725519999999996,0.0,737,25.493300000000005,0,0,1
26444309775,702883731,14989130,1697108814,1697108814,2023-10-12,0.157933871,-68.7419,49.1298,-81.6348,4.0477,0.0161,0.0003,8.94e-06,80830,3,7,1,2023-10-12,0,12,10,3,-70.9161,-71.2789,0.12519028,0.118728665,-70.31230000000001,-64.98446,0.0,738,-23.306200000000004,1,1,1
26444309772,702883731,14989130,1697108750,1697108750,2023-10-12,0.12519028,-70.9161,10.525,-81.0646,4.2317,0.0108,0.0003,0.0002,80830,3,7,1,2023-10-12,0,12,10,3,-71.2789,-47.255,0.118728665,0.386379986,-63.15,-64.78852,0.0,739,-2.174199999999999,0,1,0
26444310047,702883764,14989130,1697116579,1697116579,2023-10-12,0.106954336,-72.2749,22.1774,-80.9308,4.0332,0.0209,0.0003,8.94e-06,80830,3,2,0,2023-10-12,0,12,10,3,-67.2538,-71.6786,0.169879371,0.114453664,-70.40243333333335,-71.50601999999999,0.0,740,-1.3588000000000022,0,1,0
26444309781,702883731,14989130,1697108909,1697108909,2023-10-12,0.157490032,-68.2717,17.8645,-81.0337,3.9495,0.0096,0.0005,0.0002,80830,3,7,1,2023-10-12,0,12,10,3,-70.929,-45.4357,0.129866736,0.407717607,-61.54546666666667,-64.85888,0.0,741,4.003200000000007,0,1,0
26444312246,702883789,14989130,1697160066,1697160066,2023-10-12,0.11107138,-72.3419,36.442,-81.381,4.2535,0.0156,0.0002,0.0,80830,3,3,0,2023-10-12,0,12,10,3,-72.2749,-67.2538,0.106954336,0.169879371,-70.62353333333334,-71.35155999999999,0.0,742,-4.0702,1,1,0
26444308325,702883708,14989130,1697097150,1697097150,2023-10-12,0.173393674,-66.9423,7.915,-80.9845,4.379,0.0136,0.0003,0.0002,80830,3,10,1,2023-10-12,0,12,10,3,-71.4134,-67.0022,0.124448439,0.171985353,-68.45263333333334,-68.13478,0.0,743,5.399599999999992,0,1,1
26444309777,702883731,14989130,1697108845,1697108845,2023-10-12,0.154134171,-68.3611,24.6787,-80.8179,3.995,0.0122,0.0003,0.0002,80830,3,7,1,2023-10-12,0,12,10,3,-71.2047,-72.3419,0.115726609,0.11107138,-70.63589999999999,-70.28728,0.0,744,-1.4187999999999903,1,1,0
26444312249,702883789,14989130,1697160129,1697160129,2023-10-12,0.166319273,-66.9549,14.427,-80.3124,4.271,0.0068,0.0006,0.0002,80830,3,3,0,2023-10-12,0,12,10,3,-68.3611,-71.2047,0.154134171,0.115726609,-68.84023333333333,-70.22749999999999,0.0,745,1.4061999999999983,0,1,1
26444309771,702883731,14989130,1697108719,1697108719,2023-10-12,0.171985353,-67.0022,30.3095,-80.9191,4.2588,0.0048,0.0003,0.0,80830,3,7,1,2023-10-12,0,12,10,3,-66.9549,-68.3611,0.166319273,0.154134171,-67.43939999999999,-69.17295999999999,0.0,746,-0.047300000000007,1,1,1
26444309765,702883729,14989130,1697108560,1697108560,2023-10-12,0.124448439,-71.4134,41.9076,-81.5639,4.2908,0.0048,0.0005,0.0002,80830,3,3,0,2023-10-12,0,12,10,3,-67.0022,-66.9549,0.171985353,0.166319273,-68.45683333333334,-68.98726,0.0,747,-4.411199999999994,1,1,0
26444308330,702883708,14989130,1697097181,1697097181,2023-10-12,0.173311404,-66.851,5.0167,-80.866,4.3158,0.0042,0.0003,0.0002,80830,3,10,1,2023-10-12,0,12,10,3,-66.9423,-71.4134,0.173393674,0.124448439,-68.40223333333334,-67.83276,0.0,748,4.562399999999997,0,1,1
26444308355,702883710,14989130,1697097340,1697097340,2023-10-12,0.184011907,-65.8411,2.9303,-80.6888,4.6617,0.0066,0.0003,0.0,80830,3,3,0,2023-10-12,0,12,10,3,-66.851,-66.9423,0.173311404,0.173393674,-66.54480000000001,-67.60999999999999,0.0,749,1.0099000000000018,0,1,1
26444308356,702883710,14989130,1697097371,1697097371,2023-10-12,0.189080928,-66.1787,27.3455,-81.6095,4.47,0.0201,0.0003,8.94e-06,80830,3,3,0,2023-10-12,0,12,10,3,-65.8411,-66.851,0.184011907,0.173311404,-66.29026666666668,-67.4453,0.0,750,-0.337600000000009,1,1,1
26444308361,702883710,14989130,1697097403,1697097403,2023-10-12,0.199107553,-64.7572,4.1527,-80.8563,4.377,0.005,0.0003,0.0003,80830,3,3,0,2023-10-12,0,12,10,3,-66.1787,-65.8411,0.189080928,0.184011907,-65.59233333333334,-66.11406,0.0,751,1.4215000000000089,0,1,1
26444308378,702883711,14989130,1697097498,1697097498,2023-10-12,0.142356894,-69.41,3.9418,-80.9311,4.3567,0.0076,0.0003,0.0,80830,3,14,1,2023-10-12,0,12,10,3,-64.7572,-66.1787,0.199107553,0.189080928,-66.78196666666668,-66.6076,0.0,752,-4.652799999999999,0,1,0
26444308379,702883711,14989130,1697097530,1697097530,2023-10-12,0.125544297,-70.6694,17.3022,-80.8153,4.7665,0.0116,0.0003,0.0002,80830,3,14,1,2023-10-12,0,12,10,3,-69.41,-64.7572,0.142356894,0.199107553,-68.27886666666667,-67.37128,0.0,753,-1.2593999999999994,1,1,0
26444307281,702883673,14989130,1697093726,1697093726,2023-10-12,0.386379986,-47.255,0.3973,-77.0102,4.1807,0.0108,0.0004,0.0003,80830,4,176,1,2023-10-12,0,12,10,3,-66.7304,-67.7622,0.172881894,0.161483443,-60.58253333333334,-63.333220000000004,0.0,754,23.414399999999993,0,0,1
26444308391,702883711,14989130,1697097593,1697097593,2023-10-12,0.14255859,-69.174,5.9705,-80.6749,4.6975,0.0,0.0005,0.0003,80830,3,14,1,2023-10-12,0,12,10,3,-70.6694,-69.41,0.125544297,0.142356894,-69.75113333333333,-68.03786,0.0,755,-21.919000000000004,0,1,0
26444308612,702883714,14989130,1697099210,1697099210,2023-10-12,0.10890812,-71.9546,22.7133,-80.7488,4.282,0.007,0.0003,0.0005,80830,3,5,1,2023-10-12,0,12,10,3,-69.7077,-72.9276,0.139166677,0.097147993,-71.52996666666667,-72.80776,0.0,756,-2.7805999999999926,1,1,0
26444312328,702883798,14989130,1697162126,1697162126,2023-10-12,0.106694056,-71.7975,7.8476,-80.3728,4.3048,0.0039,0.0001,0.0,80830,3,2,0,2023-10-12,0,12,10,3,-71.3284,-69.174,0.122430625,0.14255859,-70.76663333333335,-70.47586,0.0,757,0.1570999999999998,0,1,0
26444305965,702883673,14989130,1697090557,1697090557,2023-10-12,0.38852649,-46.5974,0.6337,-76.2051,4.6722,0.0016,0.0003,8.94e-06,80830,4,176,1,2023-10-12,0,12,10,3,-47.1647,-47.662,0.383505044,0.383840121,-47.14136666666667,-43.775279999999995,0.0,758,25.2001,0,0,1
26444305906,702883673,14989130,1697090430,1697090430,2023-10-12,0.396722449,-46.6196,1.5166,-77.2772,4.316,0.0016,0.0003,0.0002,80830,4,176,1,2023-10-12,0,12,10,3,-47.8298,-72.4835,0.38500686,0.101875463,-55.64430000000001,-62.01176,0.0,759,-0.022199999999998,0,0,1
26444306009,702883673,14989130,1697090652,1697090652,2023-10-12,0.397155389,-46.7295,1.6633,-77.515,4.666,0.0016,0.0003,0.0005,80830,4,176,1,2023-10-12,0,12,10,3,-46.6196,-47.8298,0.396722449,0.38500686,-47.05963333333333,-57.09198,0.0,760,-0.10990000000000322,0,0,1
26444306027,702883673,14989130,1697090684,1697090684,2023-10-12,0.388733896,-47.1288,2.6869,-77.1003,4.69,0.0016,0.0006,0.0003,80830,4,176,1,2023-10-12,0,12,10,3,-46.7295,-46.6196,0.397155389,0.396722449,-46.825966666666666,-52.15824,0.0,761,-0.39929999999999666,0,0,1
26444306042,702883673,14989130,1697090715,1697090715,2023-10-12,0.389495803,-46.7192,2.2208,-76.5256,4.6798,0.0016,0.0006,0.0003,80830,4,176,1,2023-10-12,0,12,10,3,-47.1288,-46.7295,0.388733896,0.397155389,-46.859166666666674,-47.00538,0.0,762,0.4095999999999975,0,0,1
26444306057,702883673,14989130,1697090747,1697090747,2023-10-12,0.298765795,-56.311,6.3284,-80.3027,4.6258,0.0042,0.0004,0.0003,80830,4,176,1,2023-10-12,0,12,10,3,-46.7192,-47.1288,0.389495803,0.388733896,-50.053000000000004,-48.70162,0.0,763,-9.5918,1,0,1
26444306067,702883673,14989130,1697090779,1697090779,2023-10-12,0.389754408,-46.1699,0.9003,-75.6579,4.63,0.0023,0.0003,8.94e-06,80830,4,176,1,2023-10-12,0,12,10,3,-56.311,-46.7192,0.298765795,0.389495803,-49.733366666666676,-48.61168,0.0,764,10.141100000000002,0,0,1
26444306081,702883673,14989130,1697090810,1697090810,2023-10-12,0.397259123,-45.2043,7.2036,-74.9979,4.664,0.0016,0.0003,8.94e-06,80830,4,176,1,2023-10-12,0,12,10,3,-46.1699,-56.311,0.389754408,0.298765795,-49.2284,-48.30664,0.0,765,0.9655999999999949,1,0,1
26444306280,702883673,14989130,1697091286,1697091286,2023-10-12,0.420816521,-42.6308,15.2327,-73.605,4.2912,0.0,0.0004,0.0003,80830,4,176,1,2023-10-12,0,12,10,3,-45.2043,-46.1699,0.397259123,0.389754408,-44.66833333333333,-47.40704000000001,0.0,766,2.573500000000003,1,0,1
26444312281,702883793,14989130,1697160890,1697160890,2023-10-12,0.165895648,-67.0549,0.7172,-80.3915,4.2977,0.0028,0.0002,0.0002,80830,3,4,1,2023-10-12,0,12,10,3,-42.6308,-45.2043,0.420816521,0.397259123,-51.63000000000002,-51.474180000000004,0.0,767,-24.424100000000003,0,1,1
26444308314,702883708,14989130,1697097086,1697097086,2023-10-12,0.227835154,-62.4303,3.6825,-80.851,3.9022,0.0037,0.0002,-0.0001,80830,3,10,1,2023-10-12,0,12,10,3,-67.0549,-42.6308,0.165895648,0.420816521,-57.37200000000001,-52.698040000000006,0.0,768,4.624600000000001,0,1,1
26444308008,702883700,14989130,1697095375,1697095375,2023-10-12,0.092122909,-73.9248,14.9831,-81.426,4.8457,0.0381,0.0003,0.0,80830,3,16,1,2023-10-12,0,12,10,3,-62.4303,-67.0549,0.227835154,0.165895648,-67.80333333333334,-58.249019999999994,0.0,769,-11.494500000000002,1,1,0
26444308302,702883708,14989130,1697097023,1697097023,2023-10-12,0.166182339,-67.9744,53.9103,-81.5219,3.9857,0.01,0.0002,8.94e-06,80830,3,10,1,2023-10-12,0,12,10,3,-73.9248,-62.4303,0.092122909,0.227835154,-68.10983333333334,-62.80304000000001,0.0,770,5.950400000000002,1,1,1
26444306894,702883672,14989130,1697092966,1697092966,2023-10-12,0.446387526,-39.8849,0.8505,-72.0448,3.8178,0.003,0.0004,0.0003,80830,3,183,1,2023-10-12,0,12,10,3,-67.9744,-73.9248,0.166182339,0.092122909,-60.59470000000001,-62.253859999999996,0.0,771,28.0895,0,0,1
26444306886,702883672,14989130,1697092934,1697092934,2023-10-12,0.46605449,-38.0748,1.2026,-71.3084,3.8025,0.0036,0.0003,0.0003,80830,3,183,1,2023-10-12,0,12,10,3,-39.8849,-67.9744,0.446387526,0.166182339,-48.64470000000001,-56.45784000000001,0.0,772,1.8100999999999985,0,0,1
26444306874,702883672,14989130,1697092902,1697092902,2023-10-12,0.460661678,-37.5846,1.4756,-69.6865,3.813,0.0039,0.0003,8.94e-06,80830,3,183,1,2023-10-12,0,12,10,3,-38.0748,-39.8849,0.46605449,0.446387526,-38.514766666666674,-51.48870000000001,0.0,773,0.4902000000000015,0,0,1
26444306863,702883672,14989130,1697092871,1697092871,2023-10-12,0.454983776,-37.5399,0.6501,-68.8785,3.8243,0.0011,0.0003,0.0002,80830,3,183,1,2023-10-12,0,12,10,3,-37.5846,-38.0748,0.460661678,0.46605449,-37.73310000000001,-44.21172,0.0,774,0.04469999999999885,0,0,1
26444306849,702883672,14989130,1697092839,1697092839,2023-10-12,0.458990536,-37.2498,1.1397,-68.8524,3.8352,0.0016,0.0004,0.0003,80830,3,183,1,2023-10-12,0,12,10,3,-37.5399,-37.5846,0.454983776,0.460661678,-37.4581,-38.0668,0.0,775,0.29010000000000247,0,0,1
26444306839,702883672,14989130,1697092807,1697092807,2023-10-12,0.353530957,-37.8741,37.2069,-58.5861,3.875,0.0561,0.0006,0.0003,80830,3,183,1,2023-10-12,0,12,10,3,-37.2498,-37.5399,0.458990536,0.454983776,-37.5546,-37.66464,0.0,776,-0.6242999999999981,1,0,1
26444306829,702883672,14989130,1697092776,1697092776,2023-10-12,0.46903312,-37.4672,1.3009,-70.5641,3.86,0.002,0.0003,0.0002,80830,3,183,1,2023-10-12,0,12,10,3,-37.8741,-37.2498,0.353530957,0.458990536,-37.53036666666667,-37.54312,0.0,777,0.40690000000000026,0,0,1
26444306819,702883672,14989130,1697092744,1697092744,2023-10-12,0.335169797,-38.8685,41.6972,-58.4638,3.8043,0.1362,0.0002,8.94e-06,80830,3,183,1,2023-10-12,0,12,10,3,-37.4672,-37.8741,0.46903312,0.353530957,-38.06993333333334,-37.799899999999994,0.0,778,-1.401299999999999,1,0,1
26444306809,702883672,14989130,1697092712,1697092712,2023-10-12,0.32176264,-39.6621,49.6085,-58.4782,3.815,0.1433,0.0003,8.94e-06,80830,3,183,1,2023-10-12,0,12,10,3,-38.8685,-37.4672,0.335169797,0.46903312,-38.665933333333335,-38.22434,0.0,779,-0.793600000000005,1,0,1
26444306799,702883672,14989130,1697092681,1697092681,2023-10-12,0.456430049,-38.5471,1.6078,-70.9147,3.9045,0.0011,0.0006,0.0003,80830,3,183,1,2023-10-12,0,12,10,3,-39.6621,-38.8685,0.32176264,0.335169797,-39.02590000000001,-38.4838,0.0,780,1.115000000000002,0,0,1
26444306788,702883672,14989130,1697092649,1697092649,2023-10-12,0.463499659,-38.5674,0.8692,-71.887,3.9272,0.0011,0.0003,0.0002,80830,3,183,1,2023-10-12,0,12,10,3,-38.5471,-39.6621,0.456430049,0.32176264,-38.92553333333334,-38.622460000000004,0.0,781,-0.020299999999998875,0,0,1
26444306776,702883672,14989130,1697092617,1697092617,2023-10-12,0.451998095,-38.8849,0.8092,-70.9576,3.9657,0.0,0.0002,8.94e-06,80830,3,183,1,2023-10-12,0,12,10,3,-38.5674,-38.5471,0.463499659,0.456430049,-38.66646666666667,-38.906000000000006,0.0,782,-0.31750000000000256,0,0,1
26444305936,702883673,14989130,1697090493,1697090493,2023-10-12,0.383840121,-47.662,1.8117,-77.3533,4.4495,0.0073,0.0003,0.0002,80830,4,176,1,2023-10-12,0,12,10,3,-38.8849,-38.5674,0.451998095,0.463499659,-41.70476666666667,-40.664699999999996,0.0,783,-8.777099999999997,0,0,1
26444305951,702883673,14989130,1697090525,1697090525,2023-10-12,0.383505044,-47.1647,1.258,-76.5046,4.647,0.0028,0.0003,0.0002,80830,4,176,1,2023-10-12,0,12,10,3,-47.662,-38.8849,0.383840121,0.451998095,-44.570533333333344,-42.16522,0.0,784,0.49729999999999563,0,0,1
26444307891,702883687,14989130,1697094997,1697094997,2023-10-12,0.123391979,-70.9509,21.7139,-80.938,3.544,0.0042,0.0004,0.0002,80831,4,58,1,2023-10-12,0,12,10,3,-47.231,-46.5974,0.389089733,0.38852649,-54.92643333333334,-51.9212,0.0,785,-23.7862,1,1,0
26444312329,702883798,14989130,1697162190,1697162190,2023-10-12,0.101875463,-72.4835,6.3673,-80.7054,4.3152,0.0048,0.0003,0.0004,80830,3,2,0,2023-10-12,0,12,10,3,-71.7975,-71.3284,0.106694056,0.122430625,-71.86980000000001,-71.09056000000001,0.0,786,-1.5326000000000022,0,1,0
26444306268,702883673,14989130,1697091254,1697091254,2023-10-12,0.390819409,-46.9928,9.5921,-77.141,4.3238,0.0023,0.0004,0.0003,80830,4,176,1,2023-10-12,0,12,10,3,-70.9509,-47.231,0.123391979,0.389089733,-55.05823333333334,-51.78736,0.0,787,25.490700000000004,0,0,1
26444305923,702883673,14989130,1697090462,1697090462,2023-10-12,0.38500686,-47.8298,8.0775,-77.7729,4.3845,0.0036,0.0003,0.0002,80830,4,176,1,2023-10-12,0,12,10,3,-72.4835,-71.7975,0.101875463,0.106694056,-64.03693333333334,-66.52264,0.0,788,-0.8369999999999962,0,0,1
26444306256,702883673,14989130,1697091223,1697091223,2023-10-12,0.415421357,-44.9161,10.2059,-76.835,4.325,0.0023,0.0003,0.0003,80830,4,176,1,2023-10-12,0,12,10,3,-46.9928,-70.9509,0.390819409,0.123391979,-54.2866,-51.33764,0.0,789,2.9136999999999986,0,0,1
26444306243,702883673,14989130,1697091191,1697091191,2023-10-12,0.365363137,-49.7198,1.1446,-78.3437,4.3155,0.0016,0.0003,8.94e-06,80830,4,176,1,2023-10-12,0,12,10,3,-44.9161,-46.9928,0.415421357,0.390819409,-47.20956666666667,-51.962120000000006,0.0,790,-4.803699999999999,0,0,1
26444306230,702883673,14989130,1697091159,1697091159,2023-10-12,0.382670838,-47.5199,0.7746,-76.9766,4.3105,0.0,0.0003,0.0002,80830,4,176,1,2023-10-12,0,12,10,3,-49.7198,-44.9161,0.365363137,0.415421357,-47.385266666666666,-52.01990000000001,0.0,791,2.1998999999999995,0,0,1
26444306217,702883673,14989130,1697091127,1697091127,2023-10-12,0.353024922,-50.8974,4.0072,-78.6698,4.3145,0.0,0.0003,0.0002,80830,4,176,1,2023-10-12,0,12,10,3,-47.5199,-49.7198,0.382670838,0.365363137,-49.37903333333333,-48.0092,0.0,792,-3.3774999999999977,0,0,1
26444306204,702883673,14989130,1697091096,1697091096,2023-10-12,0.385111957,-47.6446,9.7463,-77.485,4.3115,0.0023,0.0003,0.0002,80830,4,176,1,2023-10-12,0,12,10,3,-50.8974,-47.5199,0.353024922,0.382670838,-48.6873,-48.13956,0.0,793,3.2528000000000006,1,0,1
26444306190,702883673,14989130,1697091064,1697091064,2023-10-12,0.396411011,-46.8073,1.041,-77.5483,4.2925,0.0016,0.0003,0.0003,80830,4,176,1,2023-10-12,0,12,10,3,-47.6446,-50.8974,0.385111957,0.353024922,-48.44976666666667,-48.5178,0.0,794,0.837299999999999,0,0,1
26444308319,702883708,14989130,1697097118,1697097118,2023-10-12,0.199669278,-64.7578,6.5999,-80.9138,4.2592,0.0,0.0003,0.0002,80830,3,10,1,2023-10-12,0,12,10,3,-46.8073,-47.6446,0.396411011,0.385111957,-53.0699,-51.52539999999999,0.0,795,-17.950500000000005,1,1,1
26444306175,702883673,14989130,1697091032,1697091032,2023-10-12,0.388364359,-46.8823,1.2353,-76.6507,4.338,0.0023,0.0003,8.94e-06,80830,4,176,1,2023-10-12,0,12,10,3,-64.7578,-46.8073,0.199669278,0.396411011,-52.8158,-51.39788,0.0,796,17.875500000000002,0,0,1
26444306163,702883673,14989130,1697091001,1697091001,2023-10-12,0.383319175,-47.1146,1.6103,-76.4003,4.3952,0.0016,0.0003,8.94e-06,80830,4,176,1,2023-10-12,0,12,10,3,-46.8823,-64.7578,0.388364359,0.199669278,-52.91823333333334,-50.64132,0.0,797,-0.23230000000000217,0,0,1
26444306150,702883673,14989130,1697090969,1697090969,2023-10-12,0.39808877,-45.7473,1.1067,-76.0034,4.475,0.0086,0.0005,0.0002,80830,4,176,1,2023-10-12,0,12,10,3,-47.1146,-46.8823,0.383319175,0.388364359,-46.5814,-50.26186,0.0,798,1.3673000000000002,0,0,1
26444307373,702883672,14989130,1697093917,1697093917,2023-10-12,0.462455975,-36.5538,4.7502,-68.0015,4.1597,0.0078,0.0004,0.0003,80830,3,183,1,2023-10-12,0,12,10,3,-45.7473,-47.1146,0.39808877,0.383319175,-43.13856666666667,-48.21116,0.0,799,9.1935,0,0,1
26444307875,702883672,14989130,1697094963,1697094963,2023-10-12,0.582290688,-23.9974,0.8881,-57.45,4.2283,0.0039,0.0003,8.94e-06,80830,3,183,1,2023-10-12,0,12,10,3,-70.0911,-69.9511,0.131609465,0.134001691,-54.67986666666665,-59.77326000000001,0.0,800,12.556400000000004,0,0,1
26444306137,702883673,14989130,1697090937,1697090937,2023-10-12,0.372993552,-48.9798,1.2153,-78.1169,4.615,0.0032,0.0004,0.0003,80830,4,176,1,2023-10-12,0,12,10,3,-36.5538,-45.7473,0.462455975,0.39808877,-43.7603,-45.05556,0.0,801,-24.9824,0,0,1
26444312256,702883790,14989130,1697160288,1697160288,2023-10-12,0.173205324,-66.6208,5.0275,-80.5772,4.3018,0.0023,0.0003,0.0004,80830,3,3,0,2023-10-12,0,12,10,3,-64.783,-48.9798,0.19581266,0.372993552,-60.12786666666667,-52.53694,0.0,802,-17.641000000000005,1,1,1
26444312283,702883793,14989130,1697160922,1697160922,2023-10-12,0.13062301,-70.0444,9.7351,-80.5685,4.2875,0.0032,0.0002,0.0002,80830,3,4,1,2023-10-12,0,12,10,3,-66.6208,-64.783,0.173205324,0.19581266,-67.1494,-57.39636,0.0,803,-3.4235999999999933,1,1,0
26444312280,702883793,14989130,1697160827,1697160827,2023-10-12,0.166090223,-67.1485,3.1052,-80.5225,4.2722,0.0028,0.0003,0.0,80830,3,4,1,2023-10-12,0,12,10,3,-70.0444,-66.6208,0.13062301,0.173205324,-67.9379,-63.5153,0.0,804,2.8958999999999975,0,1,1
26444312263,702883791,14989130,1697160446,1697160446,2023-10-12,0.226802403,-62.0897,1.2403,-80.3025,4.271,0.0016,0.0004,0.0,80830,3,8,1,2023-10-12,0,12,10,3,-67.1485,-70.0444,0.166090223,0.13062301,-66.42753333333333,-66.13728,0.0,805,5.058799999999998,0,1,1
26444312264,702883791,14989130,1697160478,1697160478,2023-10-12,0.126083832,-70.291,13.7878,-80.4322,4.2797,0.0097,0.0002,8.94e-06,80830,3,8,1,2023-10-12,0,12,10,3,-62.0897,-67.1485,0.226802403,0.166090223,-66.50973333333333,-67.23888000000001,0.0,806,-8.201299999999996,1,1,0
26444312265,702883791,14989130,1697160510,1697160510,2023-10-12,0.197105334,-64.7549,6.8887,-80.6518,4.258,0.0028,0.0002,0.0002,80830,3,8,1,2023-10-12,0,12,10,3,-70.291,-62.0897,0.126083832,0.226802403,-65.71186666666667,-66.8657,0.0,807,5.5360999999999905,0,1,1
26444312266,702883791,14989130,1697160573,1697160573,2023-10-12,0.234811037,-61.5329,3.5718,-80.4153,4.0607,0.0092,0.0006,0.0004,80830,3,8,1,2023-10-12,0,12,10,3,-64.7549,-70.291,0.197105334,0.126083832,-65.52626666666667,-65.1634,0.0,808,3.2220000000000084,0,1,1
26444312267,702883791,14989130,1697160605,1697160605,2023-10-12,0.207097756,-64.0309,12.573,-80.7551,4.0008,0.005,0.0003,0.0002,80830,3,8,1,2023-10-12,0,12,10,3,-61.5329,-64.7549,0.234811037,0.197105334,-63.43956666666667,-64.53988,0.0,809,-2.4980000000000047,1,1,1
26444312268,702883791,14989130,1697160636,1697160636,2023-10-12,0.191689419,-65.6952,49.1768,-81.2747,3.9845,0.0068,0.0003,8.94e-06,80830,3,8,1,2023-10-12,0,12,10,3,-64.0309,-61.5329,0.207097756,0.234811037,-63.75300000000001,-65.26097999999999,0.0,810,-1.6642999999999972,1,1,1
26444306095,702883673,14989130,1697090842,1697090842,2023-10-12,0.391019137,-47.3549,0.85,-77.7609,4.631,0.0036,0.0002,8.94e-06,80830,4,176,1,2023-10-12,0,12,10,3,-65.6952,-64.0309,0.191689419,0.207097756,-59.02700000000001,-60.67376,0.0,811,18.3403,0,0,1
26444312273,702883791,14989130,1697160700,1697160700,2023-10-12,0.166779428,-67.119,16.3947,-80.5537,4.0312,0.007,0.0002,0.0002,80830,3,8,1,2023-10-12,0,12,10,3,-47.3549,-65.6952,0.391019137,0.191689419,-60.05636666666667,-61.14657999999999,0.0,812,-19.7641,0,1,1
26444308406,702883711,14989130,1697097688,1697097688,2023-10-12,0.163075782,-67.6988,8.2256,-80.89,4.3617,0.0023,0.0003,0.0002,80830,3,14,1,2023-10-12,0,12,10,3,-38.3871,-43.9815,0.448778001,0.41249115,-50.022466666666666,-53.153980000000004,0.0,813,-0.5798000000000059,0,1,1
26444312285,702883793,14989130,1697160953,1697160953,2023-10-12,0.19581266,-64.783,3.5541,-80.5571,4.3152,0.0,0.0003,0.0002,80830,3,4,1,2023-10-12,0,12,10,3,-48.9798,-36.5538,0.372993552,0.462455975,-50.105533333333334,-48.6357,0.0,814,2.9158000000000044,0,1,1
26444307359,702883672,14989130,1697093885,1697093885,2023-10-12,0.444794621,-39.0386,23.7359,-70.3138,4.145,0.0042,0.0002,0.0002,80830,3,183,1,2023-10-12,0,12,10,3,-46.5913,-67.119,0.394320368,0.166779428,-50.9163,-53.1598,0.0,815,25.7444,1,0,1
26444307935,702883672,14989130,1697095121,1697095121,2023-10-12,0.27960343,-57.6506,51.2185,-80.0262,4.6545,0.0042,0.0004,0.0003,80830,3,183,1,2023-10-12,0,12,10,3,-70.9564,-56.0699,0.123068329,0.296413043,-61.55896666666666,-61.72657999999999,0.0,816,-18.611999999999995,1,0,1
26444307325,702883672,14989130,1697093822,1697093822,2023-10-12,0.462150398,-38.9096,9.4295,-72.3429,4.0492,0.0048,0.0002,0.0002,80830,3,183,1,2023-10-12,0,12,10,3,-56.0524,-39.0386,0.296456073,0.444794621,-44.66686666666667,-49.54218,0.0,817,18.741,0,0,1
26444307701,702883687,14989130,1697094585,1697094585,2023-10-12,0.335292882,-52.5443,16.678,-79.0488,3.518,0.002,0.0005,0.0002,80831,4,58,1,2023-10-12,0,12,10,3,-38.9096,-56.0524,0.462150398,0.296456073,-49.16876666666667,-46.62724,0.0,818,-13.634700000000002,0,0,1
26444307686,702883687,14989130,1697094553,1697094553,2023-10-12,0.20874105,-64.1404,3.6461,-81.0612,3.5133,0.0011,0.0004,-0.0001,80831,4,58,1,2023-10-12,0,12,10,3,-52.5443,-38.9096,0.335292882,0.462150398,-51.86476666666667,-50.13706,0.0,819,-11.5961,0,1,1
26444307670,702883687,14989130,1697094521,1697094521,2023-10-12,0.217020777,-63.3485,3.0722,-80.907,3.5202,0.0025,0.0005,0.0002,80831,4,58,1,2023-10-12,0,12,10,3,-64.1404,-52.5443,0.20874105,0.335292882,-60.01106666666667,-54.999039999999994,0.0,820,0.7918999999999983,0,1,1
26444307655,702883687,14989130,1697094490,1697094490,2023-10-12,0.265237294,-59.3243,43.5689,-80.7394,3.5335,0.0,0.0003,0.0002,80831,4,58,1,2023-10-12,0,12,10,3,-63.3485,-64.1404,0.217020777,0.20874105,-62.27106666666668,-55.653420000000004,0.0,821,4.0242,1,0,1
26444307639,702883687,14989130,1697094458,1697094458,2023-10-12,0.222920162,-62.8942,6.0339,-80.9366,3.545,0.0041,0.0004,0.0002,80831,4,58,1,2023-10-12,0,12,10,3,-59.3243,-63.3485,0.265237294,0.217020777,-61.85566666666667,-60.45034,0.0,822,-3.569899999999997,0,1,1
26444307621,702883687,14989130,1697094426,1697094426,2023-10-12,0.217685907,-63.3622,37.6124,-80.9933,3.5535,0.0023,0.0003,0.0002,80831,4,58,1,2023-10-12,0,12,10,3,-62.8942,-59.3243,0.222920162,0.265237294,-61.86023333333333,-62.61391999999999,0.0,823,-0.4680000000000035,1,1,1
26444307746,702883687,14989130,1697094680,1697094680,2023-10-12,0.224963767,-62.7815,2.4912,-81.0046,3.508,0.0039,0.0002,0.0002,80831,4,58,1,2023-10-12,0,12,10,3,-63.3622,-62.8942,0.217685907,0.222920162,-63.01263333333335,-62.34213999999999,0.0,824,0.5807000000000002,0,1,1
26444307204,702883687,14989130,1697093571,1697093571,2023-10-12,0.313082712,-55.0071,1.5019,-80.0782,3.4872,0.003,0.0003,0.0,80831,4,58,1,2023-10-12,0,12,10,3,-62.7815,-63.3622,0.224963767,0.217685907,-60.3836,-60.673860000000005,0.0,825,7.7744,0,0,1
26444307188,702883687,14989130,1697093539,1697093539,2023-10-12,0.288587373,-56.8943,2.0806,-79.9737,3.4937,0.0,0.0003,0.0002,80831,4,58,1,2023-10-12,0,12,10,3,-55.0071,-62.7815,0.313082712,0.224963767,-58.22763333333334,-60.18786,0.0,826,-1.8872,0,0,1
26444307454,702883696,14989130,1697094078,1697094078,2023-10-12,0.247435519,-60.3714,39.3453,-80.2209,3.4512,0.0011,0.0005,0.0002,80831,3,28,1,2023-10-12,0,12,10,3,-48.5522,-55.3845,0.378161722,0.309890025,-54.76936666666668,-57.601440000000004,0.0,827,-3.4771,1,1,1
26444307718,702883696,14989130,1697094617,1697094617,2023-10-12,0.172535721,-66.8117,7.19,-80.7427,3.4688,0.0055,0.0003,0.0002,80831,3,28,1,2023-10-12,0,12,10,3,-43.3302,-56.8943,0.423130842,0.288587373,-55.678733333333334,-56.96496,0.0,828,-6.440300000000001,0,1,1
26444307702,702883696,14989130,1697094585,1697094585,2023-10-12,0.287569165,-56.9104,19.4953,-79.882,3.4885,0.0023,0.0003,0.0,80831,3,28,1,2023-10-12,0,12,10,3,-66.8117,-43.3302,0.172535721,0.423130842,-55.68410000000001,-55.79074000000001,0.0,829,9.901299999999999,1,0,1
26444307687,702883696,14989130,1697094553,1697094553,2023-10-12,0.15036751,-68.2808,5.0513,-80.3651,3.4798,0.0057,0.0004,0.0002,80831,3,28,1,2023-10-12,0,12,10,3,-56.9104,-66.8117,0.287569165,0.172535721,-64.00096666666667,-58.445479999999996,0.0,830,-11.370399999999997,0,1,0
26444307671,702883696,14989130,1697094521,1697094521,2023-10-12,0.158338372,-67.5101,12.0675,-80.2105,3.487,0.0044,0.0003,0.0,80831,3,28,1,2023-10-12,0,12,10,3,-68.2808,-56.9104,0.15036751,0.287569165,-64.23376666666667,-60.56864,0.0,831,0.770700000000005,0,1,1
26444307656,702883696,14989130,1697094490,1697094490,2023-10-12,0.20525673,-63.7702,40.6273,-80.24,3.503,0.0055,0.0003,0.0002,80831,3,28,1,2023-10-12,0,12,10,3,-67.5101,-68.2808,0.158338372,0.15036751,-66.52036666666667,-64.65664000000001,0.0,832,3.7398999999999916,1,1,1
26444307640,702883696,14989130,1697094458,1697094458,2023-10-12,0.168248546,-66.908,3.4494,-80.4423,3.5162,0.005,0.0003,0.0005,80831,3,28,1,2023-10-12,0,12,10,3,-63.7702,-67.5101,0.20525673,0.158338372,-66.06276666666668,-64.6759,0.0,833,-3.1377999999999986,0,1,1
26444307622,702883696,14989130,1697094426,1697094426,2023-10-12,0.160263607,-67.3938,40.0133,-80.2559,3.5122,0.0032,0.0003,0.0001,80831,3,28,1,2023-10-12,0,12,10,3,-66.908,-63.7702,0.168248546,0.20525673,-66.024,-66.77257999999999,0.0,834,-0.48579999999999757,1,1,1
26444307605,702883696,14989130,1697094395,1697094395,2023-10-12,0.200056553,-64.2189,14.907,-80.2793,3.5215,0.0032,0.0002,0.0002,80831,3,28,1,2023-10-12,0,12,10,3,-67.3938,-66.908,0.160263607,0.168248546,-66.17356666666667,-65.9602,0.0,835,3.174899999999994,0,1,1
26444307747,702883696,14989130,1697094680,1697094680,2023-10-12,0.166668945,-67.0479,3.545,-80.4577,3.476,0.0053,0.0004,0.0002,80831,3,28,1,2023-10-12,0,12,10,3,-64.2189,-67.3938,0.200056553,0.160263607,-66.2202,-65.86776,0.0,836,-2.8289999999999935,0,1,1
26444307589,702883696,14989130,1697094363,1697094363,2023-10-12,0.234109381,-61.4484,3.1781,-80.2313,3.561,0.0037,0.0004,0.0005,80831,3,28,1,2023-10-12,0,12,10,3,-67.0479,-64.2189,0.166668945,0.200056553,-64.2384,-65.4034,0.0,837,5.599499999999999,0,1,1
26444307546,702883696,14989130,1697094268,1697094268,2023-10-12,0.379980865,-47.8253,7.6899,-77.1352,3.4995,0.0,0.0005,0.0002,80831,3,28,1,2023-10-12,0,12,10,3,-61.4484,-67.0479,0.234109381,0.166668945,-58.77386666666667,-61.58686,0.0,838,13.6231,0,0,1
26444307527,702883696,14989130,1697094236,1697094236,2023-10-12,0.366060857,-49.9009,23.445,-78.7156,3.4943,0.0,0.0003,0.0002,80831,3,28,1,2023-10-12,0,12,10,3,-47.8253,-61.4484,0.379980865,0.234109381,-53.0582,-58.08828,0.0,839,-2.0756000000000014,1,0,1
26444307511,702883696,14989130,1697094205,1697094205,2023-10-12,0.307856849,-55.1699,0.941,-79.7088,3.491,0.0016,0.0005,0.0002,80831,3,28,1,2023-10-12,0,12,10,3,-49.9009,-47.8253,0.366060857,0.379980865,-50.965366666666675,-56.27847999999999,0.0,840,-5.268999999999998,0,0,1
26444307499,702883696,14989130,1697094173,1697094173,2023-10-12,0.218369894,-62.815,58.978,-80.3641,3.499,0.0034,0.0002,-0.0001,80831,3,28,1,2023-10-12,0,12,10,3,-55.1699,-49.9009,0.307856849,0.366060857,-55.96193333333334,-55.4319,0.0,841,-7.645099999999999,1,1,1
26444307485,702883696,14989130,1697094141,1697094141,2023-10-12,0.374714941,-48.3673,0.9675,-77.3524,3.475,0.002,0.0005,0.0002,80831,3,28,1,2023-10-12,0,12,10,3,-62.815,-55.1699,0.218369894,0.307856849,-55.45073333333334,-52.81568,0.0,842,14.447699999999998,0,0,1
26444307717,702883687,14989130,1697094617,1697094617,2023-10-12,0.224366591,-62.929,8.1464,-81.1324,3.502,0.0016,0.0002,0.0002,80831,4,58,1,2023-10-12,0,12,10,3,-48.3673,-62.815,0.374714941,0.218369894,-58.03710000000001,-55.83642,0.0,843,-14.561700000000002,0,1,1
26444307762,702883687,14989130,1697094712,1697094712,2023-10-12,0.188397911,-65.6272,30.7876,-80.8613,3.5023,0.0039,0.0003,0.0002,80831,4,58,1,2023-10-12,0,12,10,3,-68.1412,-62.929,0.158272599,0.224366591,-65.56580000000001,-61.57594,0.0,844,-2.6982,1,1,1
26444307236,702883687,14989130,1697093634,1697093634,2023-10-12,0.309890025,-55.3845,1.7228,-80.2546,3.4922,0.0,0.0003,0.0,80831,4,58,1,2023-10-12,0,12,10,3,-61.8924,-61.8067,0.235678323,0.237304596,-59.69453333333335,-59.73134,0.0,845,10.2427,0,0,1
26444307469,702883687,14989130,1697094109,1697094109,2023-10-12,0.402166162,-45.1902,7.5855,-75.5899,3.4973,0.0,0.0003,0.0002,80831,4,58,1,2023-10-12,0,12,10,3,-57.5586,-65.6272,0.283024227,0.188397911,-56.12533333333334,-59.889239999999994,0.0,846,10.194300000000005,0,0,1
26444306978,702883687,14989130,1697093159,1697093159,2023-10-12,0.273371814,-58.4996,4.2788,-80.5083,3.4855,0.0016,0.0003,0.0003,80831,4,58,1,2023-10-12,0,12,10,3,-49.5538,-62.9564,0.366602373,0.22935663,-57.00326666666668,-58.71232,0.0,847,-13.309400000000004,0,0,1
26444307436,702883687,14989130,1697094046,1697094046,2023-10-12,0.330168165,-53.0123,1.1398,-79.1427,3.4915,0.0016,0.0005,0.0002,80831,4,58,1,2023-10-12,0,12,10,3,-45.1902,-57.5586,0.402166162,0.283024227,-51.920366666666666,-57.905899999999995,0.0,848,5.487299999999998,0,0,1
26444307421,702883687,14989130,1697094014,1697094014,2023-10-12,0.332605438,-53.3931,14.3245,-80.0023,3.5008,0.0016,0.0003,0.0002,80831,4,58,1,2023-10-12,0,12,10,3,-53.0123,-45.1902,0.330168165,0.402166162,-50.53186666666667,-54.95628000000001,0.0,849,-0.3807999999999936,1,0,1
26444307407,702883687,14989130,1697093983,1697093983,2023-10-12,0.307320854,-55.4987,4.9044,-80.1218,3.5067,0.0023,0.0004,0.0002,80831,4,58,1,2023-10-12,0,12,10,3,-53.3931,-53.0123,0.332605438,0.330168165,-53.96803333333333,-52.93058,0.0,850,-2.1056000000000026,0,0,1
26444307391,702883687,14989130,1697093951,1697093951,2023-10-12,0.333105858,-53.6505,3.499,-80.4483,3.505,0.0,0.0003,0.0001,80831,4,58,1,2023-10-12,0,12,10,3,-55.4987,-53.3931,0.307320854,0.332605438,-54.18076666666667,-52.14896,0.0,851,1.8481999999999985,0,0,1
26444307375,702883687,14989130,1697093919,1697093919,2023-10-12,0.311802082,-55.1954,7.6803,-80.2028,3.508,0.0032,0.0002,0.0002,80831,4,58,1,2023-10-12,0,12,10,3,-53.6505,-55.4987,0.333105858,0.307320854,-54.781533333333336,-54.15,0.0,852,-1.5448999999999984,0,0,1
26444307361,702883687,14989130,1697093888,1697093888,2023-10-12,0.322064285,-54.0369,18.4983,-79.708,3.495,0.0016,0.0003,0.0002,80831,4,58,1,2023-10-12,0,12,10,3,-55.1954,-53.6505,0.311802082,0.333105858,-54.29426666666668,-54.35492000000001,0.0,853,1.1584999999999965,1,0,1
26444307345,702883687,14989130,1697093856,1697093856,2023-10-12,0.328183185,-53.8699,0.6786,-80.1854,3.485,0.002,0.0002,-0.0001,80831,4,58,1,2023-10-12,0,12,10,3,-54.0369,-55.1954,0.322064285,0.311802082,-54.3674,-54.45028,0.0,854,0.1670000000000016,0,0,1
26444307329,702883687,14989130,1697093824,1697093824,2023-10-12,0.328685151,-53.2544,1.9249,-79.3285,3.4768,0.0025,0.0004,0.0002,80831,4,58,1,2023-10-12,0,12,10,3,-53.8699,-54.0369,0.328183185,0.322064285,-53.720400000000005,-54.001419999999996,0.0,855,0.6155000000000044,0,0,1
26444307313,702883687,14989130,1697093792,1697093792,2023-10-12,0.332320068,-53.6376,12.8978,-80.3343,3.4922,0.0023,0.0003,0.0002,80831,4,58,1,2023-10-12,0,12,10,3,-53.2544,-53.8699,0.328685151,0.328183185,-53.5873,-53.998839999999994,0.0,856,-0.3832000000000022,1,0,1
26444307297,702883687,14989130,1697093761,1697093761,2023-10-12,0.29389284,-56.7773,1.0704,-80.4089,3.4752,0.0025,0.0004,0.0002,80831,4,58,1,2023-10-12,0,12,10,3,-53.6376,-53.2544,0.332320068,0.328685151,-54.55643333333333,-54.31522,0.0,857,-3.1396999999999977,0,0,1
26444307269,702883687,14989130,1697093697,1697093697,2023-10-12,0.309299408,-55.3888,2.6987,-80.1922,3.4855,0.002,0.0003,0.0002,80831,4,58,1,2023-10-12,0,12,10,3,-56.7773,-53.6376,0.29389284,0.332320068,-55.267900000000004,-54.5856,0.0,858,1.3884999999999934,0,0,1
26444307732,702883687,14989130,1697094648,1697094648,2023-10-12,0.158272599,-68.1412,39.5495,-80.954,3.4985,0.003,0.0003,0.0002,80831,4,58,1,2023-10-12,0,12,10,3,-62.929,-48.3673,0.224366591,0.374714941,-59.8125,-59.484480000000005,0.0,859,-12.752399999999994,1,1,1
26444307470,702883696,14989130,1697094109,1697094109,2023-10-12,0.393585419,-47.3195,10.2744,-78.0316,3.462,0.0011,0.0003,0.0002,80831,3,28,1,2023-10-12,0,12,10,3,-55.3888,-56.7773,0.309299408,0.29389284,-53.161866666666675,-53.27551999999999,0.0,860,20.8217,0,0,1
26444307545,702883687,14989130,1697094268,1697094268,2023-10-12,0.39226913,-46.2248,6.9044,-76.0613,3.5295,0.0,0.0004,0.0002,80831,4,58,1,2023-10-12,0,12,10,3,-54.7557,-47.3195,0.317806693,0.393585419,-49.43333333333334,-52.093219999999995,0.0,861,1.094699999999996,0,0,1
26444307560,702883687,14989130,1697094300,1697094300,2023-10-12,0.287198794,-57.4614,34.0907,-80.6135,3.517,0.0016,0.0003,0.0001,80831,4,58,1,2023-10-12,0,12,10,3,-46.2248,-54.7557,0.39226913,0.317806693,-52.813966666666666,-52.230039999999995,0.0,862,-11.236599999999996,1,0,1
26444307588,702883687,14989130,1697094363,1697094363,2023-10-12,0.270604088,-58.895,3.919,-80.7449,3.6495,0.0112,0.0003,0.0005,80831,4,58,1,2023-10-12,0,12,10,3,-57.4614,-46.2248,0.287198794,0.39226913,-54.19373333333334,-52.931279999999994,0.0,863,-1.4336000000000055,0,0,1
26444307604,702883687,14989130,1697094395,1697094395,2023-10-12,0.235585441,-61.9558,10.6246,-81.05,3.5678,0.0028,0.0005,0.0002,80831,4,58,1,2023-10-12,0,12,10,3,-58.895,-57.4614,0.270604088,0.287198794,-59.437400000000004,-55.85853999999999,0.0,864,-3.0608000000000004,0,1,1
26444307878,702883687,14989130,1697094965,1697094965,2023-10-12,0.154420779,-68.4942,14.7941,-81.0027,3.5425,0.0065,0.0004,0.0002,80831,4,58,1,2023-10-12,0,12,10,3,-61.9558,-58.895,0.235585441,0.270604088,-63.11500000000001,-58.60624,0.0,865,-6.538400000000003,0,1,0
26444307864,702883687,14989130,1697094934,1697094934,2023-10-12,0.255368473,-59.9689,9.8775,-80.535,3.5518,0.0023,0.0003,0.0002,80831,4,58,1,2023-10-12,0,12,10,3,-68.4942,-61.9558,0.154420779,0.235585441,-63.47296666666668,-61.35506,0.0,866,8.525300000000009,0,0,1
26444307850,702883687,14989130,1697094902,1697094902,2023-10-12,0.199235867,-64.7626,41.1426,-80.876,3.5307,0.0048,0.0004,0.0001,80831,4,58,1,2023-10-12,0,12,10,3,-59.9689,-68.4942,0.255368473,0.154420779,-64.40856666666669,-62.8153,0.0,867,-4.793700000000008,1,1,1
26444307836,702883687,14989130,1697094870,1697094870,2023-10-12,0.206763916,-64.1774,0.6618,-80.9058,3.5257,0.002,0.0003,0.0002,80831,4,58,1,2023-10-12,0,12,10,3,-64.7626,-59.9689,0.199235867,0.255368473,-62.96963333333335,-63.871780000000015,0.0,868,0.5852000000000004,0,1,1
26444307821,702883687,14989130,1697094838,1697094838,2023-10-12,0.319362794,-54.7282,3.3809,-80.4073,3.5162,0.0016,0.0002,-0.0001,80831,4,58,1,2023-10-12,0,12,10,3,-64.1774,-64.7626,0.206763916,0.199235867,-61.22273333333336,-62.42626,0.0,869,9.449200000000005,0,0,1
26444307808,702883687,14989130,1697094807,1697094807,2023-10-12,0.198179595,-64.8449,67.6533,-80.8721,3.5097,0.005,0.0004,0.0002,80831,4,58,1,2023-10-12,0,12,10,3,-54.7282,-64.1774,0.319362794,0.206763916,-61.25016666666668,-61.696400000000004,0.0,870,-10.116699999999994,1,1,1
26444307793,702883687,14989130,1697094775,1697094775,2023-10-12,0.237304596,-61.8067,2.2257,-81.0372,3.4947,0.0025,0.0003,0.0001,80831,4,58,1,2023-10-12,0,12,10,3,-64.8449,-54.7282,0.198179595,0.319362794,-60.45993333333334,-62.06396000000001,0.0,871,3.0381999999999962,0,1,1
26444307777,702883687,14989130,1697094743,1697094743,2023-10-12,0.235678323,-61.8924,34.7832,-80.9769,3.5075,0.0036,0.0006,0.0002,80831,4,58,1,2023-10-12,0,12,10,3,-61.8067,-64.8449,0.237304596,0.198179595,-62.84800000000001,-61.489920000000005,0.0,872,-0.08570000000000277,1,1,1
26444307252,702883687,14989130,1697093666,1697093666,2023-10-12,0.317806693,-54.7557,3.3199,-80.2642,3.4842,0.002,0.0003,0.0002,80831,4,58,1,2023-10-12,0,12,10,3,-47.3195,-55.3888,0.393585419,0.309299408,-52.48800000000001,-53.575779999999995,0.0,873,7.136700000000005,0,0,1
26444307172,702883687,14989130,1697093507,1697093507,2023-10-12,0.286889061,-57.6148,7.7215,-80.7936,3.498,0.0,0.0003,0.0002,80831,4,58,1,2023-10-12,0,12,10,3,-52.2873,-58.4996,0.341883376,0.273371814,-56.13390000000001,-56.18238,0.0,874,-2.859100000000005,0,0,1
26444307484,702883687,14989130,1697094141,1697094141,2023-10-12,0.378161722,-48.5522,1.3523,-78.0785,3.5072,0.0023,0.0002,0.0002,80831,4,58,1,2023-10-12,0,12,10,3,-55.3845,-61.8924,0.309890025,0.235678323,-55.27636666666668,-58.49613999999999,0.0,875,9.062600000000003,0,0,1
26444307561,702883696,14989130,1697094300,1697094300,2023-10-12,0.227038097,-62.2787,16.6247,-80.5715,3.486,0.0054,0.0003,0.0002,80831,3,28,1,2023-10-12,0,12,10,3,-60.3714,-48.5522,0.247435519,0.378161722,-57.06743333333335,-57.69584,0.0,876,-13.726500000000001,1,1,1
26444306977,702883673,14989130,1697093156,1697093156,2023-10-12,0.364933602,-49.654,2.4647,-78.1871,3.9097,0.0016,0.0003,8.94e-06,80830,4,176,1,2023-10-12,0,12,10,3,-49.9288,-62.2787,0.36903775,0.227038097,-53.95383333333334,-54.15702,0.0,877,12.624699999999997,0,0,1
26444306951,702883673,14989130,1697093124,1697093124,2023-10-12,0.37249198,-49.1394,1.8358,-78.3088,3.9135,0.0,0.0004,0.0003,80830,4,176,1,2023-10-12,0,12,10,3,-49.654,-49.9288,0.364933602,0.36903775,-49.57406666666668,-54.27446,0.0,878,0.5146000000000015,0,0,1
26444306941,702883673,14989130,1697093093,1697093093,2023-10-12,0.37682816,-49.0134,3.116,-78.6515,3.9155,0.0011,0.0004,0.0003,80830,4,176,1,2023-10-12,0,12,10,3,-49.1394,-49.654,0.37249198,0.364933602,-49.268933333333344,-52.00286,0.0,879,0.12600000000000477,0,0,1
26444306932,702883673,14989130,1697093061,1697093061,2023-10-12,0.393316869,-47.4843,2.1262,-78.2687,3.9135,0.0,0.0003,8.94e-06,80830,4,176,1,2023-10-12,0,12,10,3,-49.0134,-49.1394,0.37682816,0.37249198,-48.54570000000001,-49.04398,0.0,880,1.5290999999999997,0,0,1
26444306921,702883673,14989130,1697093029,1697093029,2023-10-12,0.38715947,-47.077,1.7925,-76.8177,3.8988,0.0016,0.0003,8.94e-06,80830,4,176,1,2023-10-12,0,12,10,3,-47.4843,-49.0134,0.393316869,0.37682816,-47.85823333333334,-48.47362,0.0,881,0.40729999999999933,0,0,1
26444306907,702883673,14989130,1697092997,1697092997,2023-10-12,0.389337423,-47.0612,2.8714,-77.0658,3.8817,0.0,0.0003,0.0002,80830,4,176,1,2023-10-12,0,12,10,3,-47.077,-47.4843,0.38715947,0.393316869,-47.20750000000001,-47.95506,0.0,882,0.015799999999998704,0,0,1
26444306896,702883673,14989130,1697092966,1697092966,2023-10-12,0.39223907,-46.9674,0.889,-77.2794,3.8723,0.0028,0.0002,0.0002,80830,4,176,1,2023-10-12,0,12,10,3,-47.0612,-47.077,0.389337423,0.38715947,-47.03520000000001,-47.52066,0.0,883,0.09380000000000166,0,0,1
26444306884,702883673,14989130,1697092934,1697092934,2023-10-12,0.372288254,-49.4323,0.9879,-78.75,3.864,0.0023,0.0002,8.94e-06,80830,4,176,1,2023-10-12,0,12,10,3,-46.9674,-47.0612,0.39223907,0.389337423,-47.82030000000001,-47.60444,0.0,884,-2.4649,0,0,1
26444306872,702883673,14989130,1697092902,1697092902,2023-10-12,0.36313714,-50.2744,1.9245,-78.9407,3.8697,0.0016,0.0004,0.0003,80830,4,176,1,2023-10-12,0,12,10,3,-49.4323,-46.9674,0.372288254,0.39223907,-48.89136666666667,-48.162459999999996,0.0,885,-0.8421000000000021,0,0,1
26444306861,702883673,14989130,1697092871,1697092871,2023-10-12,0.35789459,-50.7314,2.6198,-79.0079,3.8758,0.002,0.0006,0.0003,80830,4,176,1,2023-10-12,0,12,10,3,-50.2744,-49.4323,0.36313714,0.372288254,-50.14603333333334,-48.89334,0.0,886,-0.45700000000000074,0,0,1
26444306847,702883673,14989130,1697092839,1697092839,2023-10-12,0.364439361,-50.6191,2.3002,-79.6448,3.8808,0.002,0.0003,8.94e-06,80830,4,176,1,2023-10-12,0,12,10,3,-50.7314,-50.2744,0.35789459,0.36313714,-50.541633333333344,-49.60492000000001,0.0,887,0.11229999999999762,0,0,1
26444307514,702883687,14989130,1697094205,1697094205,2023-10-12,0.341883376,-52.2873,1.0327,-79.4499,3.5215,0.0,0.0005,0.0002,80831,4,58,1,2023-10-12,0,12,10,3,-58.4996,-49.5538,0.273371814,0.366602373,-53.44690000000001,-58.554100000000005,0.0,888,-1.6681999999999988,0,0,1
26444307103,702883673,14989130,1697093378,1697093378,2023-10-12,0.363694965,-49.8489,2.6351,-78.3412,3.8963,0.0016,0.0003,8.94e-06,80830,4,176,1,2023-10-12,0,12,10,3,-50.6191,-50.7314,0.364439361,0.35789459,-50.399800000000006,-50.18122,0.0,889,2.4384000000000015,0,0,1
26444307136,702883673,14989130,1697093441,1697093441,2023-10-12,0.368007975,-49.764,2.4837,-78.7415,3.8925,0.002,0.0003,0.0003,80830,4,176,1,2023-10-12,0,12,10,3,-49.8217,-49.8489,0.369741276,0.363694965,-49.81153333333334,-50.15702,0.0,890,0.08489999999999753,0,0,1
26444307151,702883673,14989130,1697093473,1697093473,2023-10-12,0.364351994,-49.8219,1.8673,-78.3797,3.889,0.0011,0.0002,0.0002,80830,4,176,1,2023-10-12,0,12,10,3,-49.764,-49.8217,0.368007975,0.369741276,-49.80253333333334,-49.97512,0.0,891,-0.05789999999999651,0,0,1
26444307432,702883673,14989130,1697094043,1697094043,2023-10-12,0.451336498,-39.9624,0.6642,-72.8359,4.2763,0.0023,0.0002,8.94e-06,80830,4,176,1,2023-10-12,0,12,10,3,-49.8219,-49.764,0.364351994,0.368007975,-46.516100000000016,-47.843779999999995,0.0,892,9.859499999999997,0,0,1
26444307417,702883673,14989130,1697094012,1697094012,2023-10-12,0.442283759,-39.5698,1.0124,-70.9497,4.2607,0.0,0.0003,8.94e-06,80830,4,176,1,2023-10-12,0,12,10,3,-39.9624,-49.8219,0.451336498,0.364351994,-43.11803333333334,-45.787960000000005,0.0,893,0.3926000000000016,0,0,1
26444307403,702883673,14989130,1697093980,1697093980,2023-10-12,0.435180162,-41.0223,1.0532,-72.629,4.253,0.0,0.0004,0.0003,80830,4,176,1,2023-10-12,0,12,10,3,-39.5698,-39.9624,0.442283759,0.451336498,-40.18483333333334,-44.02808,0.0,894,-1.4525000000000006,0,0,1
26444307387,702883673,14989130,1697093948,1697093948,2023-10-12,0.445824434,-40.0598,1.233,-72.2872,4.25,0.0023,0.0004,0.0003,80830,4,176,1,2023-10-12,0,12,10,3,-41.0223,-39.5698,0.435180162,0.442283759,-40.21730000000001,-42.08724,0.0,895,0.9624999999999986,0,0,1
26444307371,702883673,14989130,1697093917,1697093917,2023-10-12,0.454320107,-39.9328,5.4138,-73.1799,4.2477,0.0032,0.0002,8.94e-06,80830,4,176,1,2023-10-12,0,12,10,3,-40.0598,-41.0223,0.445824434,0.435180162,-40.33830000000001,-40.10942,0.0,896,0.12700000000000244,1,0,1
26444307357,702883673,14989130,1697093885,1697093885,2023-10-12,0.426145338,-42.6168,28.3653,-74.2641,4.244,0.0016,0.0003,-0.0001,80830,4,176,1,2023-10-12,0,12,10,3,-39.9328,-40.0598,0.454320107,0.445824434,-40.86980000000001,-40.6403,0.0,897,-2.6839999999999975,1,0,1
26444307344,702883673,14989130,1697093853,1697093853,2023-10-12,0.385636944,-47.4225,25.9568,-77.1897,4.2575,0.0023,0.0005,0.0003,80830,4,176,1,2023-10-12,0,12,10,3,-42.6168,-39.9328,0.426145338,0.454320107,-43.32403333333334,-42.21084,0.0,898,-4.805700000000002,1,0,1
26444307327,702883673,14989130,1697093822,1697093822,2023-10-12,0.38081744,-48.5732,11.9409,-78.4473,4.209,0.0036,0.0006,0.0003,80830,4,176,1,2023-10-12,0,12,10,3,-47.4225,-42.6168,0.385636944,0.426145338,-46.20416666666667,-43.721019999999996,0.0,899,-1.1507000000000005,0,0,1
26444306837,702883673,14989130,1697092807,1697092807,2023-10-12,0.353245999,-50.9842,2.2033,-78.8309,3.8883,0.0011,0.0003,8.94e-06,80830,4,176,1,2023-10-12,0,12,10,3,-48.5732,-47.4225,0.38081744,0.385636944,-48.99330000000001,-45.905899999999995,0.0,900,-2.4110000000000014,0,0,1
26444307015,702883673,14989130,1697093219,1697093219,2023-10-12,0.367567863,-49.7695,4.324,-78.6954,3.9005,0.002,0.0004,0.0003,80830,4,176,1,2023-10-12,0,12,10,3,-50.9842,-48.5732,0.353245999,0.38081744,-49.77563333333334,-47.87324,0.0,901,1.2147000000000006,0,0,1
26444306996,702883673,14989130,1697093188,1697093188,2023-10-12,0.36903775,-49.9288,2.6993,-79.1312,3.905,0.0011,0.0003,8.94e-06,80830,4,176,1,2023-10-12,0,12,10,3,-62.2787,-60.3714,0.227038097,0.247435519,-57.52630000000001,-55.30312,0.0,902,-0.15930000000000177,0,0,1
26444307034,702883673,14989130,1697093251,1697093251,2023-10-12,0.373693557,-48.6709,4.9805,-77.711,3.8988,0.0,0.0003,0.0003,80830,4,176,1,2023-10-12,0,12,10,3,-49.7695,-50.9842,0.367567863,0.353245999,-49.80820000000001,-49.08406,0.0,903,1.2578999999999994,0,0,1
26444307048,702883673,14989130,1697093283,1697093283,2023-10-12,0.380854377,-48.3141,2.2687,-78.0335,3.9013,0.002,0.0003,-0.0001,80830,4,176,1,2023-10-12,0,12,10,3,-48.6709,-49.7695,0.373693557,0.367567863,-48.91816666666668,-49.26237999999999,0.0,904,0.3567999999999998,0,0,1
26444307068,702883673,14989130,1697093314,1697093314,2023-10-12,0.373553452,-48.9199,0.6801,-78.0911,3.904,0.0,0.0002,0.0002,80830,4,176,1,2023-10-12,0,12,10,3,-48.3141,-48.6709,0.380854377,0.373693557,-48.634966666666685,-49.331720000000004,0.0,905,-0.605799999999995,0,0,1
26444307763,702883696,14989130,1697094712,1697094712,2023-10-12,0.129458613,-70.219,36.1942,-80.6613,3.4632,0.0087,0.0003,-0.0001,80831,3,28,1,2023-10-12,0,12,10,3,-60.0535,-48.9199,0.253511585,0.373553452,-59.73080000000001,-55.235479999999995,0.0,906,-21.299099999999996,1,1,0
26444307794,702883696,14989130,1697094775,1697094775,2023-10-12,0.176508786,-66.3253,6.5709,-80.5416,3.457,0.0085,0.0002,-0.0001,80831,3,28,1,2023-10-12,0,12,10,3,-70.219,-60.0535,0.129458613,0.253511585,-65.53260000000002,-58.76636,0.0,907,3.8936999999999955,0,1,1
26444307156,702883687,14989130,1697093476,1697093476,2023-10-12,0.281247483,-58.0149,0.6902,-80.7161,3.4922,0.0028,0.0005,0.0002,80831,4,58,1,2023-10-12,0,12,10,3,-66.3253,-70.219,0.176508786,0.129458613,-64.85306666666668,-60.70652,0.0,908,8.310400000000001,0,0,1
26444307141,702883687,14989130,1697093444,1697093444,2023-10-12,0.291515793,-57.0548,1.1338,-80.5308,3.4912,0.002,0.0003,0.0002,80831,4,58,1,2023-10-12,0,12,10,3,-58.0149,-66.3253,0.281247483,0.176508786,-60.46500000000001,-62.3335,0.0,909,0.9600999999999971,0,0,1
26444307125,702883687,14989130,1697093412,1697093412,2023-10-12,0.29359703,-56.8523,7.8659,-80.4814,3.4935,0.0023,0.0002,0.0002,80831,4,58,1,2023-10-12,0,12,10,3,-57.0548,-58.0149,0.291515793,0.281247483,-57.30733333333334,-61.693259999999995,0.0,910,0.20250000000000057,0,0,1
26444307108,702883687,14989130,1697093380,1697093380,2023-10-12,0.295039304,-56.5339,2.5406,-80.1944,3.498,0.0,0.0003,0.0002,80831,4,58,1,2023-10-12,0,12,10,3,-56.8523,-57.0548,0.29359703,0.291515793,-56.81366666666668,-58.95624,0.0,911,0.3183999999999969,0,0,1
26444307089,702883687,14989130,1697093349,1697093349,2023-10-12,0.283983344,-57.8293,2.0036,-80.7653,3.5027,0.0016,0.0003,0.0,80831,4,58,1,2023-10-12,0,12,10,3,-56.5339,-56.8523,0.295039304,0.29359703,-57.07183333333334,-57.257039999999996,0.0,912,-1.2954000000000008,0,0,1
26444307072,702883687,14989130,1697093317,1697093317,2023-10-12,0.289941395,-57.0547,5.7498,-80.3521,3.509,0.0016,0.0004,0.0002,80831,4,58,1,2023-10-12,0,12,10,3,-57.8293,-56.5339,0.283983344,0.295039304,-57.13930000000001,-57.065,0.0,913,0.7746000000000066,0,0,1
26444307052,702883687,14989130,1697093285,1697093285,2023-10-12,0.198654056,-64.8248,1.0429,-80.8949,3.4962,0.002,0.0002,0.0001,80831,4,58,1,2023-10-12,0,12,10,3,-57.0547,-57.8293,0.289941395,0.283983344,-59.902933333333344,-58.61900000000001,0.0,914,-7.770099999999999,0,1,1
26444307035,702883687,14989130,1697093254,1697093254,2023-10-12,0.197121655,-65.1319,1.9726,-81.123,3.4958,0.0032,0.0006,0.0002,80831,4,58,1,2023-10-12,0,12,10,3,-64.8248,-57.0547,0.198654056,0.289941395,-62.33713333333335,-60.274919999999995,0.0,915,-0.3071000000000055,0,1,1
26444307778,702883696,14989130,1697094743,1697094743,2023-10-12,0.177795627,-66.1285,32.9622,-80.4283,3.4762,0.0025,0.0003,0.0002,80831,3,28,1,2023-10-12,0,12,10,3,-65.1319,-64.8248,0.197121655,0.198654056,-65.36173333333335,-62.19384,0.0,916,-0.9966000000000008,1,1,1
26444307438,702883696,14989130,1697094046,1697094046,2023-10-12,0.220908645,-62.6123,23.0448,-80.3658,3.4502,0.0039,0.0003,0.0002,80831,3,28,1,2023-10-12,0,12,10,3,-66.1285,-65.1319,0.177795627,0.197121655,-64.62423333333335,-63.15044,0.0,917,3.516200000000005,1,1,1
26444307310,702883673,14989130,1697093790,1697093790,2023-10-12,0.348678102,-51.9127,32.4513,-79.7036,4.2237,0.0028,0.0003,0.0002,80830,4,176,1,2023-10-12,0,12,10,3,-40.1674,-43.2158,0.452562574,0.417393086,-45.09863333333332,-41.03746,0.0,918,10.699599999999997,1,0,1
26444307016,702883687,14989130,1697093222,1697093222,2023-10-12,0.296554881,-56.7045,1.8311,-80.6097,3.4955,0.0,0.0003,0.0002,80831,4,58,1,2023-10-12,0,12,10,3,-62.6123,-66.1285,0.220908645,0.177795627,-61.81510000000001,-63.0804,0.0,919,-4.791800000000002,0,0,1
26444306953,702883687,14989130,1697093063,1697093063,2023-10-12,0.32794866,-53.8797,1.4309,-80.172,3.5025,0.002,0.0003,0.0,80831,4,58,1,2023-10-12,0,12,10,3,-57.3638,-56.7045,0.286651213,0.296554881,-55.98266666666668,-59.33776,0.0,920,2.8248000000000033,0,0,1
26444307879,702883696,14989130,1697094965,1697094965,2023-10-12,0.127788405,-70.2665,15.3118,-80.5613,3.5045,0.0025,0.0003,0.0002,80831,3,28,1,2023-10-12,0,12,10,3,-53.8797,-57.3638,0.32794866,0.286651213,-60.50333333333334,-60.16536,0.0,921,-16.386799999999994,0,1,0
26444307865,702883696,14989130,1697094934,1697094934,2023-10-12,0.20843317,-63.7596,5.8101,-80.5486,3.5165,0.0032,0.0004,0.0002,80831,3,28,1,2023-10-12,0,12,10,3,-70.2665,-53.8797,0.127788405,0.32794866,-62.63526666666667,-60.394819999999996,0.0,922,6.506899999999995,0,1,1
26444307849,702883696,14989130,1697094902,1697094902,2023-10-12,0.148284443,-68.5545,31.9727,-80.4899,3.4945,0.0061,0.0002,-0.0001,80831,3,28,1,2023-10-12,0,12,10,3,-63.7596,-70.2665,0.20843317,0.127788405,-67.52686666666668,-62.76482,0.0,923,-4.7949000000000055,1,1,0
26444307837,702883696,14989130,1697094870,1697094870,2023-10-12,0.125418971,-70.2948,7.8366,-80.3754,3.49,0.0069,0.0003,0.0003,80831,3,28,1,2023-10-12,0,12,10,3,-68.5545,-63.7596,0.148284443,0.20843317,-67.5363,-65.35101999999999,0.0,924,-1.7402999999999906,0,1,0
26444307822,702883696,14989130,1697094838,1697094838,2023-10-12,0.261436713,-59.3539,2.5572,-80.364,3.4848,0.0016,0.0003,0.0001,80831,3,28,1,2023-10-12,0,12,10,3,-70.2948,-68.5545,0.125418971,0.148284443,-66.06773333333334,-66.44586000000001,0.0,925,10.940899999999992,0,0,1
26444306997,702883687,14989130,1697093190,1697093190,2023-10-12,0.281965128,-57.8059,17.6952,-80.5057,3.4933,0.0025,0.0003,0.0002,80831,4,58,1,2023-10-12,0,12,10,3,-59.3539,-70.2948,0.261436713,0.125418971,-62.484866666666676,-63.953739999999996,0.0,926,1.5480000000000018,1,0,1
26444306316,702883673,14989130,1697091381,1697091381,2023-10-12,0.33709507,-53.0784,3.1253,-80.0694,4.3288,0.0023,0.0002,0.0002,80830,4,176,1,2023-10-12,0,12,10,3,-57.8059,-59.3539,0.281965128,0.261436713,-56.74606666666668,-61.81750000000001,0.0,927,4.727499999999999,0,0,1
26444307915,702883690,14989130,1697095060,1697095060,2023-10-12,0.150296165,-69.4734,54.585,-81.7619,3.5253,0.0054,0.0003,0.0002,80831,1,60,1,2023-10-12,0,12,10,3,-53.0784,-57.8059,0.33709507,0.281965128,-60.11923333333334,-62.001279999999994,0.0,928,-16.394999999999996,1,1,0
26444307876,702883690,14989130,1697094965,1697094965,2023-10-12,0.22935663,-62.9564,2.6582,-81.6933,3.5048,0.0011,0.0003,0.0002,80831,1,60,1,2023-10-12,0,12,10,3,-69.4734,-53.0784,0.150296165,0.33709507,-61.83606666666668,-60.5336,0.0,929,6.516999999999996,0,1,1
26444307084,702883673,14989130,1697093346,1697093346,2023-10-12,0.366602373,-49.5538,2.6968,-78.2349,3.9,0.0,0.0003,0.0002,80830,4,176,1,2023-10-12,0,12,10,3,-62.9564,-69.4734,0.22935663,0.150296165,-60.661200000000015,-58.57358000000001,0.0,930,13.4026,0,0,1
26444307377,702883689,14989130,1697093919,1697093919,2023-10-12,0.253511585,-60.0535,25.0164,-80.448,3.4765,0.002,0.0003,0.0004,80831,3,24,1,2023-10-12,0,12,10,3,-48.9199,-48.3141,0.373553452,0.380854377,-52.429166666666674,-51.145579999999995,0.0,931,-10.499699999999997,1,1,1
26444306954,702883687,14989130,1697093127,1697093127,2023-10-12,0.286651213,-57.3638,34.4485,-80.4148,3.495,0.0045,0.0003,0.0002,80831,4,58,1,2023-10-12,0,12,10,3,-56.7045,-62.6123,0.296554881,0.220908645,-58.893533333333345,-61.58820000000001,0.0,932,2.689700000000002,1,0,1
26444307954,702883672,14989130,1697095184,1697095184,2023-10-12,0.296456073,-56.0524,30.7359,-79.6715,4.8,0.0066,0.0003,8.94e-06,80830,3,183,1,2023-10-12,0,12,10,3,-39.0386,-46.5913,0.444794621,0.394320368,-47.22743333333333,-51.23124,0.0,933,1.311399999999999,1,0,1
26444307342,702883672,14989130,1697093853,1697093853,2023-10-12,0.423130842,-43.3302,29.0335,-75.1127,4.1898,0.0042,0.0003,0.0002,80830,3,183,1,2023-10-12,0,12,10,3,-56.8943,-55.0071,0.288587373,0.313082712,-51.74386666666667,-56.275059999999996,0.0,934,12.7222,1,0,1
26444307947,702883690,14989130,1697095155,1697095155,2023-10-12,0.137628559,-70.7944,7.0804,-82.0927,3.5145,0.0065,0.0003,0.0002,80831,1,60,1,2023-10-12,0,12,10,3,-64.5277,-68.6147,0.196245024,0.162695202,-67.97893333333334,-58.32956,0.0,935,-27.464199999999998,0,1,0
26444307852,702883688,14989130,1697094902,1697094902,2023-10-12,0.198732636,-65.3601,35.6759,-81.5709,3.5187,0.0041,0.0003,0.0002,80831,2,60,1,2023-10-12,0,12,10,3,-64.8239,-57.6148,0.192755661,0.286889061,-62.59960000000001,-59.71713999999999,0.0,936,5.434299999999993,1,1,1
26444307835,702883688,14989130,1697094870,1697094870,2023-10-12,0.164644298,-68.2372,5.6535,-81.6864,3.5078,0.0023,0.0002,0.0002,80831,2,60,1,2023-10-12,0,12,10,3,-65.3601,-64.8239,0.198732636,0.192755661,-66.14040000000001,-61.664660000000005,0.0,937,-2.8770999999999987,0,1,1
26444307820,702883688,14989130,1697094838,1697094838,2023-10-12,0.299361089,-56.9143,4.4838,-81.232,3.5045,0.0023,0.0002,-0.0001,80831,2,60,1,2023-10-12,0,12,10,3,-68.2372,-65.3601,0.164644298,0.198732636,-63.50386666666668,-62.590059999999994,0.0,938,11.322900000000004,0,0,1
26444307807,702883688,14989130,1697094807,1697094807,2023-10-12,0.164567284,-68.0282,67.0929,-81.4287,3.5045,0.0057,0.0004,0.0002,80831,2,60,1,2023-10-12,0,12,10,3,-56.9143,-68.2372,0.299361089,0.164644298,-64.39323333333334,-64.67274,0.0,939,-11.113900000000001,1,1,1
26444307792,702883688,14989130,1697094775,1697094775,2023-10-12,0.203177087,-64.968,3.4747,-81.5338,3.4798,0.0036,0.0002,-0.0001,80831,2,60,1,2023-10-12,0,12,10,3,-68.0282,-56.9143,0.164567284,0.299361089,-63.30350000000001,-64.70156,0.0,940,3.0601999999999947,0,1,1
26444307776,702883688,14989130,1697094743,1697094743,2023-10-12,0.20205904,-65.0819,38.7044,-81.5623,3.4955,0.0028,0.0004,0.0002,80831,2,60,1,2023-10-12,0,12,10,3,-64.968,-68.0282,0.203177087,0.164567284,-66.02603333333334,-64.64592,0.0,941,-0.113900000000001,1,1,1
26444307761,702883688,14989130,1697094712,1697094712,2023-10-12,0.156030538,-68.6927,27.0147,-81.3924,3.49,0.003,0.0003,0.0002,80831,2,60,1,2023-10-12,0,12,10,3,-65.0819,-64.968,0.20205904,0.203177087,-66.24753333333335,-64.73702,0.0,942,-3.6107999999999976,0,1,0
26444307745,702883688,14989130,1697094680,1697094680,2023-10-12,0.194865943,-65.6834,3.1198,-81.5807,3.4955,0.0032,0.0003,0.0002,80831,2,60,1,2023-10-12,0,12,10,3,-68.6927,-65.0819,0.156030538,0.20205904,-66.486,-66.49084,0.0,943,3.009299999999996,0,1,1
26444307716,702883688,14989130,1697094617,1697094617,2023-10-12,0.190237015,-65.8428,7.8014,-81.3112,3.4912,0.0,0.0005,0.0002,80831,2,60,1,2023-10-12,0,12,10,3,-65.6834,-68.6927,0.194865943,0.156030538,-66.73963333333334,-66.05376,0.0,944,-0.15939999999999088,0,1,1
26444307700,702883688,14989130,1697094585,1697094585,2023-10-12,0.320617882,-54.9987,16.7912,-80.954,3.5065,0.0028,0.0003,0.0002,80831,2,60,1,2023-10-12,0,12,10,3,-65.8428,-65.6834,0.190237015,0.194865943,-62.17496666666668,-64.0599,0.0,945,10.844099999999997,0,0,1
26444307685,702883688,14989130,1697094553,1697094553,2023-10-12,0.176095865,-67.1121,6.9942,-81.4562,3.5013,0.0037,0.0004,0.0001,80831,2,60,1,2023-10-12,0,12,10,3,-54.9987,-65.8428,0.320617882,0.190237015,-62.65120000000001,-64.46594,0.0,946,-12.113399999999999,0,1,1
26444307669,702883688,14989130,1697094521,1697094521,2023-10-12,0.185869397,-66.2235,4.9659,-81.3426,3.5075,0.0034,0.0002,0.0001,80831,2,60,1,2023-10-12,0,12,10,3,-67.1121,-54.9987,0.176095865,0.320617882,-62.778100000000016,-63.9721,0.0,947,0.8885999999999967,0,1,1
26444307654,702883688,14989130,1697094490,1697094490,2023-10-12,0.233259069,-62.2908,41.6629,-81.241,3.5215,0.003,0.0004,0.0002,80831,2,60,1,2023-10-12,0,12,10,3,-66.2235,-67.1121,0.185869397,0.176095865,-65.20880000000001,-63.29358,0.0,948,3.932700000000004,1,1,1
26444307638,702883688,14989130,1697094458,1697094458,2023-10-12,0.197961764,-65.525,3.8975,-81.6981,3.5335,0.0011,0.0003,0.0002,80831,2,60,1,2023-10-12,0,12,10,3,-62.2908,-66.2235,0.233259069,0.185869397,-64.67976666666668,-63.23002,0.0,949,-3.2342000000000084,0,1,1
26444307904,702883688,14989130,1697095029,1697095029,2023-10-12,0.107371406,-72.7844,28.2097,-81.5394,3.55,0.005,0.0003,0.0002,80831,2,60,1,2023-10-12,0,12,10,3,-65.525,-62.2908,0.197961764,0.233259069,-66.86673333333334,-66.78716,0.0,950,-7.259399999999999,1,1,0
26444306957,702883689,14989130,1697093063,1697093063,2023-10-12,0.364127303,-49.7599,0.678,-78.2545,3.47,0.002,0.0003,0.0,80831,3,24,1,2023-10-12,0,12,10,3,-72.7844,-65.525,0.107371406,0.197961764,-62.689766666666685,-63.31672000000001,0.0,951,23.024500000000003,0,0,1
26444306958,702883689,14989130,1697093127,1697093127,2023-10-12,0.319023228,-53.7909,34.3608,-78.9908,3.458,0.0039,0.0003,0.0002,80831,3,24,1,2023-10-12,0,12,10,3,-49.7599,-72.7844,0.364127303,0.107371406,-58.77840000000001,-60.830200000000005,0.0,952,-4.030999999999999,1,0,1
26444306980,702883689,14989130,1697093159,1697093159,2023-10-12,0.315647784,-54.019,6.1499,-78.9345,3.4457,0.0025,0.0004,0.0002,80831,3,24,1,2023-10-12,0,12,10,3,-53.7909,-49.7599,0.319023228,0.364127303,-52.52326666666668,-59.17584000000001,0.0,953,-0.22809999999999775,0,0,1
26444307315,702883689,14989130,1697093792,1697093792,2023-10-12,0.226318751,-62.4254,21.1633,-80.6862,3.451,0.0028,0.0003,0.0002,80831,3,24,1,2023-10-12,0,12,10,3,-54.019,-53.7909,0.315647784,0.319023228,-56.745100000000015,-58.55592,0.0,954,-8.406400000000005,1,1,1
26444307299,702883689,14989130,1697093761,1697093761,2023-10-12,0.181131347,-66.2016,4.5884,-80.8452,3.4228,0.0129,0.0003,0.0002,80831,3,24,1,2023-10-12,0,12,10,3,-62.4254,-54.019,0.226318751,0.315647784,-60.88200000000001,-57.23936,0.0,955,-3.776199999999996,0,1,1
26444307283,702883689,14989130,1697093729,1697093729,2023-10-12,0.203053361,-64.0353,9.4752,-80.3508,3.432,0.0045,0.0003,0.0002,80831,3,24,1,2023-10-12,0,12,10,3,-66.2016,-62.4254,0.181131347,0.226318751,-64.22076666666668,-60.09444,0.0,956,2.1662999999999926,0,1,1
26444307267,702883689,14989130,1697093697,1697093697,2023-10-12,0.208027294,-63.7896,1.4756,-80.5452,3.4375,0.0074,0.0003,0.0002,80831,3,24,1,2023-10-12,0,12,10,3,-64.0353,-66.2016,0.203053361,0.181131347,-64.67550000000001,-62.094179999999994,0.0,957,0.24570000000000647,0,1,1
26444307250,702883689,14989130,1697093666,1697093666,2023-10-12,0.221960947,-62.6011,7.3821,-80.4601,3.4417,0.0049,0.0003,0.0002,80831,3,24,1,2023-10-12,0,12,10,3,-63.7896,-64.0353,0.208027294,0.203053361,-63.475333333333346,-63.8106,0.0,958,1.1884999999999977,0,1,1
26444307234,702883689,14989130,1697093634,1697093634,2023-10-12,0.201456314,-64.0452,3.746,-80.2025,3.4537,0.0049,0.0003,0.0002,80831,3,24,1,2023-10-12,0,12,10,3,-62.6011,-63.7896,0.221960947,0.208027294,-63.47863333333334,-64.13456000000001,0.0,959,-1.4440999999999917,0,1,1
26444307221,702883689,14989130,1697093602,1697093602,2023-10-12,0.167828871,-66.9009,18.9658,-80.3932,3.4425,0.0045,0.0003,0.0002,80831,3,24,1,2023-10-12,0,12,10,3,-64.0452,-62.6011,0.201456314,0.221960947,-64.51573333333334,-64.27441999999999,0.0,960,-2.855699999999999,1,1,1
26444307863,702883688,14989130,1697094934,1697094934,2023-10-12,0.242528418,-61.6722,9.0545,-81.4185,3.5332,0.0023,0.0002,0.0002,80831,2,60,1,2023-10-12,0,12,10,3,-66.9009,-64.0452,0.167828871,0.201456314,-64.2061,-63.8018,0.0,961,5.228699999999996,0,1,1
26444307202,702883689,14989130,1697093571,1697093571,2023-10-12,0.147533238,-68.7413,6.1666,-80.6381,3.4438,0.0103,0.0002,-0.0001,80831,3,24,1,2023-10-12,0,12,10,3,-61.6722,-66.9009,0.242528418,0.167828871,-65.77146666666667,-64.79213999999999,0.0,962,-7.069099999999999,0,1,0
26444307877,702883688,14989130,1697094965,1697094965,2023-10-12,0.159445503,-68.6575,7.903,-81.6812,3.5322,0.0036,0.0002,0.0001,80831,2,60,1,2023-10-12,0,12,10,3,-68.7413,-61.6722,0.147533238,0.242528418,-66.357,-66.00342,0.0,963,0.08379999999999654,0,1,1
26444306326,702883673,14989130,1697091413,1697091413,2023-10-12,0.295718457,-56.6841,2.3735,-80.485,4.3623,0.0032,0.0003,0.0002,80830,4,176,1,2023-10-12,0,12,10,3,-68.6575,-68.7413,0.159445503,0.147533238,-64.69430000000001,-64.53119999999998,0.0,964,11.973399999999998,0,0,1
26444307309,702883672,14989130,1697093790,1697093790,2023-10-12,0.426417132,-41.3107,50.0871,-72.0222,4.0803,0.0066,0.0002,-0.0001,80830,3,183,1,2023-10-12,0,12,10,3,-56.6841,-68.6575,0.295718457,0.159445503,-55.550766666666675,-59.41315999999999,0.0,965,15.373400000000004,1,0,1
26444307294,702883672,14989130,1697093758,1697093758,2023-10-12,0.434758184,-40.4491,4.5525,-71.5607,4.0202,0.0039,0.0003,8.94e-06,80830,3,183,1,2023-10-12,0,12,10,3,-41.3107,-56.6841,0.426417132,0.295718457,-46.14796666666668,-55.16853999999999,0.0,966,0.8615999999999957,0,0,1
26444307405,702883672,14989130,1697093980,1697093980,2023-10-12,0.471102059,-37.5224,0.6065,-70.9445,4.1865,0.0118,0.0003,8.94e-06,80830,3,183,1,2023-10-12,0,12,10,3,-40.4491,-41.3107,0.434758184,0.426417132,-39.76073333333334,-48.92476,0.0,967,2.926700000000004,0,0,1
26444307861,702883672,14989130,1697094931,1697094931,2023-10-12,0.578259685,-23.2206,3.4832,-55.059,4.155,0.0116,0.0003,8.94e-06,80830,3,183,1,2023-10-12,0,12,10,3,-37.5224,-40.4491,0.471102059,0.434758184,-33.730700000000006,-39.83738,0.0,968,14.301799999999997,0,0,1
26444307557,702883672,14989130,1697094297,1697094297,2023-10-12,0.419401118,-42.6955,21.7994,-73.537,4.2415,0.0,0.0004,0.0002,80830,3,183,1,2023-10-12,0,12,10,3,-23.2206,-37.5224,0.578259685,0.471102059,-34.47950000000001,-37.039660000000005,0.0,969,-19.4749,1,0,1
26444307584,702883672,14989130,1697094360,1697094360,2023-10-12,0.420737572,-43.7872,1.419,-75.5913,4.2995,0.0016,0.0003,0.0003,80830,3,183,1,2023-10-12,0,12,10,3,-42.6955,-23.2206,0.419401118,0.578259685,-36.56776666666668,-37.53496,0.0,970,-1.091699999999996,0,0,1
26444307834,702883672,14989130,1697094868,1697094868,2023-10-12,0.548151413,-26.1417,4.5468,-57.855,4.212,0.0,0.0003,0.0002,80830,3,183,1,2023-10-12,0,12,10,3,-43.7872,-42.6955,0.420737572,0.419401118,-37.54146666666668,-34.673480000000005,0.0,971,17.6455,0,0,1
26444307818,702883672,14989130,1697094836,1697094836,2023-10-12,0.577265168,-23.9448,1.2263,-56.6426,4.2295,0.0023,0.0005,0.0002,80830,3,183,1,2023-10-12,0,12,10,3,-26.1417,-43.7872,0.548151413,0.420737572,-31.29123333333334,-31.957960000000003,0.0,972,2.1968999999999994,0,0,1
26444307805,702883672,14989130,1697094804,1697094804,2023-10-12,0.567069574,-25.5448,6.7492,-59.0044,4.238,0.0039,0.0001,0.0003,80830,3,183,1,2023-10-12,0,12,10,3,-23.9448,-26.1417,0.577265168,0.548151413,-25.21043333333334,-32.4228,0.0,973,-1.5999999999999979,0,0,1
26444307790,702883672,14989130,1697094772,1697094772,2023-10-12,0.571344917,-24.9617,4.5041,-58.2326,4.2343,0.0032,0.0004,-0.0001,80830,3,183,1,2023-10-12,0,12,10,3,-25.5448,-23.9448,0.567069574,0.577265168,-24.81710000000001,-28.87604,0.0,974,0.5830999999999982,0,0,1
26444307774,702883672,14989130,1697094741,1697094741,2023-10-12,0.57150608,-23.9298,1.2323,-55.8463,4.2633,0.0028,0.0003,8.94e-06,80830,3,183,1,2023-10-12,0,12,10,3,-24.9617,-25.5448,0.571344917,0.567069574,-24.81210000000001,-24.90456,0.0,975,1.0319000000000003,0,0,1
26444307759,702883672,14989130,1697094709,1697094709,2023-10-12,0.584897798,-22.7124,0.8705,-54.7152,4.225,0.0,0.0003,0.0002,80830,3,183,1,2023-10-12,0,12,10,3,-23.9298,-24.9617,0.57150608,0.571344917,-23.86796666666668,-24.218700000000002,0.0,976,1.2174000000000014,0,0,1
26444307743,702883672,14989130,1697094677,1697094677,2023-10-12,0.56082656,-25.0021,1.4977,-56.9299,4.233,0.0023,0.0004,0.0003,80830,3,183,1,2023-10-12,0,12,10,3,-22.7124,-23.9298,0.584897798,0.57150608,-23.881433333333337,-24.43016,0.0,977,-2.2897,0,0,1
26444307573,702883672,14989130,1697094329,1697094329,2023-10-12,0.243962601,-60.6875,5.4811,-80.2705,4.2188,0.005,0.0003,8.94e-06,80830,3,183,1,2023-10-12,0,12,10,3,-25.0021,-22.7124,0.56082656,0.584897798,-36.13400000000001,-31.4587,0.0,978,-35.6854,1,1,1
26444307730,702883672,14989130,1697094646,1697094646,2023-10-12,0.583224365,-23.4265,9.2288,-56.2089,4.2295,0.0032,0.0006,0.0003,80830,3,183,1,2023-10-12,0,12,10,3,-60.6875,-25.0021,0.243962601,0.56082656,-36.37203333333334,-31.15166,0.0,979,37.260999999999996,1,0,1
26444307253,702883688,14989130,1697093666,1697093666,2023-10-12,0.412154134,-42.6481,7.7452,-72.5498,3.4712,0.002,0.0003,0.0001,80831,2,60,1,2023-10-12,0,12,10,3,-37.6989,-41.3847,0.465202385,0.437810236,-40.577233333333346,-34.44424,0.0,980,-19.2216,1,0,1
26444307682,702883672,14989130,1697094551,1697094551,2023-10-12,0.55228198,-25.7548,1.0425,-57.5246,4.2998,0.0023,0.0003,8.94e-06,80830,3,183,1,2023-10-12,0,12,10,3,-48.2961,-23.4265,0.387026764,0.583224365,-32.49246666666668,-36.6334,0.0,981,16.8933,0,0,1
26444307666,702883672,14989130,1697094519,1697094519,2023-10-12,0.258543105,-59.3015,6.0607,-79.9797,4.2438,0.0045,0.0003,8.94e-06,80830,3,183,1,2023-10-12,0,12,10,3,-25.7548,-48.2961,0.55228198,0.387026764,-44.450800000000015,-43.493280000000006,0.0,982,-33.5467,0,0,1
26444307651,702883672,14989130,1697094487,1697094487,2023-10-12,0.541811093,-27.3098,1.0124,-59.6038,4.2652,0.0,0.0003,0.0003,80830,3,183,1,2023-10-12,0,12,10,3,-59.3015,-25.7548,0.258543105,0.55228198,-37.45536666666667,-36.81774,0.0,983,31.991699999999998,0,0,1
26444307634,702883672,14989130,1697094455,1697094455,2023-10-12,0.278267347,-57.9368,2.0609,-80.2746,4.264,0.0016,0.0004,0.0002,80830,3,183,1,2023-10-12,0,12,10,3,-27.3098,-59.3015,0.541811093,0.258543105,-48.18270000000001,-43.7198,0.0,984,-30.627,0,0,1
26444307616,702883672,14989130,1697094424,1697094424,2023-10-12,0.491324511,-33.3772,1.2916,-65.6159,4.2972,0.0016,0.0004,0.0003,80830,3,183,1,2023-10-12,0,12,10,3,-57.9368,-27.3098,0.278267347,0.541811093,-39.54126666666668,-40.736019999999996,0.0,985,24.559599999999996,0,0,1
26444307601,702883672,14989130,1697094392,1697094392,2023-10-12,0.554873279,-27.0317,17.126,-60.7281,4.3035,0.0016,0.0003,0.0003,80830,3,183,1,2023-10-12,0,12,10,3,-33.3772,-57.9368,0.491324511,0.278267347,-39.44856666666668,-40.9914,0.0,986,6.345500000000001,1,0,1
26444307714,702883672,14989130,1697094614,1697094614,2023-10-12,0.588171543,-23.2179,17.1199,-56.3776,4.2672,0.0032,0.0003,0.0002,80830,3,183,1,2023-10-12,0,12,10,3,-27.0317,-33.3772,0.554873279,0.491324511,-27.87560000000001,-33.774680000000004,0.0,987,3.8138000000000005,1,0,1
26444306303,702883673,14989130,1697091349,1697091349,2023-10-12,0.323455613,-54.2228,6.5363,-80.1467,4.3273,0.0023,0.0002,8.94e-06,80830,4,176,1,2023-10-12,0,12,10,3,-23.2179,-27.0317,0.588171543,0.554873279,-34.82413333333334,-39.15728,0.0,988,-31.0049,0,0,1
26444306487,702883673,14989130,1697091825,1697091825,2023-10-12,0.264620659,-59.4627,5.3414,-80.8599,3.8335,0.0048,0.0004,0.0002,80830,4,176,1,2023-10-12,0,12,10,3,-54.2228,-23.2179,0.323455613,0.588171543,-45.634466666666675,-39.46246000000001,0.0,989,-5.239899999999999,0,0,1
26444307890,702883688,14989130,1697094997,1697094997,2023-10-12,0.115047372,-72.1824,17.3751,-81.5664,3.5322,0.0075,0.0003,0.0002,80831,2,60,1,2023-10-12,0,12,10,3,-59.4627,-54.2228,0.264620659,0.323455613,-61.955966666666676,-47.2235,0.0,990,-12.719700000000003,1,1,0
26444307620,702883688,14989130,1697094426,1697094426,2023-10-12,0.201719314,-65.3087,39.6719,-81.8117,3.5322,0.0016,0.0003,0.0002,80831,2,60,1,2023-10-12,0,12,10,3,-72.1824,-59.4627,0.115047372,0.264620659,-65.65126666666667,-54.8789,0.0,991,6.8736999999999995,1,1,1
26444307530,702883687,14989130,1697094236,1697094236,2023-10-12,0.387026764,-48.2961,22.3939,-78.7899,3.5242,0.0016,0.0003,0.0002,80831,4,58,1,2023-10-12,0,12,10,3,-23.4265,-60.6875,0.583224365,0.243962601,-44.13670000000002,-36.024919999999995,0.0,992,17.0126,1,0,1
26444307127,702883689,14989130,1697093412,1697093412,2023-10-12,0.16330681,-67.3907,16.9498,-80.5441,3.4462,0.0114,0.0003,0.0002,80831,3,24,1,2023-10-12,0,12,10,3,-26.5379,-65.3087,0.55930433,0.201719314,-53.07910000000001,-58.176480000000005,0.0,993,-19.094599999999993,0,1,1
26444306955,702883688,14989130,1697093063,1697093063,2023-10-12,0.514135427,-30.2045,1.668,-62.1665,3.4912,0.002,0.0002,0.0,80831,2,60,1,2023-10-12,0,12,10,3,-70.7944,-64.5277,0.137628559,0.196245024,-55.17553333333334,-55.385079999999995,0.0,994,37.1862,0,0,1
26444307937,702883690,14989130,1697095124,1697095124,2023-10-12,0.12621786,-71.559,6.0446,-81.8957,3.5105,0.007,0.0005,0.0002,80831,1,60,1,2023-10-12,0,12,10,3,-67.3907,-26.5379,0.16330681,0.55930433,-55.16253333333335,-60.59574,0.0,995,-41.3545,0,1,0
26444307053,702883688,14989130,1697093285,1697093285,2023-10-12,0.50753095,-32.0228,3.7329,-65.025,3.4835,0.0023,0.0002,0.0,80831,2,60,1,2023-10-12,0,12,10,3,-71.559,-67.3907,0.12621786,0.16330681,-56.99083333333334,-52.56382,0.0,996,39.5362,0,0,1
26444307331,702883689,14989130,1697093824,1697093824,2023-10-12,0.202115949,-64.2923,5.571,-80.5785,3.4275,0.006,0.0006,0.0002,80831,3,24,1,2023-10-12,0,12,10,3,-32.0228,-71.559,0.50753095,0.12621786,-55.95803333333334,-52.36054,0.0,997,-32.2695,0,1,1
26444307237,702883688,14989130,1697093634,1697093634,2023-10-12,0.423212739,-42.9421,1.5502,-74.4505,3.4787,0.0023,0.0002,-0.0001,80831,2,60,1,2023-10-12,0,12,10,3,-64.2923,-32.0228,0.202115949,0.50753095,-46.41906666666668,-55.641380000000005,0.0,998,21.350199999999994,0,0,1
26444307266,702883688,14989130,1697093697,1697093697,2023-10-12,0.426439998,-42.9593,4.4734,-74.8994,3.4705,0.0011,0.0004,-0.0001,80831,2,60,1,2023-10-12,0,12,10,3,-42.9421,-64.2923,0.423212739,0.202115949,-50.06456666666668,-50.7551,0.0,999,-0.01719999999999544,0,0,1
26444307559,702883688,14989130,1697094300,1697094300,2023-10-12,0.239153715,-61.8829,34.4499,-81.3343,3.5035,0.0037,0.0005,0.0002,80831,2,60,1,2023-10-12,0,12,10,3,-42.9593,-42.9421,0.426439998,0.423212739,-49.26143333333334,-48.81988,0.0,1000,-18.9236,1,1,1
26444307544,702883688,14989130,1697094268,1697094268,2023-10-12,0.386422265,-48.6642,7.0627,-79.3122,3.5175,0.0016,0.0003,0.0002,80831,2,60,1,2023-10-12,0,12,10,3,-61.8829,-42.9593,0.239153715,0.426439998,-51.168800000000005,-52.148160000000004,0.0,1001,13.218699999999998,0,0,1
26444307529,702883688,14989130,1697094236,1697094236,2023-10-12,0.403815305,-45.0439,12.4591,-75.5536,3.5125,0.0025,0.0005,0.0002,80831,2,60,1,2023-10-12,0,12,10,3,-48.6642,-61.8829,0.386422265,0.239153715,-51.86366666666668,-48.29848,0.0,1002,3.6203000000000003,0,0,1
26444307513,702883688,14989130,1697094205,1697094205,2023-10-12,0.426437822,-43.7874,0.8875,-76.3429,3.5093,0.0016,0.0003,0.0004,80831,2,60,1,2023-10-12,0,12,10,3,-45.0439,-48.6642,0.403815305,0.386422265,-45.83183333333334,-48.46754,0.0,1003,1.2565000000000026,0,0,1
26444307483,702883688,14989130,1697094141,1697094141,2023-10-12,0.559110145,-26.535,0.5499,-60.1851,3.4952,0.0,0.0002,0.0001,80831,2,60,1,2023-10-12,0,12,10,3,-43.7874,-45.0439,0.426437822,0.403815305,-38.455433333333346,-45.18268,0.0,1004,17.252399999999998,0,0,1
26444307468,702883688,14989130,1697094109,1697094109,2023-10-12,0.57532226,-23.9545,6.9147,-56.4063,3.4855,0.002,0.0002,0.0002,80831,2,60,1,2023-10-12,0,12,10,3,-26.535,-43.7874,0.559110145,0.426437822,-31.42563333333334,-37.597,0.0,1005,2.5805000000000007,0,0,1
26444307453,702883688,14989130,1697094078,1697094078,2023-10-12,0.437810236,-41.3847,52.2489,-73.6134,3.4768,0.0016,0.0003,0.0002,80831,2,60,1,2023-10-12,0,12,10,3,-23.9545,-26.535,0.57532226,0.559110145,-30.624733333333342,-36.1411,0.0,1006,-17.430200000000003,1,0,1
26444307437,702883696,14989130,1697094014,1697094014,2023-10-12,0.192755661,-64.8239,20.6251,-80.3027,3.4645,0.0059,0.0004,0.0,80831,3,28,1,2023-10-12,0,12,10,3,-57.6148,-52.2873,0.286889061,0.341883376,-58.24200000000001,-56.55588,0.0,1007,-23.439199999999992,1,1,1
26444307435,702883688,14989130,1697094046,1697094046,2023-10-12,0.465202385,-37.6989,2.5795,-70.4919,3.4785,0.0025,0.0003,-0.0001,80831,2,60,1,2023-10-12,0,12,10,3,-41.3847,-23.9545,0.437810236,0.57532226,-34.346033333333345,-34.6721,0.0,1008,27.124999999999993,0,0,1
26444307423,702883688,14989130,1697094014,1697094014,2023-10-12,0.436257916,-39.1688,13.4407,-69.48,3.4878,0.0016,0.0003,0.0002,80831,2,60,1,2023-10-12,0,12,10,3,-42.6481,-37.6989,0.412154134,0.465202385,-39.83860000000001,-36.971000000000004,0.0,1009,-1.4698999999999955,0,0,1
26444307362,702883688,14989130,1697093888,1697093888,2023-10-12,0.32178335,-39.824,22.9219,-58.7187,3.4825,0.0028,0.0003,0.0002,80831,2,60,1,2023-10-12,0,12,10,3,-40.1399,-39.1688,0.436523846,0.436257916,-39.7109,-39.89594,0.0,1010,-0.6552000000000007,0,0,1
26444307346,702883688,14989130,1697093856,1697093856,2023-10-12,0.456515103,-39.8794,1.8563,-73.3772,3.4707,0.0,0.0003,0.0001,80831,2,60,1,2023-10-12,0,12,10,3,-39.824,-40.1399,0.32178335,0.436523846,-39.94776666666667,-40.33203999999999,0.0,1011,-0.055399999999998784,0,0,1
26444307330,702883688,14989130,1697093824,1697093824,2023-10-12,0.445573412,-38.5398,1.0813,-69.5129,3.4625,0.0025,0.0002,0.0002,80831,2,60,1,2023-10-12,0,12,10,3,-39.8794,-39.824,0.456515103,0.32178335,-39.41440000000001,-39.51038,0.0,1012,1.3395999999999972,0,0,1
26444307314,702883688,14989130,1697093792,1697093792,2023-10-12,0.434872042,-42.1447,21.549,-74.5755,3.478,0.0023,0.0003,0.0002,80831,2,60,1,2023-10-12,0,12,10,3,-38.5398,-39.8794,0.445573412,0.456515103,-40.187966666666675,-40.10556,0.0,1013,-3.6049000000000007,1,0,1
26444307298,702883688,14989130,1697093761,1697093761,2023-10-12,0.413180071,-44.5117,2.2856,-75.8524,3.4595,0.0023,0.0003,0.0002,80831,2,60,1,2023-10-12,0,12,10,3,-42.1447,-38.5398,0.434872042,0.445573412,-41.732066666666675,-40.97992,0.0,1014,-2.3669999999999973,0,0,1
26444307282,702883688,14989130,1697093729,1697093729,2023-10-12,0.402899718,-44.9269,16.1449,-75.2418,3.464,0.0,0.0003,0.0002,80831,2,60,1,2023-10-12,0,12,10,3,-44.5117,-42.1447,0.413180071,0.434872042,-43.8611,-42.0005,0.0,1015,-0.4152000000000058,1,0,1
26444307406,702883688,14989130,1697093983,1697093983,2023-10-12,0.425066216,-42.7841,9.261,-74.4157,3.4943,0.002,0.0003,0.0,80831,2,60,1,2023-10-12,0,12,10,3,-44.9269,-44.5117,0.402899718,0.413180071,-44.074233333333346,-42.58144,0.0,1016,2.142800000000001,0,0,1
26444307926,702883690,14989130,1697095092,1697095092,2023-10-12,0.162695202,-68.6147,4.1216,-81.9471,3.5023,0.0037,0.0003,0.0003,80831,1,60,1,2023-10-12,0,12,10,3,-42.7841,-44.9269,0.425066216,0.402899718,-52.10856666666668,-48.59642,0.0,1017,-25.830599999999997,0,1,1
26444307697,702883672,14989130,1697094582,1697094582,2023-10-12,0.55930433,-26.5379,7.6496,-60.2182,4.306,0.0023,0.0002,0.0002,80830,3,183,1,2023-10-12,0,12,10,3,-65.3087,-72.1824,0.201719314,0.115047372,-54.67633333333335,-55.54290000000001,0.0,1018,42.0768,0,0,1
26444307376,702883688,14989130,1697093919,1697093919,2023-10-12,0.42195874,-44.189,2.4689,-76.4461,3.4965,0.0025,0.0002,0.0002,80831,2,60,1,2023-10-12,0,12,10,3,-30.2045,-70.7944,0.514135427,0.137628559,-48.39596666666668,-55.666059999999995,0.0,1019,-17.6511,0,0,1
26444306956,702883688,14989130,1697093127,1697093127,2023-10-12,0.482122811,-34.0917,37.4612,-65.8297,3.4823,0.0028,0.0005,0.0002,80831,2,60,1,2023-10-12,0,12,10,3,-44.189,-30.2045,0.42195874,0.514135427,-36.16173333333335,-48.76146,0.0,1020,10.097299999999997,1,0,1
26444307392,702883688,14989130,1697093951,1697093951,2023-10-12,0.436523846,-40.1399,11.216,-71.2362,3.494,0.0011,0.0005,0.0002,80831,2,60,1,2023-10-12,0,12,10,3,-39.1688,-42.6481,0.436257916,0.412154134,-40.65226666666668,-40.20808,0.0,1021,-6.048199999999994,0,0,1
26444307110,702883689,14989130,1697093380,1697093380,2023-10-12,0.121236148,-70.5998,7.8039,-80.3399,3.4703,0.0056,0.0003,0.0002,80831,3,24,1,2023-10-12,0,12,10,3,-34.0917,-44.189,0.482122811,0.42195874,-49.626833333333344,-49.975880000000004,0.0,1022,-30.459900000000005,0,1,0
26444307091,702883689,14989130,1697093349,1697093349,2023-10-12,0.19416302,-64.8565,4.6923,-80.4834,3.4693,0.002,0.0003,0.0002,80831,3,24,1,2023-10-12,0,12,10,3,-70.5998,-34.0917,0.121236148,0.482122811,-56.51600000000002,-48.78830000000001,0.0,1023,5.743300000000005,0,1,1
26444307074,702883689,14989130,1697093317,1697093317,2023-10-12,0.171528684,-66.7472,29.0136,-80.5667,3.475,0.0084,0.0003,0.0002,80831,3,24,1,2023-10-12,0,12,10,3,-64.8565,-70.5998,0.19416302,0.121236148,-67.40116666666668,-56.09684,0.0,1024,-1.8907000000000096,1,1,1
26444307054,702883689,14989130,1697093285,1697093285,2023-10-12,0.341926193,-51.3622,4.128,-78.0493,3.4583,0.0016,0.0002,0.0001,80831,3,24,1,2023-10-12,0,12,10,3,-66.7472,-64.8565,0.171528684,0.19416302,-60.988633333333354,-57.53148,0.0,1025,15.385000000000005,0,0,1
26444307037,702883689,14989130,1697093254,1697093254,2023-10-12,0.375125936,-48.9362,2.8888,-78.3137,3.4598,0.002,0.0002,-0.0001,80831,3,24,1,2023-10-12,0,12,10,3,-51.3622,-66.7472,0.341926193,0.171528684,-55.68186666666668,-60.50037999999999,0.0,1026,2.426000000000002,0,0,1
26444306999,702883689,14989130,1697093190,1697093190,2023-10-12,0.314577957,-54.5805,18.8256,-79.6305,3.4515,0.0034,0.0002,-0.0001,80831,3,24,1,2023-10-12,0,12,10,3,-48.9362,-51.3622,0.375125936,0.341926193,-51.626300000000015,-57.29652,0.0,1027,-5.644300000000001,1,0,1
26444307607,702883688,14989130,1697094395,1697094395,2023-10-12,0.200830646,-65.0961,15.3688,-81.4547,3.547,0.0025,0.0003,0.0002,80831,2,60,1,2023-10-12,0,12,10,3,-67.4282,-54.5805,0.160295343,0.314577957,-62.36826666666669,-57.480639999999994,0.0,1028,-10.515600000000006,0,1,1
26444307591,702883688,14989130,1697094363,1697094363,2023-10-12,0.242963485,-61.6392,4.432,-81.4217,3.6065,0.0055,0.0005,0.0002,80831,2,60,1,2023-10-12,0,12,10,3,-65.0961,-67.4282,0.200830646,0.160295343,-64.72116666666669,-59.53604,0.0,1029,3.4569000000000045,0,1,1
26444307575,702883688,14989130,1697094331,1697094331,2023-10-12,0.216467294,-63.9148,39.3418,-81.5726,3.5968,0.013,0.0003,0.0003,80831,2,60,1,2023-10-12,0,12,10,3,-61.6392,-65.0961,0.242963485,0.200830646,-63.55003333333335,-62.531760000000006,0.0,1030,-2.275599999999997,1,1,1
26444307205,702883688,14989130,1697093571,1697093571,2023-10-12,0.434356122,-42.1067,2.1989,-74.4403,3.475,0.0,0.0003,0.0002,80831,2,60,1,2023-10-12,0,12,10,3,-63.9148,-61.6392,0.216467294,0.242963485,-55.88690000000002,-60.037,0.0,1031,21.808100000000003,0,0,1
26444307189,702883688,14989130,1697093539,1697093539,2023-10-12,0.428435057,-41.4332,3.2938,-72.4908,3.4802,0.0,0.0005,0.0002,80831,2,60,1,2023-10-12,0,12,10,3,-42.1067,-63.9148,0.434356122,0.216467294,-49.151566666666675,-54.838,0.0,1032,0.6734999999999971,0,0,1
26444307018,702883689,14989130,1697093222,1697093222,2023-10-12,0.330603715,-52.5946,1.5552,-78.5702,3.4592,0.0025,0.0004,0.0002,80831,3,24,1,2023-10-12,0,12,10,3,-41.4332,-42.1067,0.428435057,0.434356122,-45.37816666666668,-52.3377,0.0,1033,-11.1614,0,0,1
26444307347,702883689,14989130,1697093856,1697093856,2023-10-12,0.138630377,-69.5562,14.691,-80.7507,3.4405,0.0153,0.0003,0.0001,80831,3,24,1,2023-10-12,0,12,10,3,-52.5946,-41.4332,0.330603715,0.428435057,-54.52800000000002,-53.9211,0.0,1034,-16.961600000000004,1,1,0
26444307158,702883689,14989130,1697093476,1697093476,2023-10-12,0.160295343,-67.4282,14.1518,-80.2999,3.4573,0.0092,0.0003,0.0004,80831,3,24,1,2023-10-12,0,12,10,3,-54.5805,-48.9362,0.314577957,0.375125936,-56.98163333333335,-57.810860000000005,0.0,1035,2.128,1,1,1
26444307186,702883689,14989130,1697093539,1697093539,2023-10-12,0.196245024,-64.5277,26.9061,-80.2828,3.4555,0.0023,0.0004,0.0002,80831,3,24,1,2023-10-12,0,12,10,3,-68.6147,-42.7841,0.162695202,0.425066216,-58.642166666666675,-53.07302,0.0,1036,2.900500000000008,1,1,1
26444307173,702883688,14989130,1697093507,1697093507,2023-10-12,0.420136338,-44.5983,7.3528,-76.9117,3.4857,0.0011,0.0003,0.0002,80831,2,60,1,2023-10-12,0,12,10,3,-69.5562,-52.5946,0.138630377,0.330603715,-55.583033333333354,-50.0578,0.0,1037,19.929399999999994,0,0,1
26444307157,702883688,14989130,1697093476,1697093476,2023-10-12,0.392228816,-46.3744,4.3916,-76.3024,3.4798,0.002,0.0005,0.0002,80831,2,60,1,2023-10-12,0,12,10,3,-44.1273,-44.7953,0.4235094,0.406441842,-45.09900000000002,-44.91206,0.0,1038,-1.7760999999999996,0,0,1
26444307142,702883688,14989130,1697093444,1697093444,2023-10-12,0.4235094,-44.1273,0.9972,-76.5447,3.4777,0.0,0.0003,0.0002,80831,2,60,1,2023-10-12,0,12,10,3,-44.7953,-43.8417,0.406441842,0.418253448,-44.25476666666668,-44.82994,0.0,1039,2.247100000000003,0,0,1
26444307126,702883688,14989130,1697093412,1697093412,2023-10-12,0.406441842,-44.7953,11.6714,-75.4691,3.4805,0.0028,0.0002,0.0002,80831,2,60,1,2023-10-12,0,12,10,3,-43.8417,-45.4216,0.418253448,0.398879059,-44.68620000000002,-43.000339999999994,0.0,1040,-0.6679999999999993,0,0,1
26444307090,702883688,14989130,1697093349,1697093349,2023-10-12,0.395619379,-46.8977,3.6767,-77.5963,3.4925,0.0011,0.0003,0.0002,80831,2,60,1,2023-10-12,0,12,10,3,-46.3744,-44.1273,0.392228816,0.4235094,-45.79980000000001,-45.20728,0.0,1041,-2.102400000000003,0,0,1
26444307073,702883688,14989130,1697093317,1697093317,2023-10-12,0.398879059,-45.4216,10.9234,-75.5615,3.4968,0.0011,0.0002,0.0002,80831,2,60,1,2023-10-12,0,12,10,3,-45.9638,-34.9793,0.3909837,0.489700437,-42.12156666666669,-38.04344,0.0,1042,1.4761000000000024,1,0,1
26444307109,702883688,14989130,1697093380,1697093380,2023-10-12,0.418253448,-43.8417,2.2261,-75.3622,3.4855,0.0016,0.0003,0.0002,80831,2,60,1,2023-10-12,0,12,10,3,-45.4216,-45.9638,0.398879059,0.3909837,-45.07570000000002,-40.05122,0.0,1043,1.579899999999995,0,0,1
26444306979,702883688,14989130,1697093159,1697093159,2023-10-12,0.489700437,-34.9793,4.4379,-68.5466,3.4728,0.0011,0.0003,0.0002,80831,2,60,1,2023-10-12,0,12,10,3,-30.0497,-33.8028,0.50165178,0.421888762,-32.943933333333355,-35.60058,0.0,1044,8.862400000000001,0,0,1
26444307036,702883688,14989130,1697093254,1697093254,2023-10-12,0.50165178,-30.0497,1.241,-60.2986,3.4827,0.002,0.0003,0.0001,80831,2,60,1,2023-10-12,0,12,10,3,-33.8028,-34.5728,0.421888762,0.473917906,-32.80843333333335,-42.51595999999999,0.0,1045,4.929600000000001,0,0,1
26444307017,702883688,14989130,1697093222,1697093222,2023-10-12,0.421888762,-33.8028,30.8469,-58.4711,3.4827,0.0023,0.0002,-0.0001,80831,2,60,1,2023-10-12,0,12,10,3,-34.5728,-44.5983,0.473917906,0.420136338,-37.65796666666669,-47.02494,0.0,1046,-3.7530999999999963,1,0,1
26444306998,702883688,14989130,1697093190,1697093190,2023-10-12,0.473917906,-34.5728,19.4644,-65.7175,3.4795,0.002,0.0004,0.0002,80831,2,60,1,2023-10-12,0,12,10,3,-44.5983,-69.5562,0.420136338,0.138630377,-49.57576666666668,-48.55102,0.0,1047,-0.7700000000000031,1,0,1
26444307220,702883688,14989130,1697093602,1697093602,2023-10-12,0.3909837,-45.9638,9.1232,-75.4722,3.4758,0.0,0.0004,0.0002,80831,2,60,1,2023-10-12,0,12,10,3,-34.9793,-30.0497,0.489700437,0.50165178,-36.99760000000001,-35.87368,0.0,1048,-11.390999999999998,0,0,1
26444313337,702883861,14989130,1697260352,1697260352,2023-10-13,0.176800596,-66.8228,12.2548,-81.1745,3.8198,0.0101,0.0002,8.94e-06,80830,3,4,1,2023-10-13,0,13,10,4,-70.629,-66.3095,0.12401399,0.185977994,-67.92043333333335,-67.14832,0.0,1049,-20.859,0,1,1
26444313336,702883861,14989130,1697260320,1697260320,2023-10-13,0.166710314,-67.1389,2.6201,-80.5709,3.8072,0.0165,0.0003,0.0,80830,3,4,1,2023-10-13,0,13,10,4,-46.8977,-46.3744,0.395619379,0.392228816,-53.47033333333335,-49.86672,0.0,1050,-0.3161000000000058,0,1,1
26444313251,702883855,14989130,1697259337,1697259337,2023-10-13,0.168594158,-66.5631,16.344,-80.0609,3.8188,0.0068,0.0002,0.0002,80830,3,28,1,2023-10-13,0,13,10,4,-67.1389,-46.8977,0.166710314,0.395619379,-60.199900000000014,-54.22028,0.0,1051,0.575800000000001,1,1,1
26444313296,702883857,14989130,1697259876,1697259876,2023-10-13,0.189763483,-65.4172,10.7595,-80.7384,3.7588,0.0312,0.0004,8.94e-06,80830,3,7,1,2023-10-13,0,13,10,4,-66.5631,-67.1389,0.168594158,0.166710314,-66.37306666666669,-58.47826,0.0,1052,1.1459000000000117,0,1,1
26444313340,702883861,14989130,1697260415,1697260415,2023-10-13,0.185977994,-66.3095,13.5999,-81.4591,3.7958,0.0081,0.0003,0.0002,80830,3,4,1,2023-10-13,0,13,10,4,-65.4172,-66.5631,0.189763483,0.168594158,-66.09660000000002,-62.46528000000001,0.0,1053,-0.8923000000000059,1,1,1
26444313338,702883861,14989130,1697260383,1697260383,2023-10-13,0.12401399,-70.629,12.8264,-80.628,3.7902,0.0273,0.0002,0.0002,80830,3,4,1,2023-10-13,0,13,10,4,-66.3095,-65.4172,0.185977994,0.189763483,-67.45190000000001,-67.21154000000001,0.0,1054,-4.319500000000005,0,1,0
26444313322,702883858,14989130,1697260193,1697260193,2023-10-13,0.176714335,-66.9365,7.2666,-81.3041,3.8367,0.0076,0.0002,8.94e-06,80830,3,3,0,2023-10-13,0,13,10,4,-66.8228,-70.629,0.176800596,0.12401399,-68.12943333333335,-67.223,0.0,1055,3.6925000000000097,0,1,1
26444313289,702883857,14989130,1697259781,1697259781,2023-10-13,0.188584348,-65.1768,7.9562,-80.3248,3.7088,0.0226,0.0006,0.0,80830,3,7,1,2023-10-13,0,13,10,4,-66.493,-66.9417,0.169882411,0.169054715,-66.20383333333335,-65.76086000000001,0.0,1056,1.7596999999999952,0,1,1
26444313245,702883855,14989130,1697259274,1697259274,2023-10-13,0.178390077,-65.7891,11.2552,-80.0734,3.9085,0.0023,0.0004,0.0003,80830,3,28,1,2023-10-13,0,13,10,4,-65.995,-71.323,0.187397801,0.109811136,-67.70236666666669,-67.82077999999998,0.0,1057,-0.6123000000000047,0,1,1
26444313305,702883857,14989130,1697259971,1697259971,2023-10-13,0.184625814,-66.0321,9.8843,-80.9838,3.7138,0.0149,0.0006,0.0003,80830,3,7,1,2023-10-13,0,13,10,4,-64.1607,-65.9519,0.199916451,0.180131026,-65.38156666666669,-65.9808,0.0,1058,-0.242999999999995,0,1,1
26444313293,702883857,14989130,1697259844,1697259844,2023-10-13,0.169054715,-66.9417,20.8901,-80.5609,3.6012,0.015,0.0004,0.0003,80830,3,7,1,2023-10-13,0,13,10,4,-66.0321,-64.1607,0.184625814,0.199916451,-65.71150000000002,-66.00458,0.0,1059,-0.9095999999999975,1,1,1
26444313254,702883855,14989130,1697259369,1697259369,2023-10-13,0.169882411,-66.493,3.4909,-80.1007,3.7487,0.029,0.0004,0.0003,80830,3,28,1,2023-10-13,0,13,10,4,-66.9417,-66.0321,0.169054715,0.184625814,-66.48893333333335,-65.91588,0.0,1060,0.4487000000000023,0,1,1
26444313278,702883856,14989130,1697259654,1697259654,2023-10-13,0.111252971,-70.8638,2.6499,-79.7345,3.7673,0.0309,0.0006,0.0002,80830,3,5,1,2023-10-13,0,13,10,4,-65.1768,-66.493,0.188584348,0.169882411,-67.51120000000002,-67.10148,0.0,1061,-4.370800000000003,0,1,0
26444313267,702883856,14989130,1697259528,1697259528,2023-10-13,0.1557774,-67.5514,12.3699,-80.0161,3.7685,0.024,0.0003,0.0003,80830,3,5,1,2023-10-13,0,13,10,4,-67.2413,-70.9528,0.155385257,0.112379904,-68.58183333333335,-69.01032,0.0,1062,3.3123999999999967,1,1,0
26444313290,702883857,14989130,1697259813,1697259813,2023-10-13,0.180131026,-65.9519,10.5336,-80.442,3.7252,0.0318,0.0006,0.0003,80830,3,7,1,2023-10-13,0,13,10,4,-66.9365,-66.8228,0.176714335,0.176800596,-66.57040000000002,-67.32994,0.0,1063,1.5995000000000061,0,1,1
26444313319,702883858,14989130,1697260161,1697260161,2023-10-13,0.187397801,-65.995,14.0994,-81.2144,3.832,0.0067,0.0004,0.0003,80830,3,3,0,2023-10-13,0,13,10,4,-71.323,-65.133,0.109811136,0.190207344,-67.48366666666668,-67.69832,0.0,1064,-0.043100000000009686,1,1,1
26444313318,702883858,14989130,1697260130,1697260130,2023-10-13,0.199916451,-64.1607,25.8619,-80.1925,3.7778,0.0081,0.0004,0.0,80830,3,3,0,2023-10-13,0,13,10,4,-65.9519,-66.9365,0.180131026,0.176714335,-65.68303333333336,-66.90018,0.0,1065,1.834299999999999,1,1,1
26444313208,702883855,14989130,1697258989,1697258989,2023-10-13,0.10044829,-71.9376,15.9526,-79.9705,3.9082,0.0096,0.0003,0.0003,80830,3,28,1,2023-10-13,0,13,10,4,-65.7891,-65.995,0.178390077,0.187397801,-67.90723333333337,-68.03554,0.0,1066,-7.776899999999998,0,1,0
26444313242,702883855,14989130,1697259242,1697259242,2023-10-13,0.160700323,-67.6259,43.0615,-80.5742,3.911,0.0028,0.0004,0.0003,80830,3,28,1,2023-10-13,0,13,10,4,-68.2403,-69.739,0.149186032,0.129169253,-68.5350666666667,-66.69056,0.0,1067,4.311700000000002,1,1,1
26444313270,702883856,14989130,1697259559,1697259559,2023-10-13,0.111828231,-71.0088,21.8997,-79.9494,3.8163,0.0127,0.0004,0.0002,80830,3,5,1,2023-10-13,0,13,10,4,-66.7909,-71.9376,0.173776701,0.10044829,-69.91243333333335,-68.30427999999999,0.0,1068,-3.3828999999999922,0,1,0
26444313248,702883855,14989130,1697259306,1697259306,2023-10-13,0.155385257,-67.2413,9.7668,-79.6118,3.8777,0.003,0.0002,8.94e-06,80830,3,28,1,2023-10-13,0,13,10,4,-70.9528,-70.1395,0.112379904,0.130623132,-69.44453333333335,-68.92236,0.0,1069,3.7674999999999983,0,1,0
26444313238,702883855,14989130,1697259211,1697259211,2023-10-13,0.162222932,-67.1795,22.0975,-80.1878,3.9065,0.0061,0.0006,0.0003,80830,3,28,1,2023-10-13,0,13,10,4,-71.0088,-66.7909,0.111828231,0.173776701,-68.32640000000002,-68.54118,0.0,1070,0.06179999999999097,0,1,1
26444313191,702883855,14989130,1697258862,1697258862,2023-10-13,0.242627501,-60.7927,16.1059,-80.2679,3.8138,0.0057,0.0003,0.0003,80830,3,28,1,2023-10-13,0,13,10,4,-67.1795,-71.0088,0.162222932,0.111828231,-66.32700000000001,-67.5419,0.0,1071,6.386800000000001,0,1,1
26444313227,702883855,14989130,1697259115,1697259115,2023-10-13,0.170584816,-67.0549,49.771,-80.846,3.9188,0.0045,0.0003,8.94e-06,80830,3,28,1,2023-10-13,0,13,10,4,-60.7927,-67.1795,0.242627501,0.162222932,-65.00903333333336,-66.56536,0.0,1072,-6.2622,1,1,1
26444313222,702883855,14989130,1697259084,1697259084,2023-10-13,0.129169253,-69.739,27.6356,-80.0833,3.918,0.0046,0.0004,0.0003,80830,3,28,1,2023-10-13,0,13,10,4,-67.0549,-60.7927,0.170584816,0.242627501,-65.86220000000002,-67.15498,0.0,1073,-2.684100000000001,1,1,0
26444313217,702883855,14989130,1697259052,1697259052,2023-10-13,0.149186032,-68.2403,12.3516,-80.2059,3.9093,0.007,0.0004,0.0005,80830,3,28,1,2023-10-13,0,13,10,4,-69.739,-67.0549,0.129169253,0.170584816,-68.34473333333335,-66.60128,0.0,1074,1.4986999999999995,0,1,0
26444313235,702883855,14989130,1697259179,1697259179,2023-10-13,0.142698952,-69.1361,28.2728,-80.6439,3.9095,0.0039,0.0002,0.0002,80830,3,28,1,2023-10-13,0,13,10,4,-67.8508,-67.6259,0.158925818,0.160700323,-68.20426666666668,-68.51842,0.0,1075,-0.8957999999999942,0,1,0
26444313200,702883855,14989130,1697258925,1697258925,2023-10-13,0.158925818,-67.8508,11.0004,-80.6716,3.8692,0.0036,0.0004,0.0005,80830,3,28,1,2023-10-13,0,13,10,4,-67.6259,-68.2403,0.160700323,0.149186032,-67.90566666666669,-68.10218,0.0,1076,1.2852999999999923,0,1,1
26444313171,702883855,14989130,1697258735,1697258735,2023-10-13,0.135367222,-69.1829,22.5271,-80.0142,3.7995,0.0363,0.0003,0.0003,80830,3,28,1,2023-10-13,0,13,10,4,-65.0058,-61.5136,0.191060649,0.238231105,-65.23410000000001,-66.3672,0.0,1077,-1.332099999999997,1,1,0
26444313176,702883855,14989130,1697258767,1697258767,2023-10-13,0.179682832,-66.9976,53.1429,-81.6728,3.7992,0.0128,0.0004,0.0003,80830,3,28,1,2023-10-13,0,13,10,4,-69.1361,-67.8508,0.142698952,0.158925818,-67.99483333333335,-67.97014000000001,0.0,1078,2.185299999999998,1,1,1
26444313186,702883855,14989130,1697258830,1697258830,2023-10-13,0.238231105,-61.5136,52.6762,-80.751,3.8178,0.0056,0.0003,8.94e-06,80830,3,28,1,2023-10-13,0,13,10,4,-66.9976,-69.1361,0.179682832,0.142698952,-65.88243333333335,-66.62480000000001,0.0,1079,5.484000000000009,1,1,1
26444313181,702883855,14989130,1697258799,1697258799,2023-10-13,0.191060649,-65.0058,55.1344,-80.3593,3.7967,0.003,0.0003,8.94e-06,80830,3,28,1,2023-10-13,0,13,10,4,-61.5136,-66.9976,0.238231105,0.179682832,-64.50566666666668,-66.10078,0.0,1080,-3.492199999999997,1,1,1
26444313142,702883855,14989130,1697258545,1697258545,2023-10-13,0.173776701,-66.7909,16.6916,-80.8388,3.8652,0.0107,0.0003,0.0002,80830,3,28,1,2023-10-13,0,13,10,4,-71.9376,-65.7891,0.10044829,0.178390077,-68.17253333333335,-68.36712,0.0,1081,-1.7851,0,1,1
26444313166,702883855,14989130,1697258703,1697258703,2023-10-13,0.166657147,-67.1116,13.4587,-80.533,3.7998,0.0076,0.0003,8.94e-06,80830,3,28,1,2023-10-13,0,13,10,4,-69.1829,-65.0058,0.135367222,0.191060649,-67.10010000000001,-65.9623,0.0,1082,-0.3207000000000022,0,1,1
26444313161,702883855,14989130,1697258672,1697258672,2023-10-13,0.136580957,-69.1666,24.6237,-80.1078,3.8085,0.0084,0.0003,8.94e-06,80830,3,28,1,2023-10-13,0,13,10,4,-67.1116,-69.1829,0.166657147,0.135367222,-68.48703333333334,-66.39609999999999,0.0,1083,-2.055000000000007,0,1,0
26444313156,702883855,14989130,1697258640,1697258640,2023-10-13,0.130623132,-70.1395,18.0998,-80.6779,3.8102,0.0023,0.0003,0.0002,80830,3,28,1,2023-10-13,0,13,10,4,-69.1666,-67.1116,0.136580957,0.166657147,-68.80590000000001,-68.12128,0.0,1084,-0.9728999999999957,0,1,0
26444313151,702883855,14989130,1697258608,1697258608,2023-10-13,0.112379904,-70.9528,14.204,-79.936,3.8212,0.0064,0.0002,0.0002,80830,3,28,1,2023-10-13,0,13,10,4,-70.1395,-69.1666,0.130623132,0.136580957,-70.08630000000001,-69.31068,0.0,1085,-0.8132999999999981,0,1,0
26444313273,702883856,14989130,1697259591,1697259591,2023-10-13,0.109811136,-71.323,18.5167,-80.1212,3.796,0.0383,0.0003,0.0001,80830,3,5,1,2023-10-13,0,13,10,4,-65.133,-70.8638,0.190207344,0.111252971,-69.10660000000001,-67.79792,0.0,1086,-0.370199999999997,0,1,0
26444313299,702883857,14989130,1697259908,1697259908,2023-10-13,0.190207344,-65.133,13.9511,-80.4317,3.7388,0.0129,0.0004,-0.0001,80830,3,7,1,2023-10-13,0,13,10,4,-70.8638,-65.1768,0.111252971,0.188584348,-67.05786666666668,-66.92166,0.0,1087,6.189999999999998,0,1,1
26444312963,702883852,14989130,1697257087,1697257087,2023-10-13,0.09167809,-76.4649,13.1929,-84.1826,4.644,0.0086,0.0005,0.0004,80830,3,8,1,2023-10-13,0,13,10,4,-64.8033,-64.505,0.194009858,0.198834985,-68.59106666666668,-68.89224,0.0,1088,-11.331900000000005,0,1,0
26444312702,702883847,14989130,1697254963,1697254963,2023-10-13,0.116288047,-71.4254,16.7697,-80.8243,4.3477,0.0116,0.0002,0.0004,80830,3,2,0,2023-10-13,0,13,10,4,-64.6503,-76.4649,0.194858326,0.09167809,-70.84686666666668,-68.36978,0.0,1089,5.039500000000004,0,1,0
26444312954,702883852,14989130,1697257024,1697257024,2023-10-13,0.097664518,-75.8385,50.0401,-84.0469,4.6605,0.0188,0.0006,0.0005,80830,3,8,1,2023-10-13,0,13,10,4,-68.4298,-76.9257,0.146172927,0.102603796,-73.73133333333335,-74.56584000000001,0.0,1090,-4.4131,1,1,0
26444312924,702883852,14989130,1697256802,1697256802,2023-10-13,0.169951398,-69.8334,5.0062,-84.1317,5.5572,0.0053,0.0003,0.0,80830,3,8,1,2023-10-13,0,13,10,4,-67.5514,-67.2413,0.1557774,0.155385257,-68.20870000000002,-69.14367999999999,0.0,1091,6.005099999999999,0,1,1
26444313266,702883856,14989130,1697259496,1697259496,2023-10-13,0.126330949,-69.5811,11.1205,-79.6424,3.7883,0.0303,0.0004,0.0,80830,3,5,1,2023-10-13,0,13,10,4,-71.6878,-67.4476,0.105503648,0.159047327,-69.57216666666669,-69.22026000000001,0.0,1092,0.2522999999999911,0,1,0
26444312925,702883852,14989130,1697256833,1697256833,2023-10-13,0.115748599,-73.8716,21.7266,-83.5414,5.4858,0.0068,0.0003,0.0005,80830,3,8,1,2023-10-13,0,13,10,4,-69.5811,-71.6878,0.126330949,0.105503648,-71.71350000000002,-70.4843,0.0,1093,-4.290499999999994,0,1,0
26444312935,702883852,14989130,1697256897,1697256897,2023-10-13,0.091706083,-76.2738,13.4914,-83.9748,5.1185,0.0081,0.0005,0.0002,80830,3,8,1,2023-10-13,0,13,10,4,-74.6852,-73.8716,0.099907201,0.115748599,-74.94353333333335,-73.2199,0.0,1094,-2.4021999999999935,0,1,0
26444312940,702883852,14989130,1697256928,1697256928,2023-10-13,0.102043005,-75.3614,6.0977,-83.9254,5.0808,0.0098,0.0004,0.0003,80830,3,8,1,2023-10-13,0,13,10,4,-76.2738,-74.6852,0.091706083,0.099907201,-75.44013333333335,-73.95462,0.0,1095,0.912399999999991,0,1,0
26444312945,702883852,14989130,1697256960,1697256960,2023-10-13,0.102603796,-76.9257,9.9239,-85.721,4.938,0.0252,0.0006,0.0003,80830,3,8,1,2023-10-13,0,13,10,4,-75.3614,-76.2738,0.102043005,0.091706083,-76.18696666666669,-75.42354,0.0,1096,-1.564300000000003,0,1,0
26444312700,702883846,14989130,1697190969,1697190969,2023-10-13,0.194858326,-64.6503,36.7383,-80.2968,4.3018,0.0,0.0002,-0.0001,80830,3,3,0,2023-10-13,0,13,10,4,-76.4649,-64.8033,0.09167809,0.194009858,-68.63950000000001,-66.8309,0.0,1097,12.275400000000005,1,1,1
26444313128,702883855,14989130,1697258450,1697258450,2023-10-13,0.146172927,-68.4298,20.1187,-80.1448,3.9585,0.006,0.0002,0.0002,80830,3,28,1,2023-10-13,0,13,10,4,-76.9257,-75.3614,0.102603796,0.102043005,-73.57230000000003,-74.33518,0.0,1098,-3.7794999999999987,1,1,0
26444313117,702883855,14989130,1697258323,1697258323,2023-10-13,0.148827113,-67.8355,9.4592,-79.6965,4.0522,0.0249,0.0005,0.0,80830,3,28,1,2023-10-13,0,13,10,4,-75.8385,-68.4298,0.097664518,0.146172927,-70.70126666666668,-72.87818,0.0,1099,0.594300000000004,0,1,0
26444312686,702883843,14989130,1697190050,1697190050,2023-10-13,0.088710854,-76.1876,34.0898,-83.6042,4.4798,0.0161,0.0003,0.0,80830,1,2,0,2023-10-13,0,13,10,4,-68.9824,-67.8355,0.151292948,0.148827113,-71.00183333333335,-71.45476,0.0,1100,-8.352100000000007,1,1,0
26444312687,702883843,14989130,1697190114,1697190114,2023-10-13,0.092368739,-74.957,34.1833,-82.5853,4.3247,0.008,0.0003,0.0004,80830,1,2,0,2023-10-13,0,13,10,4,-76.1876,-68.9824,0.088710854,0.151292948,-73.37566666666669,-72.7602,0.0,1101,1.2306000000000097,1,1,0
26444312680,702883841,14989130,1697189797,1697189797,2023-10-13,0.201198747,-63.731,38.7672,-79.7833,4.3282,0.0055,0.0002,0.0,80830,3,3,0,2023-10-13,0,13,10,4,-74.957,-76.1876,0.092368739,0.088710854,-71.62520000000002,-70.33869999999999,0.0,1102,11.225999999999992,1,1,1
26444313133,702883855,14989130,1697258482,1697258482,2023-10-13,0.198834985,-64.505,17.5991,-80.514,3.9102,0.0025,0.0004,0.0003,80830,3,28,1,2023-10-13,0,13,10,4,-63.731,-74.957,0.201198747,0.092368739,-67.73100000000001,-69.67259999999999,0.0,1103,-0.7739999999999938,0,1,1
26444313123,702883855,14989130,1697258418,1697258418,2023-10-13,0.194009858,-64.8033,3.1987,-80.4021,4.1387,0.0108,0.0002,8.94e-06,80830,3,28,1,2023-10-13,0,13,10,4,-64.505,-63.731,0.198834985,0.201198747,-64.34643333333334,-68.83678,0.0,1104,-0.29829999999999757,0,1,1
26444313118,702883855,14989130,1697258386,1697258386,2023-10-13,0.151292948,-68.9824,69.0982,-81.2794,4.235,0.0114,0.0004,0.0003,80830,3,28,1,2023-10-13,0,13,10,4,-67.8355,-75.8385,0.148827113,0.097664518,-70.88546666666667,-71.60238000000001,86400.0,1105,-4.179100000000005,1,1,0
26444312930,702883852,14989130,1697256865,1697256865,2023-10-13,0.099907201,-74.6852,19.9394,-82.975,5.3803,0.0704,0.0003,0.0005,80830,3,8,1,2023-10-13,0,13,10,4,-73.8716,-69.5811,0.115748599,0.126330949,-72.71263333333336,-71.45466,0.0,1106,-5.702799999999996,0,1,0
26444312689,702883844,14989130,1697190462,1697190462,2023-10-13,0.11091817,-70.759,14.8837,-79.5866,4.4962,0.0503,0.0003,0.0,80830,3,7,1,2023-10-13,0,13,10,4,-69.221,-62.9151,0.132076229,0.206985175,-67.63170000000002,-68.61342,0.0,1107,3.9261999999999944,0,1,0
26444312701,702883847,14989130,1697254900,1697254900,2023-10-13,0.105503648,-71.6878,33.9578,-80.1432,4.31,0.0105,0.0002,0.0,80830,3,2,0,2023-10-13,0,13,10,4,-67.4476,-69.8334,0.159047327,0.169951398,-69.65626666666668,-68.75229999999999,0.0,1108,-0.9287999999999954,1,1,0
26444313257,702883855,14989130,1697259401,1697259401,2023-10-13,0.159047327,-67.4476,52.9031,-80.2038,3.7075,0.0229,0.0003,8.94e-06,80830,3,28,1,2023-10-13,0,13,10,4,-69.8334,-67.5514,0.169951398,0.1557774,-68.27746666666668,-68.6053,0.0,1109,4.2402000000000015,1,1,1
26444313302,702883857,14989130,1697259940,1697259940,2023-10-13,0.16306362,-67.3861,6.2158,-80.5152,3.7367,0.0371,0.0004,0.0002,80830,3,7,1,2023-10-13,0,13,10,4,-72.3101,-71.4254,0.094074093,0.116288047,-70.37386666666669,-70.44736,0.0,1110,0.061499999999995225,0,1,1
26444312695,702883845,14989130,1697190652,1697190652,2023-10-13,0.129789443,-71.5032,11.0843,-82.1677,4.4733,0.0271,0.0003,0.0003,80830,1,2,0,2023-10-13,0,13,10,4,-67.3861,-72.3101,0.16306362,0.094074093,-70.39980000000003,-69.45502,0.0,1111,-4.117100000000008,0,1,0
26444312694,702883845,14989130,1697190621,1697190621,2023-10-13,0.094691144,-75.989,38.9672,-83.9371,4.483,0.038,0.0004,0.0,80830,1,2,0,2023-10-13,0,13,10,4,-71.5032,-67.3861,0.129789443,0.16306362,-71.62610000000002,-71.72276000000001,0.0,1112,-4.485799999999998,1,1,0
26444312699,702883846,14989130,1697190938,1697190938,2023-10-13,0.231486151,-61.2587,2.8962,-79.7106,4.3252,0.0036,0.0004,0.0003,80830,3,3,0,2023-10-13,0,13,10,4,-75.989,-71.5032,0.094691144,0.129789443,-69.58363333333335,-69.68942000000001,0.0,1113,14.730300000000007,0,1,1
26444312697,702883844,14989130,1697190716,1697190716,2023-10-13,0.094074093,-72.3101,8.6671,-79.819,4.5953,0.0116,0.0003,0.0002,80830,3,7,1,2023-10-13,0,13,10,4,-71.4254,-64.6503,0.116288047,0.194858326,-69.46193333333335,-69.9308,0.0,1114,-11.051400000000008,0,1,0
26444312682,702883841,14989130,1697189923,1697189923,2023-10-13,0.15640573,-67.5773,35.1791,-80.1064,4.454,0.0306,0.0004,0.0005,80830,3,3,0,2023-10-13,0,13,10,4,-63.3092,-61.2587,0.204845093,0.231486151,-64.04840000000002,-67.92748,0.0,1115,4.732800000000012,1,1,0
26444312683,702883842,14989130,1697190050,1697190050,2023-10-13,0.095155126,-72.2382,16.7664,-79.8349,4.4975,0.0352,0.0002,0.0,80830,3,4,1,2023-10-13,0,13,10,4,-67.5773,-63.3092,0.15640573,0.204845093,-67.70823333333335,-68.07448,0.0,1116,-4.660900000000012,0,1,0
26444312684,702883842,14989130,1697190082,1697190082,2023-10-13,0.148571214,-67.9338,9.1292,-79.788,4.396,0.008,0.0002,0.0002,80830,3,4,1,2023-10-13,0,13,10,4,-72.2382,-67.5773,0.095155126,0.15640573,-69.24976666666669,-66.46344,0.0,1117,4.304400000000001,0,1,0
26444312698,702883846,14989130,1697190906,1697190906,2023-10-13,0.204845093,-63.3092,14.6403,-79.6187,4.267,0.0087,0.0004,0.0,80830,3,3,0,2023-10-13,0,13,10,4,-61.2587,-75.989,0.231486151,0.094691144,-66.85230000000003,-67.88924,0.0,1118,4.624600000000008,0,1,1
26444312688,702883842,14989130,1697190145,1697190145,2023-10-13,0.132076229,-69.221,7.3662,-79.7547,4.3575,0.0097,0.0002,0.0002,80830,3,4,1,2023-10-13,0,13,10,4,-62.9151,-67.9338,0.206985175,0.148571214,-66.68996666666669,-67.97708,0.0,1119,-5.911800000000007,0,1,0
26444312685,702883842,14989130,1697190114,1697190114,2023-10-13,0.124185361,-70.029,6.0484,-79.9587,4.338,0.0048,0.0002,0.0002,80830,3,4,1,2023-10-13,0,13,10,4,-70.7851,-69.1048,0.113176486,0.133262594,-69.9729666666667,-66.55562,0.0,1120,-0.8079999999999927,0,1,0
26444312690,702883844,14989130,1697190494,1697190494,2023-10-13,0.191501828,-64.5796,10.1593,-79.876,4.4257,0.0115,0.0003,0.0003,80830,3,7,1,2023-10-13,0,13,10,4,-70.759,-69.221,0.11091817,0.132076229,-68.18653333333334,-67.0817,0.0,1121,5.449399999999997,0,1,1
26444312691,702883844,14989130,1697190526,1697190526,2023-10-13,0.217254766,-62.1632,5.1279,-79.4169,4.427,0.0092,0.0003,0.0002,80830,3,7,1,2023-10-13,0,13,10,4,-64.5796,-70.759,0.191501828,0.11091817,-65.83393333333335,-65.92758,0.0,1122,2.416399999999996,0,1,1
26444312692,702883844,14989130,1697190557,1697190557,2023-10-13,0.237313054,-60.696,7.427,-79.5818,4.608,0.0032,0.0006,0.0003,80830,3,7,1,2023-10-13,0,13,10,4,-62.1632,-64.5796,0.217254766,0.191501828,-62.479600000000026,-65.48376,0.0,1123,1.4672000000000054,0,1,1
26444312693,702883844,14989130,1697190621,1697190621,2023-10-13,0.133262594,-69.1048,28.5717,-79.7298,4.519,0.0429,0.0003,0.0002,80830,3,7,1,2023-10-13,0,13,10,4,-60.696,-62.1632,0.237313054,0.217254766,-63.98800000000002,-65.46052,0.0,1124,-8.4088,1,1,0
26444312696,702883844,14989130,1697190652,1697190652,2023-10-13,0.113176486,-70.7851,8.6359,-79.8187,4.4867,0.0395,0.0003,0.0002,80830,3,7,1,2023-10-13,0,13,10,4,-69.1048,-60.696,0.133262594,0.237313054,-66.86196666666667,-65.46574,0.0,1125,-1.6803000000000026,0,1,0
26444312681,702883841,14989130,1697189860,1697189860,2023-10-13,0.206985175,-62.9151,3.8271,-79.3366,4.4153,0.0136,0.0006,0.0004,80830,3,3,0,2023-10-13,0,13,10,4,-67.9338,-72.2382,0.148571214,0.095155126,-67.69570000000003,-66.79472,0.0,1126,7.869999999999997,0,1,1
26444315850,702883910,14989130,1697279528,1697279528,2023-10-14,0.138694861,-67.6221,12.4863,-78.5112,3.7582,0.0391,0.0002,0.0,80830,3,4,1,2023-10-14,0,14,10,5,-66.6568,-67.9213,0.157178676,0.136568766,-67.40006666666669,-65.23870000000001,0.0,1127,-4.707000000000001,0,1,0
26444315854,702883910,14989130,1697279623,1697279623,2023-10-14,0.117159356,-68.9367,18.763,-78.0851,3.7675,0.0336,0.0003,0.0003,80830,3,4,1,2023-10-14,0,14,10,5,-70.029,-70.7851,0.124185361,0.113176486,-69.91693333333335,-67.91032,0.0,1128,-1.3145999999999987,1,1,0
26444315825,702883908,14989130,1697279147,1697279147,2023-10-14,0.262006202,-58.1838,7.1861,-78.8405,3.902,0.0034,0.0004,0.0,80830,3,6,1,2023-10-14,0,14,10,5,-68.9367,-70.029,0.117159356,0.124185361,-65.71650000000001,-67.40787999999999,0.0,1129,10.752900000000004,0,0,1
26444315828,702883908,14989130,1697279242,1697279242,2023-10-14,0.134298865,-67.4666,9.0541,-77.9329,3.9175,0.0108,0.0003,0.0002,80830,3,6,1,2023-10-14,0,14,10,5,-58.1838,-68.9367,0.262006202,0.117159356,-64.86236666666669,-67.08024,0.0,1130,-9.282800000000002,0,1,0
26444315830,702883908,14989130,1697279274,1697279274,2023-10-14,0.212706623,-62.222,1.7348,-79.0328,3.8595,0.002,0.0003,0.0002,80830,3,6,1,2023-10-14,0,14,10,5,-67.4666,-58.1838,0.134298865,0.262006202,-62.624133333333354,-65.36762,0.0,1131,5.244599999999998,0,1,1
26444315832,702883908,14989130,1697279306,1697279306,2023-10-14,0.215289328,-61.3333,6.4412,-78.1604,3.7843,0.0101,0.0004,0.0003,80830,3,6,1,2023-10-14,0,14,10,5,-62.222,-67.4666,0.212706623,0.134298865,-63.67396666666669,-63.62848,0.0,1132,0.8887,0,1,1
26444315851,702883910,14989130,1697279591,1697279591,2023-10-14,0.136568766,-67.9213,2.7487,-78.6644,3.7788,0.0348,0.0003,0.0002,80830,3,4,1,2023-10-14,0,14,10,5,-62.66,-61.3333,0.205337655,0.215289328,-63.971533333333355,-64.32064,0.0,1133,-6.588000000000001,0,1,0
26444315826,702883908,14989130,1697279211,1697279211,2023-10-14,0.157178676,-66.6568,12.4867,-79.0877,3.916,0.0065,0.0002,0.0002,80830,3,6,1,2023-10-14,0,14,10,5,-67.9213,-62.66,0.136568766,0.205337655,-65.74603333333334,-64.15868,0.0,1134,1.2644999999999982,1,1,0
26444315836,702883908,14989130,1697279337,1697279337,2023-10-14,0.205337655,-62.66,5.5722,-78.8511,3.733,0.0334,0.0002,8.94e-06,80830,3,6,1,2023-10-14,0,14,10,5,-61.3333,-62.222,0.215289328,0.212706623,-62.07176666666669,-62.37314,0.0,1135,3.9968000000000075,0,1,1
26444315886,702883915,14989130,1697281303,1697281303,2023-10-14,0.106779303,-69.7851,26.9072,-78.1275,3.82,0.0236,0.0004,0.0002,80830,3,5,1,2023-10-14,0,14,10,5,-67.6221,-66.6568,0.138694861,0.157178676,-68.02133333333336,-66.92906,0.0,1136,-7.125100000000003,1,1,0
26444315888,702883915,14989130,1697281366,1697281366,2023-10-14,0.179950485,-64.2918,16.0283,-78.3999,3.7995,0.0111,0.0006,0.0003,80830,3,5,1,2023-10-14,0,14,10,5,-69.7851,-67.6221,0.106779303,0.138694861,-67.23300000000002,-67.25542,0.0,1137,5.493300000000005,1,1,1
26444315887,702883915,14989130,1697281334,1697281334,2023-10-14,0.220623357,-60.7966,4.5807,-78.0067,3.8278,0.0059,0.0004,-0.0001,80830,3,5,1,2023-10-14,0,14,10,5,-67.4548,-64.2918,0.138655709,0.179950485,-64.1810666666667,-65.99008,0.0,1138,3.495199999999997,0,1,1
26444315891,702883915,14989130,1697281398,1697281398,2023-10-14,0.165475532,-65.3088,12.269,-78.2587,3.7955,0.0142,0.0004,0.0003,80830,3,5,1,2023-10-14,0,14,10,5,-60.7966,-67.4548,0.220623357,0.138655709,-64.5200666666667,-65.52742,0.0,1139,-4.512200000000007,0,1,1
26444315885,702883915,14989130,1697281239,1697281239,2023-10-14,0.1826973,-64.2243,17.8738,-78.5808,3.9062,0.0049,0.0006,0.0,80830,3,5,1,2023-10-14,0,14,10,5,-65.3088,-60.7966,0.165475532,0.220623357,-63.44323333333335,-64.41526,0.0,1140,1.0845000000000056,1,1,1
26444315884,702883914,14989130,1697281144,1697281144,2023-10-14,0.11801875,-69.1767,4.5247,-78.4333,3.9142,0.013,0.0002,0.0001,80830,3,3,0,2023-10-14,0,14,10,5,-64.2243,-65.3088,0.1826973,0.165475532,-66.23660000000001,-65.39223999999999,0.0,1141,-4.952399999999997,0,1,0
26444315882,702883914,14989130,1697281112,1697281112,2023-10-14,0.120985123,-69.2916,14.4588,-78.8287,3.9005,0.0134,0.0003,0.0003,80830,3,3,0,2023-10-14,0,14,10,5,-69.1767,-64.2243,0.11801875,0.1826973,-67.56420000000001,-65.7596,0.0,1142,-0.11490000000000578,1,1,0
26444315857,702883910,14989130,1697279654,1697279654,2023-10-14,0.135915926,-67.4625,17.4233,-78.074,3.7958,0.0132,0.0003,0.0002,80830,3,4,1,2023-10-14,0,14,10,5,-69.2916,-69.1767,0.120985123,0.11801875,-68.64360000000002,-67.09277999999999,86400.0,1143,1.8290999999999968,1,1,0
26444315881,702883914,14989130,1697281081,1697281081,2023-10-14,0.138655709,-67.4548,17.3756,-78.3134,3.8918,0.0075,0.0002,0.0,80830,3,3,0,2023-10-14,0,14,10,5,-64.2918,-69.7851,0.179950485,0.106779303,-67.17723333333335,-67.16212,0.0,1144,0.007699999999999818,1,1,0
26444320346,702884105,14989130,1697430115,1697430115,2023-10-15,0.129845063,-69.5621,43.0287,-79.9422,4.05,0.0408,0.0003,8.94e-06,80830,3,5,1,2023-10-15,0,15,10,6,-67.4625,-69.2916,0.135915926,0.120985123,-68.77206666666667,-67.94344,86400.0,1145,-2.107299999999995,1,1,0
26444320338,702884105,14989130,1697429988,1697429988,2023-10-15,0.160035008,-66.5091,27.9236,-79.1808,3.8518,0.0106,0.0003,0.0,80830,3,5,1,2023-10-15,0,15,10,6,-69.5621,-67.4625,0.129845063,0.135915926,-67.8445666666667,-68.4004,0.0,1146,3.0529999999999973,1,1,1
26444320339,702884105,14989130,1697430020,1697430020,2023-10-15,0.153433601,-67.6062,55.9771,-79.8593,3.8723,0.0011,0.0006,8.94e-06,80830,3,5,1,2023-10-15,0,15,10,6,-66.5091,-69.5621,0.160035008,0.129845063,-67.89246666666669,-68.08630000000001,0.0,1147,-1.0970999999999975,1,1,0
26444320342,702884105,14989130,1697430051,1697430051,2023-10-15,0.192330589,-64.172,21.8513,-79.4533,3.9302,0.003,0.0004,0.0003,80830,3,5,1,2023-10-15,0,15,10,6,-67.6062,-66.5091,0.153433601,0.160035008,-66.09576666666668,-67.06238,0.0,1148,3.434200000000004,0,1,1
26444320344,702884105,14989130,1697430083,1697430083,2023-10-15,0.186346038,-64.5383,15.785,-79.3191,3.9293,0.0025,0.0003,0.0003,80830,3,5,1,2023-10-15,0,15,10,6,-64.172,-67.6062,0.192330589,0.153433601,-65.43883333333336,-66.47754,0.0,1149,-0.3663000000000096,0,1,1
26444320349,702884107,14989130,1697511890,1697511890,2023-10-16,0.094174733,-77.3034,22.6209,-85.3403,4.687,0.0087,0.0003,0.0,80830,3,2,0,2023-10-16,0,16,10,0,-64.5383,-64.172,0.186346038,0.192330589,-68.67123333333335,-68.0258,0.0,1150,-12.76509999999999,0,1,0
26444320350,702884107,14989130,1697511922,1697511922,2023-10-16,0.100885844,-73.85,26.7718,-82.1364,4.5248,0.0094,0.0002,8.94e-06,80830,3,2,0,2023-10-16,0,16,10,0,-77.3034,-64.5383,0.094174733,0.186346038,-71.89723333333335,-69.49398,86400.0,1151,3.453400000000002,0,1,0
26444320368,702884111,14989130,1697601526,1697601526,2023-10-17,0.118086811,-70.4631,26.7973,-79.898,3.828,0.014,0.0002,0.0003,80830,3,10,1,2023-10-17,0,17,10,1,-68.7057,-73.85,0.145013365,0.100885844,-71.00626666666669,-70.97209999999998,0.0,1152,3.386899999999997,1,1,0
26444320367,702884111,14989130,1697601494,1697601494,2023-10-17,0.158589668,-67.6955,11.1492,-80.4548,3.8532,0.0121,0.0006,0.0005,80830,3,10,1,2023-10-17,0,17,10,1,-69.8781,-69.4142,0.125384563,0.134288747,-68.99593333333335,-68.01844,0.0,1153,2.7676000000000016,0,1,1
26444320377,702884111,14989130,1697601653,1697601653,2023-10-17,0.135421242,-68.4985,19.2621,-79.2276,3.8372,0.0063,0.0004,0.0003,80830,3,10,1,2023-10-17,0,17,10,1,-70.3387,-69.3843,0.122294555,0.135612477,-69.4071666666667,-69.47806,0.0,1154,-0.8030000000000115,0,1,0
26444320459,702884117,14989130,1697602223,1697602223,2023-10-17,0.149305703,-68.2592,25.4229,-80.2394,4.124,0.0328,0.0006,0.0003,80830,3,19,1,2023-10-17,0,17,10,1,-68.4985,-70.3387,0.135421242,0.122294555,-69.03213333333336,-69.38876,0.0,1155,0.23930000000000007,1,1,0
26444320392,702884111,14989130,1697601748,1697601748,2023-10-17,0.145753053,-68.057,14.4905,-79.669,3.876,0.0076,0.0002,0.0002,80830,3,10,1,2023-10-17,0,17,10,1,-68.2592,-68.4985,0.149305703,0.135421242,-68.27156666666669,-68.90754000000001,0.0,1156,0.20220000000000482,0,1,0
26444320413,702884116,14989130,1697601843,1697601843,2023-10-17,0.143821879,-68.7285,16.7323,-80.2736,3.9013,0.0055,0.0003,0.0,80830,3,2,0,2023-10-17,0,17,10,1,-68.057,-68.2592,0.145753053,0.149305703,-68.34823333333335,-68.77638,0.0,1157,-0.6714999999999947,0,1,0
26444320414,702884116,14989130,1697601906,1697601906,2023-10-17,0.197415838,-64.5195,40.9994,-80.3897,3.863,0.0016,0.0003,0.0002,80830,3,2,0,2023-10-17,0,17,10,1,-68.7285,-68.057,0.143821879,0.145753053,-67.10166666666669,-67.61254,0.0,1158,4.209000000000003,1,1,1
26444320439,702884117,14989130,1697602065,1697602065,2023-10-17,0.139674206,-69.4769,39.2722,-80.7565,4.0293,0.0239,0.0006,0.0,80830,3,19,1,2023-10-17,0,17,10,1,-64.5195,-68.7285,0.197415838,0.143821879,-67.57496666666668,-67.80822,0.0,1159,-4.957400000000007,1,1,0
26444320440,702884117,14989130,1697602097,1697602097,2023-10-17,0.144870798,-67.8433,17.6212,-79.3369,4.0578,0.0114,0.0004,0.0003,80830,3,19,1,2023-10-17,0,17,10,1,-69.4769,-64.5195,0.139674206,0.197415838,-67.27990000000001,-67.72504,0.0,1160,1.6336000000000013,0,1,0
26444320445,702884117,14989130,1697602128,1697602128,2023-10-17,0.161747755,-67.342,7.036,-80.3362,4.0992,0.0159,0.0004,0.0003,80830,3,19,1,2023-10-17,0,17,10,1,-67.8433,-69.4769,0.144870798,0.139674206,-68.22073333333334,-67.58203999999999,0.0,1161,0.5013000000000005,0,1,1
26444320449,702884117,14989130,1697602160,1697602160,2023-10-17,0.165794993,-67.0549,9.3918,-80.3818,4.12,0.0162,0.0002,8.94e-06,80830,3,19,1,2023-10-17,0,17,10,1,-67.342,-67.8433,0.161747755,0.144870798,-67.41340000000002,-67.24732,0.0,1162,0.28709999999999525,0,1,1
26444320454,702884117,14989130,1697602192,1697602192,2023-10-17,0.151340174,-68.0486,12.3373,-80.1836,4.1273,0.0226,0.0003,0.0003,80830,3,19,1,2023-10-17,0,17,10,1,-67.0549,-67.342,0.165794993,0.161747755,-67.48183333333334,-67.95313999999999,0.0,1163,-0.9936999999999898,0,1,0
26444320370,702884111,14989130,1697601621,1697601621,2023-10-17,0.122294555,-70.3387,11.2339,-80.1393,3.836,0.0135,0.0004,0.0003,80830,3,10,1,2023-10-17,0,17,10,1,-69.3843,-70.4631,0.135612477,0.118086811,-70.06203333333336,-70.54836,0.0,1164,-2.2901000000000096,0,1,0
26444320354,702884109,14989130,1697599719,1697599719,2023-10-17,0.107927173,-70.7172,20.7465,-79.2729,3.8375,0.0119,0.0002,0.0,80830,3,7,1,2023-10-17,0,17,10,1,-67.8243,-69.778,0.153240939,0.113540679,-69.43983333333335,-68.88588000000001,0.0,1165,-0.3785000000000025,1,1,0
26444320364,702884111,14989130,1697601368,1697601368,2023-10-17,0.134288747,-69.4142,11.235,-80.1817,3.8657,0.0049,0.0003,0.0,80830,3,10,1,2023-10-17,0,17,10,1,-68.6408,-64.4636,0.144824905,0.178597322,-67.50620000000002,-68.21202,0.0,1166,1.3030000000000115,0,1,0
26444320365,702884111,14989130,1697601399,1697601399,2023-10-17,0.144824905,-68.6408,22.0899,-80.2652,3.868,0.0036,0.0003,0.0002,80830,3,10,1,2023-10-17,0,17,10,1,-64.4636,-70.7172,0.178597322,0.107927173,-67.94053333333335,-68.28478,0.0,1167,0.7733999999999952,1,1,0
26444320366,702884111,14989130,1697601431,1697601431,2023-10-17,0.178597322,-64.4636,7.4422,-78.4799,3.864,0.0023,0.0003,8.94e-06,80830,3,10,1,2023-10-17,0,17,10,1,-70.7172,-67.8243,0.107927173,0.153240939,-67.66836666666669,-68.4796,0.0,1168,4.177199999999999,0,1,1
26444320363,702884110,14989130,1697600543,1697600543,2023-10-17,0.103124875,-71.971,18.2023,-80.2464,3.8552,0.0066,0.0004,0.0003,80830,3,3,0,2023-10-17,0,17,10,1,-68.0486,-67.0549,0.151340174,0.165794993,-69.02483333333335,-68.45196,0.0,1169,-7.507400000000004,1,1,0
26444320355,702884109,14989130,1697599783,1697599783,2023-10-17,0.153240939,-67.8243,9.6285,-80.0987,3.8135,0.0063,0.0003,0.0004,80830,3,7,1,2023-10-17,0,17,10,1,-69.778,-69.6149,0.113540679,0.13229863,-69.07240000000002,-68.85222000000002,0.0,1170,4.14670000000001,0,1,0
26444320356,702884109,14989130,1697599814,1697599814,2023-10-17,0.113540679,-69.778,12.3973,-78.7154,3.8432,0.0036,0.0004,0.0002,80830,3,7,1,2023-10-17,0,17,10,1,-69.6149,-66.495,0.13229863,0.16822714,-68.62930000000001,-69.00634,0.0,1171,-1.953700000000012,0,1,0
26444320383,702884111,14989130,1697601684,1697601684,2023-10-17,0.145013365,-68.7057,14.4815,-80.3588,3.8632,0.0067,0.0003,0.0002,80830,3,10,1,2023-10-17,0,17,10,1,-73.85,-77.3034,0.100885844,0.094174733,-73.28636666666667,-69.71387999999999,0.0,1172,1.0723000000000127,1,1,0
26444320609,702884119,14989130,1697603206,1697603206,2023-10-17,0.16822714,-66.495,10.3902,-79.9437,3.877,0.0061,0.0003,0.0,80830,3,8,1,2023-10-17,0,17,10,1,-70.5489,-68.5949,0.123767449,0.121416239,-68.54626666666668,-68.56928,0.0,1173,2.2106999999999886,0,1,1
26444320358,702884109,14989130,1697599910,1697599910,2023-10-17,0.123767449,-70.5489,45.7929,-80.5139,3.883,0.0028,0.0006,0.0003,80830,3,7,1,2023-10-17,0,17,10,1,-68.5949,-69.3614,0.121416239,0.144683233,-69.50173333333335,-69.28094,0.0,1174,-4.053899999999999,1,1,0
26444320359,702884109,14989130,1697599941,1697599941,2023-10-17,0.121416239,-68.5949,29.3488,-78.0744,3.9003,0.0063,0.0004,0.0003,80830,3,7,1,2023-10-17,0,17,10,1,-69.3614,-67.8462,0.144683233,0.15088977,-68.60083333333336,-69.56536,0.0,1175,1.9540000000000077,1,1,0
26444320360,702884109,14989130,1697599973,1697599973,2023-10-17,0.144683233,-69.3614,41.829,-81.0944,3.9297,0.0072,0.0002,8.94e-06,80830,3,7,1,2023-10-17,0,17,10,1,-67.8462,-70.0533,0.15088977,0.13199713,-69.08696666666668,-69.45609999999999,0.0,1176,-0.7665000000000077,1,1,0
26444320361,702884110,14989130,1697600480,1697600480,2023-10-17,0.15088977,-67.8462,18.0044,-79.9027,3.8958,0.0045,0.0006,0.0,80830,3,3,0,2023-10-17,0,17,10,1,-70.0533,-71.971,0.13199713,0.103124875,-69.95683333333335,-68.9948,0.0,1177,1.5152000000000072,0,1,0
26444320357,702884109,14989130,1697599878,1697599878,2023-10-17,0.13229863,-69.6149,41.0236,-80.2291,3.8782,0.0073,0.0003,0.0003,80830,3,7,1,2023-10-17,0,17,10,1,-66.495,-70.5489,0.16822714,0.123767449,-68.88626666666669,-68.92302000000001,0.0,1178,-1.7687000000000097,1,1,0
26444320362,702884110,14989130,1697600512,1697600512,2023-10-17,0.13199713,-70.0533,48.9074,-80.7063,3.8545,0.0094,0.0004,0.0003,80830,3,3,0,2023-10-17,0,17,10,1,-71.971,-68.0486,0.103124875,0.151340174,-70.02430000000001,-68.89395999999999,0.0,1179,-0.43839999999998724,1,1,0
26444320469,702884117,14989130,1697602287,1697602287,2023-10-17,0.125384563,-69.8781,65.7827,-79.8958,4.138,0.0329,0.0002,8.94e-06,80830,3,19,1,2023-10-17,0,17,10,1,-69.4142,-68.6408,0.134288747,0.144824905,-69.31103333333336,-68.62278,0.0,1180,0.1751999999999896,1,1,0
26444320369,702884111,14989130,1697601589,1697601589,2023-10-17,0.135612477,-69.3843,7.191,-80.2699,3.8405,0.0087,0.0004,0.0002,80830,3,10,1,2023-10-17,0,17,10,1,-70.4631,-68.7057,0.118086811,0.145013365,-69.5177,-71.94129999999998,0.0,1181,0.49380000000000734,0,1,0
26444320479,702884117,14989130,1697602350,1697602350,2023-10-17,0.158443552,-67.5344,12.1962,-80.2494,4.093,0.0337,0.0002,0.0002,80830,3,19,1,2023-10-17,0,17,10,1,-67.6955,-69.8781,0.158589668,0.125384563,-68.36933333333336,-68.6326,0.0,1182,1.849899999999991,0,1,1
26444320351,702884108,14989130,1697599371,1697599371,2023-10-17,0.230130253,-61.7715,15.3477,-80.2363,3.8598,0.0036,0.0004,0.0,80830,3,3,0,2023-10-17,0,17,10,1,-67.7541,-67.5344,0.156381788,0.158443552,-65.68666666666668,-66.92672,86400.0,1183,5.762900000000002,0,1,1
26444320646,702884119,14989130,1697603428,1697603428,2023-10-17,0.107494161,-71.2715,16.0332,-79.8555,3.846,0.0048,0.0003,8.94e-06,80830,3,8,1,2023-10-17,0,17,10,1,-67.0782,-61.7715,0.164469833,0.230130253,-66.70706666666668,-67.08194,0.0,1184,-9.5,0,1,0
26444320635,702884119,14989130,1697603396,1697603396,2023-10-17,0.122701689,-70.3595,8.9222,-80.2002,3.8505,0.0122,0.0004,0.0003,80830,3,8,1,2023-10-17,0,17,10,1,-71.2715,-67.0782,0.107494161,0.164469833,-69.56973333333335,-67.64695999999999,0.0,1185,0.9120000000000061,0,1,0
26444320352,702884108,14989130,1697599434,1697599434,2023-10-17,0.164469833,-67.0782,17.5692,-80.2822,3.864,0.0042,0.0001,0.0003,80830,3,3,0,2023-10-17,0,17,10,1,-61.7715,-67.7541,0.230130253,0.156381788,-65.53460000000003,-66.36674,0.0,1186,3.2813000000000017,1,1,1
26444320625,702884119,14989130,1697603333,1697603333,2023-10-17,0.18219875,-65.5022,13.9663,-80.0955,3.8678,0.0063,0.0003,8.94e-06,80830,3,8,1,2023-10-17,0,17,10,1,-70.0022,-70.3595,0.127005486,0.122701689,-68.62130000000002,-68.84272,0.0,1187,1.5759999999999934,0,1,1
26444320620,702884119,14989130,1697603301,1697603301,2023-10-17,0.163940596,-66.8636,13.0678,-79.9747,3.8828,0.0032,0.0003,8.94e-06,80830,3,8,1,2023-10-17,0,17,10,1,-65.5022,-70.0022,0.18219875,0.127005486,-67.45600000000002,-68.7998,0.0,1188,-1.3614000000000033,0,1,1
26444320615,702884119,14989130,1697603269,1697603269,2023-10-17,0.177374585,-66.1186,8.3615,-80.3751,3.8805,0.006,0.0004,0.0003,80830,3,8,1,2023-10-17,0,17,10,1,-66.8636,-65.5022,0.163940596,0.18219875,-66.16146666666668,-67.76921999999999,0.0,1189,0.7450000000000045,0,1,1
26444320610,702884119,14989130,1697603238,1697603238,2023-10-17,0.160740382,-67.1333,3.2807,-79.9911,3.8808,0.0028,0.0004,0.0003,80830,3,8,1,2023-10-17,0,17,10,1,-66.1186,-66.8636,0.177374585,0.163940596,-66.70516666666668,-67.12397999999999,0.0,1190,-1.0147000000000048,0,1,1
26444320464,702884117,14989130,1697602255,1697602255,2023-10-17,0.127993711,-69.1024,42.1072,-79.2453,4.1422,0.0312,0.0004,0.0003,80830,3,19,1,2023-10-17,0,17,10,1,-67.1333,-66.1186,0.160740382,0.177374585,-67.45143333333336,-66.94402,0.0,1191,-1.9690999999999974,1,1,0
26444320576,702884118,14989130,1697602984,1697602984,2023-10-17,0.225817127,-61.7592,12.0778,-79.7734,3.8977,0.0023,0.0004,0.0003,80830,3,8,1,2023-10-17,0,17,10,1,-69.1024,-67.1333,0.127993711,0.160740382,-65.99830000000001,-66.19542,0.0,1192,7.343200000000003,0,1,1
26444320571,702884118,14989130,1697602952,1697602952,2023-10-17,0.199868784,-64.2711,6.1322,-80.3257,3.897,0.0053,0.0003,0.0002,80830,3,8,1,2023-10-17,0,17,10,1,-61.7592,-69.1024,0.225817127,0.127993711,-65.04423333333337,-65.67692,0.0,1193,-2.5119000000000042,0,1,1
26444320566,702884118,14989130,1697602921,1697602921,2023-10-17,0.209142266,-63.6128,6.7065,-80.4352,3.8777,0.0059,0.0002,8.94e-06,80830,3,8,1,2023-10-17,0,17,10,1,-64.2711,-61.7592,0.199868784,0.225817127,-63.214366666666685,-65.17576,0.0,1194,0.6583000000000041,0,1,1
26444320353,702884108,14989130,1697599497,1697599497,2023-10-17,0.169483004,-65.5792,7.2261,-78.9619,3.8422,0.0074,0.0003,0.0004,80830,3,3,0,2023-10-17,0,17,10,1,-63.6128,-64.2711,0.209142266,0.199868784,-64.48770000000003,-64.86494,0.0,1195,-1.9664000000000001,0,1,1
26444320499,702884117,14989130,1697602477,1697602477,2023-10-17,0.156038907,-67.4173,10.2027,-79.882,3.9625,0.0083,0.0002,0.0002,80830,3,19,1,2023-10-17,0,17,10,1,-67.9222,-67.2975,0.159176832,0.159590144,-67.54566666666669,-67.33558000000001,0.0,1196,-1.8380999999999972,0,1,0
26444320630,702884119,14989130,1697603364,1697603364,2023-10-17,0.127005486,-70.0022,27.3667,-80.1863,3.848,0.0082,0.0006,0.0003,80830,3,8,1,2023-10-17,0,17,10,1,-70.3595,-71.2715,0.122701689,0.107494161,-70.54440000000001,-68.09657999999999,0.0,1197,-2.5849000000000046,1,1,0
26444320489,702884117,14989130,1697602413,1697602413,2023-10-17,0.158426014,-67.8227,12.3671,-80.5903,4.0235,0.0201,0.0003,8.94e-06,80830,3,19,1,2023-10-17,0,17,10,1,-69.2947,-64.6356,0.14808686,0.191884286,-67.25100000000002,-66.189,0.0,1198,2.1795000000000044,0,1,1
26444320556,702884118,14989130,1697602857,1697602857,2023-10-17,0.191884286,-64.6356,9.889,-79.9831,3.872,0.0036,0.0004,0.0003,80830,3,8,1,2023-10-17,0,17,10,1,-65.5792,-63.6128,0.169483004,0.209142266,-64.60920000000003,-63.97158,0.0,1199,3.187100000000001,0,1,1
26444320514,702884117,14989130,1697602572,1697602572,2023-10-17,0.158861445,-67.5981,3.4561,-80.365,3.9882,0.0041,0.0004,0.0002,80830,3,19,1,2023-10-17,0,17,10,1,-64.9705,-70.1951,0.190118197,0.125605237,-67.5879,-67.89228,0.0,1200,-2.9625000000000057,0,1,1
26444320551,702884118,14989130,1697602826,1697602826,2023-10-17,0.190118197,-64.9705,11.2285,-80.2222,3.8688,0.0081,0.0003,0.0003,80830,3,8,1,2023-10-17,0,17,10,1,-70.1951,-70.4618,0.125605237,0.124729668,-68.54246666666668,-67.68683999999999,0.0,1201,2.627600000000001,0,1,1
26444320484,702884117,14989130,1697602382,1697602382,2023-10-17,0.14808686,-69.2947,63.8039,-81.3401,4.076,0.0176,0.0003,0.0002,80830,3,19,1,2023-10-17,0,17,10,1,-64.6356,-65.5792,0.191884286,0.169483004,-66.50316666666669,-65.47868,0.0,1202,-4.324200000000005,1,1,0
26444320545,702884118,14989130,1697602762,1697602762,2023-10-17,0.124729668,-70.4618,22.0009,-80.5029,3.87,0.008,0.0003,0.0,80830,3,8,1,2023-10-17,0,17,10,1,-66.2359,-66.5709,0.176398835,0.167132909,-67.75620000000002,-67.72162,0.0,1203,-1.1670999999999907,0,1,0
26444320528,702884117,14989130,1697602667,1697602667,2023-10-17,0.176398835,-66.2359,14.9927,-80.4223,3.933,0.002,0.0005,0.0002,80830,3,19,1,2023-10-17,0,17,10,1,-66.5709,-67.4173,0.167132909,0.156038907,-66.74136666666668,-67.08876000000001,0.0,1204,4.225899999999996,0,1,1
26444320546,702884118,14989130,1697602794,1697602794,2023-10-17,0.125605237,-70.1951,10.7171,-80.2785,3.8678,0.0096,0.0003,8.94e-06,80830,3,8,1,2023-10-17,0,17,10,1,-70.4618,-66.2359,0.124729668,0.176398835,-68.96426666666669,-68.1762,0.0,1205,-3.9591999999999956,0,1,0
26444320474,702884117,14989130,1697602318,1697602318,2023-10-17,0.156381788,-67.7541,18.9981,-80.3137,4.1193,0.0378,0.0002,0.0002,80830,3,19,1,2023-10-17,0,17,10,1,-67.5344,-67.6955,0.158443552,0.158589668,-67.66133333333335,-68.45526,0.0,1206,2.4410000000000025,0,1,0
26444320509,702884117,14989130,1697602540,1697602540,2023-10-17,0.159176832,-67.9222,54.549,-80.7806,3.937,0.009,0.0003,0.0002,80830,3,19,1,2023-10-17,0,17,10,1,-67.2975,-65.6951,0.159590144,0.18247682,-66.97160000000001,-67.41666000000001,0.0,1207,-0.16810000000000969,1,1,1
26444320504,702884117,14989130,1697602509,1697602509,2023-10-17,0.159590144,-67.2975,14.2503,-80.077,3.9478,0.0044,0.0005,0.0002,80830,3,19,1,2023-10-17,0,17,10,1,-65.6951,-68.3458,0.18247682,0.155279856,-67.11280000000002,-67.69116,0.0,1208,0.6247000000000043,0,1,1
26444320561,702884118,14989130,1697602889,1697602889,2023-10-17,0.18247682,-65.6951,11.8866,-80.3587,3.8763,0.0025,0.0003,8.94e-06,80830,3,8,1,2023-10-17,0,17,10,1,-68.3458,-67.8227,0.155279856,0.158426014,-67.28786666666669,-67.15878000000001,0.0,1209,1.602400000000003,0,1,1
26444320494,702884117,14989130,1697602445,1697602445,2023-10-17,0.155279856,-68.3458,49.178,-80.9094,3.9775,0.0055,0.0002,8.94e-06,80830,3,19,1,2023-10-17,0,17,10,1,-67.8227,-69.2947,0.158426014,0.14808686,-68.48773333333334,-67.1356,0.0,1210,-2.6507000000000005,1,1,0
26444320519,702884117,14989130,1697602604,1697602604,2023-10-17,0.167132909,-66.5709,12.1562,-79.9298,4.01,0.017,0.0003,8.94e-06,80830,3,19,1,2023-10-17,0,17,10,1,-67.4173,-67.9222,0.156038907,0.159176832,-67.30346666666668,-66.98060000000001,0.0,1211,1.7749000000000024,0,1,1
26444323231,702884196,14989130,1697676962,1697676962,2023-10-18,0.156456838,-68.1965,19.3648,-80.8453,3.9402,0.0052,0.0006,0.0003,80830,3,3,0,2023-10-18,0,18,10,2,-72.2246,-68.3032,0.108020022,0.162139817,-69.57476666666669,-69.52448,0.0,1212,-1.6256000000000057,0,1,0
26444323234,702884197,14989130,1697677343,1697677343,2023-10-18,0.111728886,-72.4839,45.999,-81.6011,3.9035,0.0084,0.0003,0.0004,80830,3,4,1,2023-10-18,0,18,10,2,-67.5981,-64.9705,0.158861445,0.190118197,-68.35083333333336,-69.14188,0.0,1213,-4.287400000000005,1,1,0
26444322967,702884175,14989130,1697619814,1697619814,2023-10-18,0.117283197,-70.139,10.2772,-79.4581,3.826,0.0205,0.0003,0.0,80830,3,2,0,2023-10-18,0,18,10,2,-72.4839,-67.5981,0.111728886,0.158861445,-70.07366666666668,-69.07732,0.0,1214,2.3449000000000098,0,1,0
26444323247,702884202,14989130,1697678832,1697678832,2023-10-18,0.108105903,-72.1545,24.8027,-80.9003,4.005,0.0131,0.0006,0.0,80830,3,2,0,2023-10-18,0,18,10,2,-70.139,-72.4839,0.117283197,0.111728886,-71.59246666666668,-69.4692,0.0,1215,-2.015500000000003,1,1,0
26444323239,702884199,14989130,1697677628,1697677628,2023-10-18,0.174720151,-66.7436,14.0742,-80.8739,3.9135,0.0053,0.0002,0.0002,80830,3,2,0,2023-10-18,0,18,10,2,-72.1545,-70.139,0.108105903,0.117283197,-69.67903333333335,-69.82382,0.0,1216,5.410899999999998,0,1,1
26444323235,702884197,14989130,1697677406,1697677406,2023-10-18,0.108020022,-72.2246,8.8567,-80.9711,3.9358,0.0131,0.0003,0.0002,80830,3,4,1,2023-10-18,0,18,10,2,-68.3032,-66.7436,0.162139817,0.174720151,-69.0904666666667,-69.91298,0.0,1217,-5.4809999999999945,0,1,0
26444323230,702884196,14989130,1697676930,1697676930,2023-10-18,0.116665347,-71.4222,14.6908,-80.8552,3.9377,0.0088,0.0002,0.0002,80830,3,3,0,2023-10-18,0,18,10,2,-65.6309,-68.1965,0.189071207,0.156456838,-68.41653333333336,-69.15548,0.0,1218,0.8023999999999916,0,1,0
26444323232,702884197,14989130,1697677216,1697677216,2023-10-18,0.189071207,-65.6309,10.108,-80.933,3.9165,0.0041,0.0002,0.0,80830,3,4,1,2023-10-18,0,18,10,2,-68.1965,-72.2246,0.156456838,0.108020022,-68.68400000000001,-68.21976,0.0,1219,5.791300000000007,0,1,1
26444323229,702884196,14989130,1697676899,1697676899,2023-10-18,0.12722087,-70.4434,23.468,-80.7116,3.9213,0.0048,0.0003,0.0,80830,3,3,0,2023-10-18,0,18,10,2,-71.4222,-65.6309,0.116665347,0.189071207,-69.16550000000002,-69.58352,0.0,1220,-4.8125,1,1,0
26444322968,702884175,14989130,1697619846,1697619846,2023-10-18,0.167800091,-65.6039,24.5777,-78.8319,3.8218,0.0171,0.0003,0.0003,80830,3,2,0,2023-10-18,0,18,10,2,-70.4434,-71.4222,0.12722087,0.116665347,-69.15650000000001,-68.25938,0.0,1221,4.839500000000001,1,1,1
26444323248,702884202,14989130,1697678864,1697678864,2023-10-18,0.10636757,-71.814,11.6595,-80.3619,4.1028,0.0323,0.0006,0.0003,80830,3,2,0,2023-10-18,0,18,10,2,-65.6039,-70.4434,0.167800091,0.12722087,-69.28710000000001,-68.98288,0.0,1222,-6.210099999999997,0,1,0
26444323233,702884197,14989130,1697677279,1697677279,2023-10-18,0.147409322,-68.79,3.9562,-80.6835,3.9188,0.0074,0.0002,0.0002,80830,3,4,1,2023-10-18,0,18,10,2,-71.814,-65.6039,0.10636757,0.167800091,-68.73596666666668,-69.6147,86400.0,1223,3.0239999999999867,0,1,0
26444323238,702884199,14989130,1697677596,1697677596,2023-10-18,0.162139817,-68.3032,52.9705,-81.521,3.9325,0.0045,0.0002,0.0,80830,3,2,0,2023-10-18,0,18,10,2,-66.7436,-72.1545,0.174720151,0.108105903,-69.06710000000002,-69.96484000000001,0.0,1224,0.48680000000000234,1,1,1
26444323292,702884209,14989130,1697797723,1697797723,2023-10-20,0.176220935,-64.2663,7.2931,-78.014,3.9008,0.0025,0.0006,0.0003,80830,3,6,1,2023-10-20,0,20,10,4,-64.9939,-66.1657,0.171671304,0.155213579,-65.14196666666669,-66.59828,0.0,1225,4.036900000000003,0,1,1
26444323299,702884212,14989130,1697853159,1697853159,2023-10-20,0.11184506,-69.6079,23.2348,-78.3736,3.8845,0.005,0.0003,0.0,80830,3,2,0,2023-10-20,0,20,10,4,-64.1204,-64.2663,0.179349217,0.176220935,-65.99820000000003,-65.83084,0.0,1226,-5.3416,1,1,0
26444323294,702884210,14989130,1697797977,1697797977,2023-10-20,0.169168744,-64.8119,12.5361,-78.0085,3.9142,0.003,0.0003,0.0,80830,3,2,0,2023-10-20,0,20,10,4,-70.0537,-68.79,0.099984455,0.147409322,-67.88520000000003,-68.2147,0.0,1227,4.7960000000000065,0,1,1
26444323286,702884208,14989130,1697797375,1697797375,2023-10-20,0.109280233,-69.8612,18.1329,-78.4323,4.1822,0.0368,0.0003,0.0,80830,3,2,0,2023-10-20,0,20,10,4,-64.8119,-70.0537,0.169168744,0.099984455,-68.24226666666668,-69.06616,0.0,1228,-5.049300000000002,0,1,0
26444323287,702884208,14989130,1697797406,1697797406,2023-10-20,0.103126803,-70.4206,8.7044,-78.5179,4.2165,0.0192,0.0006,8.94e-06,80830,3,2,0,2023-10-20,0,20,10,4,-69.8612,-64.8119,0.109280233,0.169168744,-68.36456666666668,-68.78748,0.0,1229,-0.5593999999999966,0,1,0
26444323288,702884209,14989130,1697797597,1697797597,2023-10-20,0.117901895,-69.2694,22.5055,-78.528,3.9573,0.0094,0.0006,0.0,80830,3,6,1,2023-10-20,0,20,10,4,-70.4206,-69.8612,0.103126803,0.109280233,-69.85040000000002,-68.88336,0.0,1230,1.1511999999999887,1,1,0
26444323289,702884209,14989130,1697797628,1697797628,2023-10-20,0.128235796,-68.2961,43.9487,-78.3424,3.914,0.005,0.0002,8.94e-06,80830,3,6,1,2023-10-20,0,20,10,4,-69.2694,-70.4206,0.117901895,0.103126803,-69.32870000000001,-68.53184,0.0,1231,0.9733000000000089,1,1,0
26444323290,702884209,14989130,1697797660,1697797660,2023-10-20,0.155213579,-66.1657,40.3034,-78.3224,3.9062,0.0041,0.0002,0.0002,80830,3,6,1,2023-10-20,0,20,10,4,-68.2961,-69.2694,0.128235796,0.117901895,-67.91040000000002,-68.80260000000001,0.0,1232,2.1303999999999945,1,1,0
26444323291,702884209,14989130,1697797692,1697797692,2023-10-20,0.171671304,-64.9939,57.0237,-78.4639,3.9032,0.0034,0.0003,0.0002,80830,3,6,1,2023-10-20,0,20,10,4,-66.1657,-68.2961,0.155213579,0.128235796,-66.48523333333334,-67.82914,0.0,1233,1.1718000000000046,1,1,1
26444323297,702884211,14989130,1697852589,1697852589,2023-10-20,0.179349217,-64.1204,8.5249,-78.1336,3.884,0.0039,0.0006,0.0002,80830,3,3,0,2023-10-20,0,20,10,4,-64.2663,-64.9939,0.176220935,0.171671304,-64.46020000000001,-65.56848,0.0,1234,0.8734999999999928,0,1,1
26444323298,702884211,14989130,1697852621,1697852621,2023-10-20,0.212728653,-61.6054,7.656,-78.2518,3.879,0.0025,0.0004,0.0003,80830,3,3,0,2023-10-20,0,20,10,4,-62.1884,-69.6079,0.204142303,0.11184506,-64.46723333333335,-64.35768,172800.0,1235,2.5150000000000006,0,1,1
26444323296,702884211,14989130,1697852557,1697852557,2023-10-20,0.204142303,-62.1884,23.1791,-78.1401,3.8737,0.0025,0.0002,0.0,80830,3,3,0,2023-10-20,0,20,10,4,-69.6079,-64.1204,0.11184506,0.179349217,-65.30556666666668,-65.03538,0.0,1236,-0.5829999999999984,0,1,1
26444323300,702884212,14989130,1697853191,1697853191,2023-10-20,0.12144414,-68.6862,21.0017,-78.1808,3.8948,0.007,0.0003,0.0002,80830,3,2,0,2023-10-20,0,20,10,4,-61.6054,-62.1884,0.212728653,0.204142303,-64.16000000000003,-65.24166,0.0,1237,-6.497799999999998,0,1,0
26444323301,702884213,14989130,1697853445,1697853445,2023-10-20,0.194304174,-63.1506,6.5154,-78.3802,3.8603,0.003,0.0003,0.0,80830,3,4,1,2023-10-20,0,20,10,4,-68.6862,-61.6054,0.12144414,0.212728653,-64.48073333333336,-65.04769999999999,0.0,1238,5.535600000000002,0,1,1
26444323303,702884213,14989130,1697853508,1697853508,2023-10-20,0.18492413,-64.1794,21.0244,-78.7404,3.8688,0.0079,0.0003,0.0002,80830,3,4,1,2023-10-20,0,20,10,4,-63.1506,-68.6862,0.194304174,0.12144414,-65.33873333333335,-63.962,0.0,1239,-1.028800000000004,1,1,1
26444323304,702884213,14989130,1697853572,1697853572,2023-10-20,0.13002536,-68.3011,27.3799,-78.5093,3.8772,0.0077,0.0004,0.0005,80830,3,4,1,2023-10-20,0,20,10,4,-64.1794,-63.1506,0.18492413,0.194304174,-65.21036666666669,-65.18454,0.0,1240,-4.121700000000004,1,1,0
26444323305,702884214,14989130,1697854491,1697854491,2023-10-20,0.112619017,-69.2844,18.7149,-78.0774,3.9653,0.0066,0.0005,0.0,80830,3,2,0,2023-10-20,0,20,10,4,-68.3011,-64.1794,0.13002536,0.18492413,-67.25496666666669,-66.72034000000001,0.0,1241,-0.9832999999999998,0,1,0
26444323306,702884214,14989130,1697854554,1697854554,2023-10-20,0.103609545,-70.342,29.3346,-78.4725,3.9068,0.0157,0.0003,0.0002,80830,3,2,0,2023-10-20,0,20,10,4,-69.2844,-68.3011,0.112619017,0.13002536,-69.30916666666668,-67.0515,0.0,1242,-1.0575999999999937,1,1,0
26444323302,702884213,14989130,1697853476,1697853476,2023-10-20,0.167472836,-65.0426,10.1139,-78.1267,3.8542,0.0064,0.0002,8.94e-06,80830,3,4,1,2023-10-20,0,20,10,4,-70.342,-69.2844,0.103609545,0.112619017,-68.22300000000001,-67.4299,0.0,1243,5.299400000000006,0,1,1
26444323295,702884210,14989130,1697798040,1697798040,2023-10-20,0.106402344,-69.904,14.839,-78.2276,3.8948,0.01,0.0004,0.0005,80830,3,2,0,2023-10-20,0,20,10,4,-65.0426,-70.342,0.167472836,0.103609545,-68.42953333333334,-68.57482,0.0,1244,-4.861400000000003,0,1,0
26444323293,702884209,14989130,1697797755,1697797755,2023-10-20,0.099984455,-70.0537,6.2202,-77.8361,3.9198,0.0055,0.0004,0.0003,80830,3,6,1,2023-10-20,0,20,10,4,-68.79,-71.814,0.147409322,0.10636757,-70.21923333333335,-69.341,0.0,1245,-0.14970000000000994,0,1,0
26444323512,702884240,14989130,1697882446,1697882446,2023-10-21,0.128591441,-68.4867,9.7323,-78.5931,3.9078,0.0133,0.0002,8.94e-06,80830,3,3,0,2023-10-21,0,21,10,5,-72.3078,-69.904,0.104304449,0.106402344,-70.23283333333335,-69.21661999999999,0.0,1246,1.5670000000000073,0,1,0
26444323513,702884241,14989130,1697882858,1697882858,2023-10-21,0.1573317,-67.8139,8.4457,-80.4752,3.9032,0.0036,0.0003,0.0,80830,3,7,1,2023-10-21,0,21,10,5,-68.4867,-72.3078,0.128591441,0.104304449,-69.53613333333335,-68.711,0.0,1247,0.6727999999999952,0,1,0
26444323514,702884241,14989130,1697882890,1697882890,2023-10-21,0.115204865,-71.2038,21.1793,-80.4749,3.9115,0.0074,0.0006,0.0003,80830,3,7,1,2023-10-21,0,21,10,5,-67.8139,-68.4867,0.1573317,0.128591441,-69.16813333333336,-69.94324,0.0,1248,-3.3898999999999972,1,1,0
26444323515,702884241,14989130,1697882922,1697882922,2023-10-21,0.118097448,-70.3185,28.4019,-79.735,3.9235,0.003,0.0004,0.0003,80830,3,7,1,2023-10-21,0,21,10,5,-71.2038,-67.8139,0.115204865,0.1573317,-69.77873333333335,-70.02614,0.0,1249,0.8853000000000009,1,1,0
26444323516,702884241,14989130,1697882954,1697882954,2023-10-21,0.182093912,-65.1782,11.4442,-79.6891,3.9158,0.0036,0.0003,0.0001,80830,3,7,1,2023-10-21,0,21,10,5,-70.3185,-71.2038,0.118097448,0.115204865,-68.90016666666669,-68.60022000000001,0.0,1250,5.140299999999996,0,1,1
26444323547,702884250,14989130,1697885489,1697885489,2023-10-21,0.198579648,-64.4927,7.6526,-80.473,3.9265,0.0046,0.0006,0.0003,80830,3,4,1,2023-10-21,0,21,10,5,-66.5362,-68.7589,0.173635813,0.148041865,-66.59593333333335,-67.5175,0.0,1251,0.6855000000000047,0,1,1
26444323524,702884242,14989130,1697883207,1697883207,2023-10-21,0.199349283,-64.3752,11.3638,-80.4036,3.8715,0.0062,0.0003,8.94e-06,80830,3,4,1,2023-10-21,0,21,10,5,-70.0121,-69.9002,0.1220679,0.127926242,-68.09583333333336,-67.86672000000002,0.0,1252,0.11749999999999261,0,1,1
26444323519,702884241,14989130,1697883049,1697883049,2023-10-21,0.135506401,-69.6851,8.7203,-80.608,3.902,0.0056,0.0003,0.0002,80830,3,7,1,2023-10-21,0,21,10,5,-65.361,-66.5733,0.188843039,0.155875674,-67.20646666666669,-67.42322,0.0,1253,-5.309899999999999,0,1,0
26444323520,702884242,14989130,1697883144,1697883144,2023-10-21,0.127926242,-69.9002,10.1712,-80.154,3.8657,0.0076,0.0006,0.0,80830,3,4,1,2023-10-21,0,21,10,5,-69.6851,-65.361,0.135506401,0.188843039,-68.31543333333336,-67.33956,0.0,1254,-0.21509999999999252,0,1,0
26444323510,702884240,14989130,1697882383,1697882383,2023-10-21,0.1220679,-70.0121,18.1516,-79.7466,3.901,0.0062,0.0005,0.0,80830,3,3,0,2023-10-21,0,21,10,5,-69.9002,-69.6851,0.127926242,0.135506401,-69.86580000000002,-68.30634,0.0,1255,-0.11190000000000566,1,1,0
26444323511,702884240,14989130,1697882415,1697882415,2023-10-21,0.104304449,-72.3078,10.394,-80.7281,3.9165,0.012,0.0003,0.0002,80830,3,3,0,2023-10-21,0,21,10,5,-69.904,-65.0426,0.106402344,0.167472836,-69.08480000000002,-69.37616,0.0,1256,-2.2956999999999965,0,1,0
26444323545,702884250,14989130,1697885426,1697885426,2023-10-21,0.155681759,-68.1353,12.9489,-80.6986,3.8567,0.0052,0.0002,-0.0001,80830,3,4,1,2023-10-21,0,21,10,5,-64.3752,-70.0121,0.199349283,0.1220679,-67.50753333333336,-68.42158,0.0,1257,4.172499999999999,0,1,0
26444323517,702884241,14989130,1697882985,1697882985,2023-10-21,0.177476678,-66.375,22.9008,-80.6968,3.9057,0.0064,0.0002,0.0002,80830,3,7,1,2023-10-21,0,21,10,5,-68.1353,-64.3752,0.155681759,0.199349283,-66.29516666666667,-67.75956,0.0,1258,1.7603000000000009,1,1,1
26444323521,702884242,14989130,1697883175,1697883175,2023-10-21,0.155875674,-66.5733,53.6589,-78.8667,3.8798,0.0045,0.0003,0.0002,80830,3,4,1,2023-10-21,0,21,10,5,-65.1782,-70.3185,0.182093912,0.118097448,-67.35666666666668,-68.21754000000001,0.0,1259,-0.19830000000000325,1,1,0
26444323507,702884238,14989130,1697875378,1697875378,2023-10-21,0.174368779,-65.8966,17.9443,-79.8136,3.9302,0.0057,0.0002,8.94e-06,80830,3,8,1,2023-10-21,0,21,10,5,-66.375,-68.1353,0.177476678,0.155681759,-66.80230000000002,-66.95884000000001,0.0,1260,0.6766999999999967,0,1,1
26444323536,702884247,14989130,1697884760,1697884760,2023-10-21,0.107942847,-70.0991,12.6475,-78.5814,4.0012,0.0108,0.0003,8.94e-06,80830,3,2,0,2023-10-21,0,21,10,5,-68.3129,-66.005,0.15073001,0.169965594,-68.13900000000002,-67.59406,0.0,1261,-4.202500000000001,0,1,0
26444323534,702884246,14989130,1697884633,1697884633,2023-10-21,0.175710803,-66.4021,8.8769,-80.5568,3.989,0.0094,0.0002,8.94e-06,80830,3,2,0,2023-10-21,0,21,10,5,-61.0751,-69.6621,0.237874012,0.123338061,-65.71310000000003,-64.30319999999999,0.0,1262,3.6970000000000027,0,1,1
26444323504,702884238,14989130,1697875283,1697875283,2023-10-21,0.148041865,-68.7589,47.4494,-80.7069,3.9278,0.0067,0.0005,0.0004,80830,3,8,1,2023-10-21,0,21,10,5,-65.7547,-72.045,0.186372371,0.105217793,-68.85286666666669,-68.55748,0.0,1263,-2.3567999999999927,1,1,0
26444323546,702884250,14989130,1697885458,1697885458,2023-10-21,0.186372371,-65.7547,7.9292,-80.8167,3.8315,0.01,0.0003,0.0003,80830,3,4,1,2023-10-21,0,21,10,5,-72.045,-68.7073,0.105217793,0.147453738,-68.83566666666668,-68.70552,0.0,1264,3.0041999999999973,0,1,1
26444323526,702884244,14989130,1697883429,1697883429,2023-10-21,0.105217793,-72.045,11.5039,-80.5168,3.857,0.0129,0.0003,0.0,80830,3,5,1,2023-10-21,0,21,10,5,-68.7073,-67.5215,0.147453738,0.165667846,-69.42460000000001,-68.61344,0.0,1265,-6.290300000000002,0,1,0
26444323527,702884244,14989130,1697883461,1697883461,2023-10-21,0.147453738,-68.7073,15.3587,-80.5907,3.8643,0.0118,0.0003,8.94e-06,80830,3,5,1,2023-10-21,0,21,10,5,-67.5215,-69.4991,0.165667846,0.137784984,-68.57596666666669,-67.46658,0.0,1266,3.337699999999998,0,1,0
26444323537,702884248,14989130,1697884887,1697884887,2023-10-21,0.165667846,-67.5215,33.1177,-80.9288,3.9493,0.0074,0.0003,0.0,80830,3,5,1,2023-10-21,0,21,10,5,-69.4991,-65.2943,0.137784984,0.191744178,-67.43830000000003,-66.99794,0.0,1267,1.1858000000000004,1,1,1
26444323544,702884250,14989130,1697885394,1697885394,2023-10-21,0.137784984,-69.4991,46.3837,-80.6053,3.868,0.0065,0.0004,0.0,80830,3,4,1,2023-10-21,0,21,10,5,-65.2943,-66.3107,0.191744178,0.176727879,-67.03470000000003,-66.75654,0.0,1268,-1.9775999999999954,1,1,0
26444323525,702884242,14989130,1697883239,1697883239,2023-10-21,0.16171427,-67.6567,17.5563,-80.7084,3.8958,0.0049,0.0003,8.94e-06,80830,3,4,1,2023-10-21,0,21,10,5,-65.8966,-66.375,0.174368779,0.177476678,-66.6427666666667,-66.48776000000001,0.0,1269,1.8423999999999978,0,1,1
26444323542,702884249,14989130,1697885236,1697885236,2023-10-21,0.191744178,-65.2943,22.9448,-80.7842,4.1955,0.0133,0.0006,0.0,80830,3,2,0,2023-10-21,0,21,10,5,-66.3107,-66.3641,0.176727879,0.179394377,-65.98970000000001,-66.43018,0.0,1270,2.362399999999994,0,1,1
26444323541,702884248,14989130,1697885014,1697885014,2023-10-21,0.179394377,-66.3641,52.8201,-80.8721,4.0065,0.011,0.0002,-0.0001,80830,3,5,1,2023-10-21,0,21,10,5,-66.3145,-67.8673,0.168034155,0.15558738,-66.84863333333335,-68.09044,0.0,1271,-1.0697999999999865,1,1,1
26444323540,702884248,14989130,1697884982,1697884982,2023-10-21,0.168034155,-66.3145,21.9417,-79.7082,3.9355,0.0062,0.0003,0.0003,80830,3,5,1,2023-10-21,0,21,10,5,-67.8673,-69.8072,0.15558738,0.137229408,-67.99633333333334,-68.4802,0.0,1272,0.04959999999999809,0,1,1
26444323539,702884248,14989130,1697884950,1697884950,2023-10-21,0.15558738,-67.8673,15.6676,-80.3722,3.9435,0.0063,0.0006,0.0003,80830,3,5,1,2023-10-21,0,21,10,5,-69.8072,-70.0991,0.137229408,0.107942847,-69.25786666666669,-68.4183,0.0,1273,-1.5528000000000048,0,1,0
26444323538,702884248,14989130,1697884919,1697884919,2023-10-21,0.137229408,-69.8072,51.6552,-80.9105,3.9712,0.0127,0.0003,8.94e-06,80830,3,5,1,2023-10-21,0,21,10,5,-70.0991,-68.3129,0.107942847,0.15073001,-69.40640000000002,-68.37618,0.0,1274,-1.9398999999999944,1,1,0
26444323518,702884241,14989130,1697883017,1697883017,2023-10-21,0.188843039,-65.361,4.9423,-80.5775,3.9257,0.0025,0.0005,0.0002,80830,3,7,1,2023-10-21,0,21,10,5,-66.5733,-65.1782,0.155875674,0.182093912,-65.7041666666667,-67.72695999999999,0.0,1275,4.44619999999999,0,1,1
26444323528,702884244,14989130,1697883492,1697883492,2023-10-21,0.15073001,-68.3129,19.1861,-80.4372,3.8563,0.0081,0.0003,0.0003,80830,3,5,1,2023-10-21,0,21,10,5,-66.005,-67.6567,0.169965594,0.16171427,-67.32486666666668,-66.84924,0.0,1276,-2.951899999999995,0,1,0
26444323506,702884238,14989130,1697875347,1697875347,2023-10-21,0.176727879,-66.3107,13.7662,-80.5453,3.937,0.0071,0.0003,-0.0001,80830,3,8,1,2023-10-21,0,21,10,5,-66.3641,-66.3145,0.179394377,0.168034155,-66.32976666666669,-67.33276,0.0,1277,2.002200000000002,0,1,1
26444323500,702884238,14989130,1697875061,1697875061,2023-10-21,0.146177752,-68.6018,12.3087,-80.3467,3.9457,0.0037,0.0003,0.0,80830,3,8,1,2023-10-21,0,21,10,5,-64.4927,-66.5362,0.198579648,0.173635813,-66.54356666666668,-66.82885999999999,0.0,1278,-2.2911,0,1,0
26444323499,702884236,14989130,1697874934,1697874934,2023-10-21,0.240987861,-59.9612,7.196,-78.999,3.9392,0.0028,0.0003,0.0002,80830,3,12,1,2023-10-21,0,21,10,5,-68.8627,-66.1807,0.135749525,0.190432328,-65.00153333333336,-65.52858,0.0,1279,8.6406,0,0,1
26444323454,702884233,14989130,1697872272,1697872272,2023-10-21,0.192304385,-66.6865,51.2792,-82.5639,3.8638,0.0045,0.0004,0.0003,80830,1,8,1,2023-10-21,0,21,10,5,-65.9774,-68.6018,0.19433054,0.146177752,-67.0885666666667,-66.45892,0.0,1280,-6.725299999999997,1,1,1
26444323453,702884233,14989130,1697872240,1697872240,2023-10-21,0.199048724,-65.4889,10.6243,-81.7639,3.8508,0.0055,0.0002,-0.0001,80830,1,8,1,2023-10-21,0,21,10,5,-70.3719,-66.6865,0.104247866,0.192304385,-67.51576666666669,-67.42530000000001,0.0,1281,1.1975999999999942,0,1,1
26444323522,702884243,14989130,1697883112,1697883112,2023-10-21,0.106228205,-73.3018,21.0217,-82.014,3.8902,0.0092,0.0003,0.0,80830,1,2,0,2023-10-21,0,21,10,5,-65.4889,-70.3719,0.199048724,0.104247866,-69.72086666666668,-68.3653,0.0,1282,-7.812899999999999,0,1,0
26444323509,702884239,14989130,1697881369,1697881369,2023-10-21,0.142792387,-70.1585,19.4411,-81.8454,3.8803,0.0041,0.0005,0.0003,80830,1,2,0,2023-10-21,0,21,10,5,-73.3018,-65.4889,0.106228205,0.199048724,-69.64973333333336,-69.20152,0.0,1283,3.1432999999999964,0,1,0
26444323508,702884239,14989130,1697881337,1697881337,2023-10-21,0.157122602,-69.1972,19.0037,-82.0964,3.9145,0.0011,0.0003,0.0,80830,1,2,0,2023-10-21,0,21,10,5,-70.1585,-73.3018,0.142792387,0.106228205,-70.88583333333337,-69.70365999999999,0.0,1284,0.9613000000000085,0,1,0
26444323548,702884251,14989130,1697885584,1697885584,2023-10-21,0.128006196,-70.0327,8.6545,-80.3133,3.8452,0.0078,0.0002,0.0,80830,3,2,0,2023-10-21,0,21,10,5,-72.4439,-69.0454,0.115312189,0.152714256,-70.50733333333335,-70.5934,0.0,1285,-0.8355000000000103,0,1,0
26444323452,702884233,14989130,1697872209,1697872209,2023-10-21,0.196516869,-66.5415,53.4715,-82.8163,3.829,0.0041,0.0003,8.94e-06,80830,1,8,1,2023-10-21,0,21,10,5,-69.1972,-70.1585,0.157122602,0.142792387,-68.63240000000002,-68.93758,0.0,1286,3.4912000000000063,1,1,1
26444323549,702884251,14989130,1697885616,1697885616,2023-10-21,0.104247866,-70.3719,16.2364,-78.5618,3.8872,0.0089,0.0003,0.0002,80830,3,2,0,2023-10-21,0,21,10,5,-66.6865,-65.9774,0.192304385,0.19433054,-67.67860000000002,-67.22605999999999,0.0,1287,-3.8303999999999974,0,1,0
26444323489,702884237,14989130,1697874586,1697874586,2023-10-21,0.113648038,-72.8147,22.8669,-82.151,3.8352,0.0146,0.0006,0.0,80830,1,3,0,2023-10-21,0,21,10,5,-72.0211,-66.5415,0.121234158,0.196516869,-70.45910000000002,-70.1466,0.0,1288,-2.4428000000000054,0,1,0
26444323455,702884233,14989130,1697872304,1697872304,2023-10-21,0.195685708,-65.698,3.5108,-81.682,3.8712,0.0048,0.0003,0.0002,80830,1,8,1,2023-10-21,0,21,10,5,-66.1312,-72.8147,0.191850461,0.113648038,-68.21463333333334,-68.6413,0.0,1289,7.116700000000009,0,1,1
26444323492,702884237,14989130,1697874649,1697874649,2023-10-21,0.1003646,-73.555,15.4373,-81.7609,3.862,0.0057,0.0003,0.0003,80830,1,3,0,2023-10-21,0,21,10,5,-65.698,-66.1312,0.195685708,0.191850461,-68.46140000000003,-70.04400000000001,0.0,1290,-7.8570000000000135,0,1,0
26444323461,702884234,14989130,1697872462,1697872462,2023-10-21,0.128410804,-67.89,25.8678,-77.8922,3.8598,0.0157,0.0002,8.94e-06,80830,3,5,1,2023-10-21,0,21,10,5,-73.555,-65.698,0.1003646,0.195685708,-69.04766666666669,-69.21778,0.0,1291,5.665000000000006,1,1,0
26444323535,702884247,14989130,1697884729,1697884729,2023-10-21,0.152714256,-69.0454,60.7655,-81.4901,3.9213,0.0073,0.0003,0.0,80830,3,2,0,2023-10-21,0,21,10,5,-67.89,-73.555,0.128410804,0.1003646,-70.16346666666668,-68.46392,0.0,1292,-1.1554000000000002,1,1,0
26444323523,702884243,14989130,1697883175,1697883175,2023-10-21,0.121234158,-72.0211,11.8713,-81.9571,3.8763,0.0011,0.0006,0.0002,80830,1,2,0,2023-10-21,0,21,10,5,-66.5415,-69.1972,0.196516869,0.157122602,-69.25326666666668,-70.24402,0.0,1293,-2.9757000000000033,0,1,0
26444323494,702884236,14989130,1697874681,1697874681,2023-10-21,0.237874012,-61.0751,31.2348,-80.1378,3.8708,0.0037,0.0002,8.94e-06,80830,3,12,1,2023-10-21,0,21,10,5,-69.6621,-62.4319,0.123338061,0.213028067,-64.38970000000002,-63.67217999999999,0.0,1294,10.946000000000005,1,1,1
26444323456,702884233,14989130,1697872335,1697872335,2023-10-21,0.191850461,-66.1312,16.7052,-81.8304,3.8638,0.006,0.0003,-0.0001,80830,1,8,1,2023-10-21,0,21,10,5,-72.8147,-72.0211,0.113648038,0.121234158,-70.32233333333336,-69.34114,0.0,1295,-5.056100000000008,0,1,1
26444323505,702884238,14989130,1697875315,1697875315,2023-10-21,0.169965594,-66.005,37.9071,-79.5208,3.9215,0.0025,0.0005,0.0002,80830,3,8,1,2023-10-21,0,21,10,5,-67.6567,-65.8966,0.16171427,0.174368779,-66.51943333333337,-66.81372000000002,0.0,1296,0.12620000000001141,1,1,1
26444323490,702884237,14989130,1697874618,1697874618,2023-10-21,0.115312189,-72.4439,21.343,-81.8864,3.8332,0.0139,0.0003,8.94e-06,80830,1,3,0,2023-10-21,0,21,10,5,-69.0454,-67.89,0.152714256,0.128410804,-69.79310000000002,-69.72646,0.0,1297,-6.438900000000004,0,1,0
26444323450,702884233,14989130,1697872145,1697872145,2023-10-21,0.19433054,-65.9774,13.9981,-81.8914,3.8705,0.0023,0.0003,0.0002,80830,1,8,1,2023-10-21,0,21,10,5,-68.6018,-64.4927,0.146177752,0.198579648,-66.35730000000002,-66.87339999999999,0.0,1298,6.466499999999996,0,1,1
26444323449,702884233,14989130,1697872114,1697872114,2023-10-21,0.190432328,-66.1807,11.9419,-81.7482,3.8945,0.0025,0.0002,0.0,80830,1,8,1,2023-10-21,0,21,10,5,-71.2888,-61.3495,0.112148415,0.223351301,-66.27300000000002,-68.25912000000001,0.0,1299,-0.2032999999999987,0,1,1
26444323501,702884238,14989130,1697875125,1697875125,2023-10-21,0.135749525,-68.8627,22.1439,-79.6791,3.9542,0.0103,0.0006,0.0002,80830,3,8,1,2023-10-21,0,21,10,5,-66.1807,-71.2888,0.190432328,0.112148415,-68.77740000000001,-67.54288,0.0,1300,-2.682000000000002,0,1,0
26444323498,702884236,14989130,1697874871,1697874871,2023-10-21,0.162652635,-66.2773,64.4682,-79.1515,3.925,0.0032,0.0002,0.0002,80830,3,12,1,2023-10-21,0,21,10,5,-59.9612,-68.8627,0.240987861,0.135749525,-65.03373333333336,-66.51414,0.0,1301,2.585400000000007,1,1,1
26444323497,702884236,14989130,1697874839,1697874839,2023-10-21,0.233358355,-60.4615,7.378,-78.8654,3.9093,0.0028,0.0003,0.0002,80830,3,12,1,2023-10-21,0,21,10,5,-66.2773,-59.9612,0.162652635,0.240987861,-62.23333333333335,-64.34867999999999,0.0,1302,5.815799999999996,0,1,1
26444323496,702884236,14989130,1697874776,1697874776,2023-10-21,0.200964186,-63.6619,40.1161,-79.6734,3.8712,0.0037,0.0003,0.0004,80830,3,12,1,2023-10-21,0,21,10,5,-60.4615,-66.2773,0.233358355,0.162652635,-63.46690000000003,-63.84492,0.0,1303,-3.200400000000002,1,1,1
26444323484,702884235,14989130,1697874079,1697874079,2023-10-21,0.112148415,-71.2888,18.3404,-80.2936,3.884,0.0168,0.0003,0.0002,80830,3,23,1,2023-10-21,0,21,10,5,-61.3495,-70.0327,0.223351301,0.128006196,-67.55700000000003,-68.83206,0.0,1304,-7.626899999999992,0,1,0
26444323482,702884235,14989130,1697874015,1697874015,2023-10-21,0.223351301,-61.3495,8.0328,-78.9926,3.95,0.0041,0.0003,0.0002,80830,3,23,1,2023-10-21,0,21,10,5,-70.0327,-72.4439,0.128006196,0.115312189,-67.94203333333336,-68.1523,0.0,1305,9.939299999999996,0,1,1
26444323451,702884233,14989130,1697872177,1697872177,2023-10-21,0.193977764,-66.61,55.3514,-82.6404,3.8378,0.0062,0.0003,0.0002,80830,1,8,1,2023-10-21,0,21,10,5,-63.6619,-60.4615,0.200964186,0.233358355,-63.577800000000025,-63.39438,0.0,1306,-5.2605,1,1,1
26444323491,702884236,14989130,1697874618,1697874618,2023-10-21,0.218072149,-63.1707,52.999,-80.7884,3.85,0.0036,0.0003,0.0002,80830,3,12,1,2023-10-21,0,21,10,5,-62.7712,-60.118,0.21160626,0.24212761,-62.0199666666667,-63.26636,0.0,1307,3.439300000000003,1,1,1
26444323488,702884236,14989130,1697874586,1697874586,2023-10-21,0.21081823,-63.247,13.6875,-80.1425,3.852,0.0023,0.0002,0.0002,80830,3,12,1,2023-10-21,0,21,10,5,-63.1707,-62.7712,0.218072149,0.21160626,-63.06296666666669,-63.18338,0.0,1308,-0.07630000000000337,0,1,1
26444323487,702884236,14989130,1697874554,1697874554,2023-10-21,0.227821213,-61.9448,8.0622,-80.2208,3.867,0.0032,0.0002,8.94e-06,80830,3,12,1,2023-10-21,0,21,10,5,-63.247,-63.1707,0.21081823,0.218072149,-62.78750000000002,-62.250339999999994,0.0,1309,1.3021999999999991,0,1,1
26444323486,702884236,14989130,1697874522,1697874522,2023-10-21,0.213028067,-62.4319,7.0946,-79.3318,3.8652,0.0,0.0003,-0.0001,80830,3,12,1,2023-10-21,0,21,10,5,-61.9448,-63.247,0.227821213,0.21081823,-62.54123333333336,-62.71312,0.0,1310,-0.4870999999999981,0,1,1
26444323485,702884236,14989130,1697874491,1697874491,2023-10-21,0.123338061,-69.6621,23.5504,-79.4629,3.8845,0.0048,0.0004,0.0,80830,3,12,1,2023-10-21,0,21,10,5,-62.4319,-61.9448,0.213028067,0.227821213,-64.67960000000002,-64.0913,0.0,1311,-7.230199999999996,1,1,0
26444323495,702884236,14989130,1697874713,1697874713,2023-10-21,0.24212761,-60.118,8.5007,-79.3247,3.859,0.0037,0.0003,0.0002,80830,3,12,1,2023-10-21,0,21,10,5,-66.61,-63.6619,0.193977764,0.200964186,-63.463300000000025,-63.425740000000005,0.0,1312,9.544099999999993,0,1,1
26444323493,702884236,14989130,1697874649,1697874649,2023-10-21,0.21160626,-62.7712,9.2538,-79.6191,3.868,0.0036,0.0002,0.0002,80830,3,12,1,2023-10-21,0,21,10,5,-60.118,-66.61,0.24212761,0.193977764,-63.16640000000003,-62.724520000000005,0.0,1313,-2.6531999999999982,0,1,1
26444323543,702884249,14989130,1697885267,1697885267,2023-10-21,0.173635813,-66.5362,11.5122,-80.5168,4.2553,0.0057,0.0003,8.94e-06,80830,3,2,0,2023-10-21,0,21,10,5,-68.7589,-65.7547,0.148041865,0.186372371,-67.01660000000001,-68.36042,0.0,1314,-3.7649999999999935,0,1,1
26444323475,702884235,14989130,1697873762,1697873762,2023-10-21,0.109346876,-70.3632,17.8309,-79.0018,4.079,0.0265,0.0002,0.0002,80830,3,23,1,2023-10-21,0,21,10,5,-69.241,-70.8939,0.124519055,0.120904071,-70.16603333333336,-70.48519999999999,0.0,1315,-3.8270000000000124,1,1,0
26444323502,702884238,14989130,1697875188,1697875188,2023-10-21,0.126470833,-69.3825,39.6508,-79.4278,3.9417,0.0036,0.0003,0.0002,80830,3,8,1,2023-10-21,0,21,10,5,-68.2496,-66.8974,0.140221012,0.156254178,-68.17650000000003,-67.9469,0.0,1316,0.980700000000013,1,1,0
26444323469,702884235,14989130,1697873540,1697873540,2023-10-21,0.140031862,-68.7167,18.6279,-79.9061,3.9108,0.0036,0.0002,8.94e-06,80830,3,23,1,2023-10-21,0,21,10,5,-70.5928,-69.4201,0.128414009,0.139553937,-69.57653333333336,-69.49477999999999,0.0,1317,0.6657999999999902,0,1,0
26444323447,702884232,14989130,1697871955,1697871955,2023-10-21,0.127500557,-68.0834,20.366,-78.0326,3.882,0.0048,0.0003,0.0,80830,3,2,0,2023-10-21,0,21,10,5,-69.5456,-65.4689,0.121064445,0.162952716,-67.69930000000001,-68.23666,0.0,1318,0.6333000000000055,0,1,0
26444323471,702884235,14989130,1697873603,1697873603,2023-10-21,0.139553937,-69.4201,24.9664,-80.6792,3.932,0.0111,0.0004,8.94e-06,80830,3,23,1,2023-10-21,0,21,10,5,-69.2517,-69.4926,0.125594392,0.135237176,-69.38813333333336,-69.62434,0.0,1319,-1.3367000000000075,0,1,0
26444323472,702884235,14989130,1697873635,1697873635,2023-10-21,0.125594392,-69.2517,15.2189,-79.1986,3.9482,0.0064,0.0003,-0.0001,80830,3,23,1,2023-10-21,0,21,10,5,-69.4926,-69.5941,0.135237176,0.139449448,-69.44613333333336,-69.58851999999999,0.0,1320,0.16840000000000543,0,1,0
26444323473,702884235,14989130,1697873667,1697873667,2023-10-21,0.135237176,-69.4926,25.2963,-80.3603,3.9662,0.0064,0.0002,8.94e-06,80830,3,23,1,2023-10-21,0,21,10,5,-69.5941,-70.3632,0.139449448,0.109346876,-69.81663333333336,-69.91696,0.0,1321,-0.24089999999999634,1,1,0
26444323474,702884235,14989130,1697873698,1697873698,2023-10-21,0.139449448,-69.5941,13.3509,-80.8716,3.99,0.0132,0.0004,0.0002,80830,3,23,1,2023-10-21,0,21,10,5,-70.3632,-69.241,0.109346876,0.124519055,-69.73276666666669,-70.2221,0.0,1322,-0.10150000000000148,0,1,0
26444323443,702884230,14989130,1697871511,1697871511,2023-10-21,0.124519055,-69.241,11.0485,-79.0891,3.9055,0.0136,0.0003,0.0003,80830,3,2,0,2023-10-21,0,21,10,5,-70.8939,-71.0183,0.120904071,0.114194555,-70.38440000000001,-70.07064,0.0,1323,0.35309999999999775,0,1,0
26444323467,702884235,14989130,1697873476,1697873476,2023-10-21,0.118636316,-69.7602,9.4756,-79.1503,3.884,0.0071,0.0003,8.94e-06,80830,3,23,1,2023-10-21,0,21,10,5,-63.8682,-68.7167,0.196912294,0.140031862,-67.44836666666669,-68.4716,0.0,1324,-0.5191999999999979,0,1,0
26444323477,702884235,14989130,1697873825,1697873825,2023-10-21,0.120904071,-70.8939,22.6241,-80.6441,4.143,0.0207,0.0003,0.0002,80830,3,23,1,2023-10-21,0,21,10,5,-71.0183,-70.9096,0.114194555,0.112579516,-70.94060000000002,-69.44238,0.0,1325,-1.1337000000000046,1,1,0
26444323478,702884235,14989130,1697873857,1697873857,2023-10-21,0.114194555,-71.0183,17.7592,-80.1737,4.176,0.017,0.0003,8.94e-06,80830,3,23,1,2023-10-21,0,21,10,5,-70.9096,-68.2904,0.112579516,0.138861953,-70.07276666666668,-68.20747999999999,0.0,1326,-0.12439999999999429,1,1,0
26444323479,702884235,14989130,1697873889,1697873889,2023-10-21,0.112579516,-70.9096,18.1602,-79.9053,4.1947,0.0197,0.0003,0.0003,80830,3,23,1,2023-10-21,0,21,10,5,-68.2904,-66.0997,0.138861953,0.167679894,-68.43323333333335,-67.5467,0.0,1327,0.10869999999999891,1,1,0
26444323466,702884235,14989130,1697873445,1697873445,2023-10-21,0.138861953,-68.2904,10.9268,-79.3025,3.8785,0.0074,0.0006,0.0002,80830,3,23,1,2023-10-21,0,21,10,5,-66.0997,-64.7194,0.167679894,0.18378193,-66.36983333333336,-66.75478,0.0,1328,2.619199999999992,0,1,0
26444323442,702884230,14989130,1697871480,1697871480,2023-10-21,0.167679894,-66.0997,60.2866,-79.4162,3.8785,0.0036,0.0004,0.0,80830,3,2,0,2023-10-21,0,21,10,5,-64.7194,-67.7144,0.18378193,0.157050328,-66.17783333333335,-66.37711999999999,0.0,1329,2.1907000000000068,1,1,1
26444323431,702884228,14989130,1697870941,1697870941,2023-10-21,0.18378193,-64.7194,17.9036,-79.2918,3.8457,0.0099,0.0003,8.94e-06,80830,3,10,1,2023-10-21,0,21,10,5,-67.7144,-66.95,0.157050328,0.153123387,-66.46126666666669,-65.37219999999999,0.0,1330,1.3803000000000054,0,1,1
26444323440,702884229,14989130,1697871321,1697871321,2023-10-21,0.153123387,-66.95,10.6607,-79.0552,3.8542,0.0075,0.0002,0.0002,80830,3,3,0,2023-10-21,0,21,10,5,-66.4021,-61.0751,0.175710803,0.237874012,-64.8090666666667,-65.30424000000001,0.0,1331,-2.2306000000000097,0,1,0
26444323470,702884235,14989130,1697873572,1697873572,2023-10-21,0.128414009,-70.5928,49.4699,-80.9935,3.9095,0.0048,0.0002,0.0002,80830,3,23,1,2023-10-21,0,21,10,5,-69.4201,-69.2517,0.139553937,0.125594392,-69.7548666666667,-69.67026000000001,0.0,1332,-3.642799999999994,1,1,0
26444323476,702884235,14989130,1697873793,1697873793,2023-10-21,0.122796913,-70.8195,7.8478,-80.7333,4.103,0.0352,0.0003,0.0002,80830,3,23,1,2023-10-21,0,21,10,5,-69.7602,-63.8682,0.118636316,0.196912294,-68.14930000000003,-68.75147999999999,0.0,1333,-0.22670000000000812,0,1,0
26444323463,702884235,14989130,1697873350,1697873350,2023-10-21,0.12274598,-68.5081,9.3402,-78.0938,3.8395,0.0124,0.0004,0.0003,80830,3,23,1,2023-10-21,0,21,10,5,-67.4024,-70.8195,0.135285756,0.122796913,-68.91000000000003,-68.07168,86400.0,1334,2.311400000000006,0,1,0
26444323462,702884235,14989130,1697873318,1697873318,2023-10-21,0.124505106,-68.1529,9.1785,-77.845,3.8665,0.0124,0.0006,0.0,80830,3,23,1,2023-10-21,0,21,10,5,-68.5081,-67.4024,0.12274598,0.135285756,-68.02113333333335,-68.92862,0.0,1335,0.3551999999999964,0,1,0
26444323460,702884234,14989130,1697872431,1697872431,2023-10-21,0.111174383,-68.9894,16.1069,-77.6186,3.8832,0.0053,0.0006,0.0002,80830,3,5,1,2023-10-21,0,21,10,5,-68.1529,-68.5081,0.124505106,0.12274598,-68.55013333333336,-68.77446,0.0,1336,-0.8365000000000009,0,1,0
26444323459,702884234,14989130,1697872399,1697872399,2023-10-21,0.162030912,-65.1738,14.9784,-77.7759,3.8638,0.0116,0.0003,0.0003,80830,3,5,1,2023-10-21,0,21,10,5,-68.9894,-68.1529,0.111174383,0.124505106,-67.43870000000003,-67.64532,0.0,1337,3.8156000000000034,1,1,1
26444323457,702884234,14989130,1697872335,1697872335,2023-10-21,0.122596126,-68.4504,15.4947,-78.0147,3.8728,0.0312,0.0003,0.0,80830,3,5,1,2023-10-21,0,21,10,5,-65.1738,-68.9894,0.162030912,0.111174383,-67.53786666666669,-67.85492,0.0,1338,-3.276600000000002,1,1,0
26444323412,702884224,14989130,1697869736,1697869736,2023-10-21,0.125820767,-68.6708,29.5208,-78.5546,3.96,0.0036,0.0003,0.0,80830,3,2,0,2023-10-21,0,21,10,5,-68.4504,-65.1738,0.122596126,0.162030912,-67.43166666666669,-67.88746,0.0,1339,-0.22039999999999793,1,1,0
26444323413,702884224,14989130,1697869800,1697869800,2023-10-21,0.145502913,-67.5832,60.5855,-79.0912,3.9702,0.0105,0.0003,0.0002,80830,3,2,0,2023-10-21,0,21,10,5,-68.0834,-69.5456,0.127500557,0.121064445,-68.40406666666668,-67.84246,0.0,1340,1.0875999999999948,1,1,0
26444323464,702884235,14989130,1697873381,1697873381,2023-10-21,0.134405424,-68.5312,12.5338,-79.1724,3.8447,0.0206,0.0002,0.0002,80830,3,23,1,2023-10-21,0,21,10,5,-69.5542,-66.1128,0.11688869,0.139899878,-68.06606666666669,-67.84264,0.0,1341,-0.9479999999999933,0,1,0
26444323445,702884231,14989130,1697871638,1697871638,2023-10-21,0.139899878,-66.1128,10.2494,-76.8664,3.8808,0.0091,0.0003,0.0002,80830,3,3,0,2023-10-21,0,21,10,5,-64.729,-70.286,0.180197272,0.118908382,-67.04260000000002,-67.6498,0.0,1342,2.4184000000000054,0,1,0
26444323444,702884231,14989130,1697871606,1697871606,2023-10-21,0.11688869,-69.5542,18.3801,-78.7604,3.8975,0.0046,0.0002,0.0,80830,3,3,0,2023-10-21,0,21,10,5,-66.1128,-64.729,0.139899878,0.180197272,-66.79866666666669,-67.87056,0.0,1343,-3.4414000000000016,0,1,0
26444323458,702884234,14989130,1697872367,1697872367,2023-10-21,0.135285756,-67.4024,58.2638,-77.9476,3.8305,0.0112,0.0003,8.94e-06,80830,3,5,1,2023-10-21,0,21,10,5,-70.8195,-69.7602,0.122796913,0.118636316,-69.32736666666669,-68.1134,0.0,1344,2.1517999999999944,1,1,0
26444323448,702884232,14989130,1697872018,1697872018,2023-10-21,0.162952716,-65.4689,14.2992,-78.2141,3.9112,0.0056,0.0004,0.0002,80830,3,2,0,2023-10-21,0,21,10,5,-68.5312,-69.5542,0.134405424,0.11688869,-67.85143333333336,-66.87921999999999,0.0,1345,1.9334999999999951,0,1,1
26444323465,702884235,14989130,1697873413,1697873413,2023-10-21,0.121064445,-69.5456,21.1583,-79.1248,3.8697,0.0096,0.0003,0.0002,80830,3,23,1,2023-10-21,0,21,10,5,-65.4689,-68.5312,0.162952716,0.134405424,-67.84856666666668,-67.84254,0.0,1346,-4.076699999999988,0,1,0
26444323503,702884238,14989130,1697875220,1697875220,2023-10-21,0.118908382,-70.286,14.1491,-79.7715,3.973,0.007,0.0002,8.94e-06,80830,3,8,1,2023-10-21,0,21,10,5,-68.6708,-68.4504,0.125820767,0.122596126,-69.13573333333335,-68.31407999999999,0.0,1347,-0.7404000000000082,0,1,0
26444323446,702884231,14989130,1697871702,1697871702,2023-10-21,0.180197272,-64.729,13.931,-78.9568,3.8838,0.0042,0.0002,0.0001,80830,3,3,0,2023-10-21,0,21,10,5,-70.286,-68.6708,0.118908382,0.125820767,-67.89526666666669,-67.462,0.0,1348,5.557000000000002,0,1,1
26444323435,702884228,14989130,1697871099,1697871099,2023-10-21,0.170605953,-65.4547,16.4654,-78.9187,3.918,0.0076,0.0006,0.0003,80830,3,10,1,2023-10-21,0,21,10,5,-56.9449,-61.0195,0.274853302,0.225884493,-61.139700000000026,-63.7371,0.0,1349,-0.7257000000000033,0,1,1
26444323533,702884246,14989130,1697884602,1697884602,2023-10-21,0.196912294,-63.8682,50.5076,-79.5283,4.094,0.0213,0.0003,0.0,80830,3,2,0,2023-10-21,0,21,10,5,-68.7167,-70.5928,0.140031862,0.128414009,-67.72590000000002,-68.3699,0.0,1350,1.586500000000001,1,1,1
26444323417,702884226,14989130,1697870212,1697870212,2023-10-21,0.161725665,-66.562,9.1378,-79.4036,3.9438,0.0044,0.0003,8.94e-06,80830,3,5,1,2023-10-21,0,21,10,5,-63.9235,-62.7411,0.197159819,0.211588219,-64.4088666666667,-65.71502000000001,0.0,1351,-2.693799999999996,0,1,1
26444323433,702884228,14989130,1697871036,1697871036,2023-10-21,0.225884493,-61.0195,9.9121,-78.8248,3.9085,0.0034,0.0003,0.0002,80830,3,10,1,2023-10-21,0,21,10,5,-65.6707,-69.5957,0.170981506,0.120464615,-65.42863333333335,-66.3905,0.0,1352,5.542499999999997,0,1,1
26444323434,702884228,14989130,1697871068,1697871068,2023-10-21,0.274853302,-56.9449,24.8896,-78.5288,3.8992,0.0016,0.0003,0.0003,80830,3,10,1,2023-10-21,0,21,10,5,-61.0195,-65.6707,0.225884493,0.170981506,-61.21170000000003,-64.16279999999999,0.0,1353,4.074600000000004,1,0,1
26444323436,702884228,14989130,1697871131,1697871131,2023-10-21,0.163296618,-66.0953,15.7958,-78.9949,3.881,0.009,0.0003,0.0002,80830,3,10,1,2023-10-21,0,21,10,5,-65.4547,-56.9449,0.170605953,0.274853302,-62.831633333333365,-63.03702,0.0,1354,-9.150399999999998,0,1,1
26444323437,702884228,14989130,1697871163,1697871163,2023-10-21,0.144024083,-67.4735,18.5309,-78.8264,3.8735,0.0124,0.0002,8.94e-06,80830,3,10,1,2023-10-21,0,21,10,5,-66.0953,-65.4547,0.163296618,0.170605953,-66.3411666666667,-63.39757999999999,0.0,1355,-1.3782000000000068,1,1,0
26444323438,702884228,14989130,1697871194,1697871194,2023-10-21,0.141695105,-67.7315,17.1791,-78.9131,3.8552,0.0045,0.0003,0.0002,80830,3,10,1,2023-10-21,0,21,10,5,-67.4735,-66.0953,0.144024083,0.163296618,-67.10010000000001,-64.73997999999999,0.0,1356,-0.25799999999999557,0,1,0
26444323432,702884228,14989130,1697870973,1697870973,2023-10-21,0.156254178,-66.8974,3.947,-79.2862,3.8502,0.0073,0.0006,0.0003,80830,3,10,1,2023-10-21,0,21,10,5,-67.7315,-67.4735,0.141695105,0.144024083,-67.36746666666669,-66.73048000000001,0.0,1357,0.8340999999999923,0,1,0
26444323414,702884225,14989130,1697870053,1697870053,2023-10-21,0.174817891,-65.2049,5.6833,-79.0188,3.8595,0.0032,0.0004,0.0,80830,3,2,0,2023-10-21,0,21,10,5,-68.4249,-66.4137,0.138609486,0.177232628,-66.68116666666668,-68.33098,0.0,1358,1.6925000000000097,0,1,1
26444323480,702884235,14989130,1697873920,1697873920,2023-10-21,0.12525082,-70.1436,16.5825,-80.1871,4.1002,0.0162,0.0003,0.0002,80830,3,23,1,2023-10-21,0,21,10,5,-65.2049,-68.4249,0.174817891,0.138609486,-67.92446666666669,-68.27372,0.0,1359,-4.938700000000011,1,1,0
26444323481,702884235,14989130,1697873952,1697873952,2023-10-21,0.116238429,-71.0022,22.6531,-80.3409,4.1312,0.044,0.0003,0.0002,80830,3,23,1,2023-10-21,0,21,10,5,-69.3825,-68.2496,0.126470833,0.140221012,-69.54476666666669,-68.65263999999999,0.0,1360,-0.8585999999999956,1,1,0
26444323483,702884235,14989130,1697874047,1697874047,2023-10-21,0.095860594,-72.8155,14.7928,-80.5357,3.894,0.0133,0.0003,0.0003,80830,3,23,1,2023-10-21,0,21,10,5,-71.0022,-69.3825,0.116238429,0.126470833,-71.06673333333335,-69.66944000000001,0.0,1361,-1.8132999999999981,1,1,0
26444323529,702884244,14989130,1697883524,1697883524,2023-10-21,0.108494692,-70.4299,5.6546,-79.0011,3.8438,0.0184,0.0003,0.0003,80830,3,5,1,2023-10-21,0,21,10,5,-72.8155,-71.0022,0.095860594,0.116238429,-71.4158666666667,-70.37593999999999,0.0,1362,2.3855999999999966,0,1,0
26444323530,702884244,14989130,1697883556,1697883556,2023-10-21,0.117422054,-71.1815,18.4796,-80.6518,3.8542,0.009,0.0004,0.0003,80830,3,5,1,2023-10-21,0,21,10,5,-70.4299,-72.8155,0.108494692,0.095860594,-71.47563333333335,-70.96232,0.0,1363,-0.7515999999999963,1,1,0
26444323531,702884245,14989130,1697884316,1697884316,2023-10-21,0.177232628,-66.4137,22.2436,-80.7199,3.928,0.0048,0.0003,0.0,80830,3,2,0,2023-10-21,0,21,10,5,-71.1815,-70.4299,0.117422054,0.108494692,-69.34170000000002,-70.36856,0.0,1364,4.767799999999994,1,1,1
26444323426,702884227,14989130,1697870592,1697870592,2023-10-21,0.138609486,-68.4249,38.7055,-79.4354,3.875,0.0076,0.0003,8.94e-06,80830,3,8,1,2023-10-21,0,21,10,5,-66.4137,-71.1815,0.177232628,0.117422054,-68.6733666666667,-69.8531,0.0,1365,-2.011199999999988,1,1,0
26444323439,702884229,14989130,1697871289,1697871289,2023-10-21,0.140221012,-68.2496,54.1427,-79.3804,3.8752,0.0084,0.0002,0.0,80830,3,3,0,2023-10-21,0,21,10,5,-66.8974,-67.7315,0.156254178,0.141695105,-67.62616666666669,-67.28946,0.0,1366,0.1752999999999929,1,1,0
26444323415,702884225,14989130,1697870085,1697870085,2023-10-21,0.170981506,-65.6707,6.5389,-79.215,3.8505,0.0052,0.0003,0.0003,80830,3,2,0,2023-10-21,0,21,10,5,-69.5957,-67.5832,0.120464615,0.145502913,-67.61653333333335,-68.09572,0.0,1367,2.5789000000000044,0,1,1
26444323429,702884228,14989130,1697870877,1697870877,2023-10-21,0.211588219,-62.7411,43.962,-79.5791,3.8577,0.006,0.0003,0.0,80830,3,10,1,2023-10-21,0,21,10,5,-70.1436,-65.2049,0.12525082,0.174817891,-66.02986666666669,-66.58564,0.0,1368,2.9295999999999935,1,1,1
26444323424,702884227,14989130,1697870529,1697870529,2023-10-21,0.127630995,-69.6222,47.3916,-79.8082,3.9375,0.0057,0.0003,0.0002,80830,3,8,1,2023-10-21,0,21,10,5,-68.5751,-69.9855,0.133101992,0.11969364,-69.3942666666667,-68.71966,0.0,1369,-6.8811000000000035,1,1,0
26444323418,702884226,14989130,1697870244,1697870244,2023-10-21,0.150036904,-67.2535,15.3786,-79.1252,3.8985,0.0045,0.0003,8.94e-06,80830,3,5,1,2023-10-21,0,21,10,5,-66.562,-63.9235,0.161725665,0.197159819,-65.91300000000001,-66.12474,0.0,1370,2.368700000000004,0,1,0
26444323419,702884226,14989130,1697870275,1697870275,2023-10-21,0.172476383,-65.3315,7.1197,-78.9482,3.8728,0.0052,0.0003,0.0002,80830,3,5,1,2023-10-21,0,21,10,5,-67.2535,-66.562,0.150036904,0.161725665,-66.38233333333335,-65.16232,0.0,1371,1.921999999999997,0,1,1
26444323420,702884226,14989130,1697870307,1697870307,2023-10-21,0.15205868,-67.1065,34.7514,-79.1405,3.8668,0.0049,0.0003,8.94e-06,80830,3,5,1,2023-10-21,0,21,10,5,-65.3315,-67.2535,0.172476383,0.150036904,-66.56383333333336,-66.0354,0.0,1372,-1.7749999999999915,1,1,0
26444323430,702884228,14989130,1697870909,1697870909,2023-10-21,0.138772932,-68.309,19.7176,-79.3159,3.8443,0.0149,0.0003,8.94e-06,80830,3,10,1,2023-10-21,0,21,10,5,-67.1065,-65.3315,0.15205868,0.172476383,-66.9156666666667,-66.9125,0.0,1373,-1.2025000000000006,0,1,0
26444323421,702884227,14989130,1697870434,1697870434,2023-10-21,0.11969364,-69.9855,39.6925,-79.5013,4.2615,0.0075,0.0003,0.0,80830,3,8,1,2023-10-21,0,21,10,5,-68.309,-67.1065,0.138772932,0.15205868,-68.46700000000003,-67.5972,0.0,1374,-1.6765000000000043,1,1,0
26444323468,702884235,14989130,1697873508,1697873508,2023-10-21,0.120464615,-69.5957,22.9551,-79.1278,3.8992,0.0097,0.0003,8.94e-06,80830,3,23,1,2023-10-21,0,21,10,5,-67.5832,-68.0834,0.145502913,0.127500557,-68.4207666666667,-68.05536,0.0,1375,0.38980000000000814,0,1,0
26444323416,702884226,14989130,1697870180,1697870180,2023-10-21,0.197159819,-63.9235,47.6419,-79.6217,3.9958,0.0068,0.0003,0.0,80830,3,5,1,2023-10-21,0,21,10,5,-62.7411,-70.1436,0.211588219,0.12525082,-65.60273333333336,-66.0876,0.0,1376,5.672199999999997,1,1,1
26444323441,702884229,14989130,1697871385,1697871385,2023-10-21,0.143649206,-67.3102,10.4158,-78.6012,3.88,0.0067,0.0004,0.0004,80830,3,3,0,2023-10-21,0,21,10,5,-69.6222,-68.5751,0.127630995,0.133101992,-68.50250000000004,-68.7604,0.0,1377,-3.3866999999999976,0,1,0
26444323425,702884227,14989130,1697870560,1697870560,2023-10-21,0.103139138,-71.2086,18.3244,-79.3976,3.9028,0.0074,0.0002,0.0002,80830,3,8,1,2023-10-21,0,21,10,5,-67.3102,-69.6222,0.143649206,0.127630995,-69.38033333333335,-69.34031999999999,0.0,1378,-3.8984000000000094,0,1,0
26444323427,702884227,14989130,1697870656,1697870656,2023-10-21,0.189421647,-64.6035,7.5254,-79.7005,3.9202,0.005,0.0002,0.0001,80830,3,8,1,2023-10-21,0,21,10,5,-71.2086,-67.3102,0.103139138,0.143649206,-67.70743333333336,-68.26392,0.0,1379,6.605100000000007,0,1,1
26444323428,702884227,14989130,1697870687,1697870687,2023-10-21,0.143241569,-68.1972,13.2166,-79.5991,3.8958,0.0109,0.0003,0.0002,80830,3,8,1,2023-10-21,0,21,10,5,-64.6035,-71.2086,0.189421647,0.103139138,-68.00310000000002,-68.18834000000001,0.0,1380,-3.5936999999999983,0,1,0
26444323422,702884227,14989130,1697870465,1697870465,2023-10-21,0.132715335,-68.9807,15.2992,-79.5364,4.0765,0.0188,0.0003,8.94e-06,80830,3,8,1,2023-10-21,0,21,10,5,-68.1972,-64.6035,0.143241569,0.189421647,-67.26046666666669,-68.06004,0.0,1381,-0.7835000000000036,1,1,0
26444323532,702884245,14989130,1697884380,1697884380,2023-10-21,0.157050328,-67.7144,41.3814,-80.3303,3.9668,0.0065,0.0004,0.0002,80830,3,2,0,2023-10-21,0,21,10,5,-66.95,-66.4021,0.153123387,0.175710803,-67.02216666666669,-66.36073999999999,0.0,1382,1.266300000000001,1,1,0
26444323423,702884227,14989130,1697870497,1697870497,2023-10-21,0.133101992,-68.5751,25.1391,-79.104,3.9495,0.0131,0.0003,-0.0001,80830,3,8,1,2023-10-21,0,21,10,5,-69.9855,-68.309,0.11969364,0.138772932,-68.95653333333337,-67.86152,0.0,1383,-0.8607000000000085,1,1,0
26444323555,702884253,14989130,1698027265,1698027265,2023-10-22,0.139033391,-68.3369,27.5111,-79.3723,3.923,0.0059,0.0004,0.0003,80830,3,4,1,2023-10-22,0,22,10,6,-66.8281,-68.0872,0.12980279,0.113965924,-67.75073333333336,-68.07888,0.0,1384,0.23820000000000618,1,1,0
26444323550,702884252,14989130,1698027043,1698027043,2023-10-22,0.119378669,-68.1615,9.6732,-77.4016,3.9398,0.008,0.0003,0.0,80830,3,3,0,2023-10-22,0,22,10,6,-68.9807,-68.1972,0.132715335,0.143241569,-68.4464666666667,-68.2303,0.0,1385,0.17539999999999623,0,1,0
26444323552,702884252,14989130,1698027106,1698027106,2023-10-22,0.12980279,-66.8281,23.7069,-76.7965,3.9625,0.0142,0.0005,0.0002,80830,3,3,0,2023-10-22,0,22,10,6,-68.0872,-68.1615,0.113965924,0.119378669,-67.69226666666668,-68.05094,0.0,1386,1.3333999999999975,0,1,0
26444323556,702884253,14989130,1698027297,1698027297,2023-10-22,0.101103243,-69.476,7.3155,-77.2903,3.9262,0.0163,0.0004,0.0003,80830,3,4,1,2023-10-22,0,22,10,6,-66.6528,-68.3369,0.133286261,0.139033391,-68.15523333333336,-67.8762,0.0,1387,-2.647899999999993,0,1,0
26444323554,702884253,14989130,1698027233,1698027233,2023-10-22,0.133286261,-66.6528,25.1787,-76.9029,3.9615,0.0083,0.0002,0.0003,80830,3,4,1,2023-10-22,0,22,10,6,-68.3369,-66.8281,0.139033391,0.12980279,-67.27260000000003,-67.61330000000001,0.0,1388,2.8232,1,1,0
26444323553,702884253,14989130,1698027201,1698027201,2023-10-22,0.153185087,-65.6257,19.873,-77.4971,3.9248,0.0076,0.0003,0.0,80830,3,4,1,2023-10-22,0,22,10,6,-69.476,-66.6528,0.101103243,0.133286261,-67.25150000000002,-67.3839,86400.0,1389,1.0271000000000043,1,1,0
26444323551,702884252,14989130,1698027075,1698027075,2023-10-22,0.113965924,-68.0872,16.5484,-76.8449,3.9842,0.0277,0.0002,8.94e-06,80830,3,3,0,2023-10-22,0,22,10,6,-68.1615,-68.9807,0.119378669,0.132715335,-68.40980000000002,-67.60602,0.0,1390,-2.461500000000001,0,1,0
26444323558,702884254,14989130,1698138739,1698138739,2023-10-24,0.101613403,-70.4442,11.8429,-78.4119,4.2542,0.0155,0.0003,0.0006,80830,3,7,1,2023-10-24,0,24,10,1,-69.8684,-65.6257,0.113407059,0.153185087,-68.64610000000002,-68.41342,0.0,1391,-2.3569999999999993,0,1,0
26444323559,702884254,14989130,1698138771,1698138771,2023-10-24,0.151163834,-69.0726,7.9551,-81.3733,4.2698,0.0016,0.0003,0.0001,80830,3,7,1,2023-10-24,0,24,10,1,-70.4442,-69.8684,0.101613403,0.113407059,-69.79506666666668,-68.89738,0.0,1392,1.3716000000000008,0,1,0
26444323584,702884261,14989130,1698140609,1698140609,2023-10-24,0.262383512,-57.5273,1.1063,-77.9908,4.5575,0.0137,0.0004,0.0003,80830,3,7,1,2023-10-24,0,24,10,1,-69.0726,-70.4442,0.151163834,0.101613403,-65.68136666666668,-66.50764000000001,0.0,1393,11.545299999999997,0,0,1
26444323580,702884261,14989130,1698140483,1698140483,2023-10-24,0.187051933,-65.0443,13.583,-80.0104,4.443,0.0126,0.0003,0.0,80830,3,7,1,2023-10-24,0,24,10,1,-68.4142,-65.9375,0.130641083,0.157992795,-66.46533333333336,-65.90378000000001,0.0,1394,-7.51700000000001,1,1,1
26444323560,702884254,14989130,1698138803,1698138803,2023-10-24,0.229632398,-60.3989,16.8965,-78.4027,4.2855,0.0,0.0002,8.94e-06,80830,3,7,1,2023-10-24,0,24,10,1,-57.5273,-69.0726,0.262383512,0.151163834,-62.33293333333336,-65.46227999999999,0.0,1395,4.645400000000009,1,1,1
26444323561,702884254,14989130,1698138834,1698138834,2023-10-24,0.222504477,-62.2536,6.2495,-80.0694,4.3107,0.0032,0.0002,0.0003,80830,3,7,1,2023-10-24,0,24,10,1,-60.3989,-57.5273,0.229632398,0.262383512,-60.059933333333355,-63.939319999999995,0.0,1396,-1.8547000000000011,0,1,1
26444323562,702884254,14989130,1698138898,1698138898,2023-10-24,0.200838022,-62.6153,26.4876,-78.3512,4.5907,0.0076,0.0003,0.0003,80830,3,7,1,2023-10-24,0,24,10,1,-62.2536,-60.3989,0.222504477,0.229632398,-61.75593333333336,-62.37353999999999,0.0,1397,-0.361699999999999,1,1,1
26444323563,702884254,14989130,1698138961,1698138961,2023-10-24,0.103253141,-70.8187,4.7977,-78.9729,4.4428,0.0341,0.0003,0.0004,80830,3,7,1,2023-10-24,0,24,10,1,-62.6153,-62.2536,0.200838022,0.222504477,-65.22920000000003,-62.72276000000001,0.0,1398,-8.20340000000001,0,1,0
26444323564,702884255,14989130,1698139246,1698139246,2023-10-24,0.183068562,-64.0636,7.4814,-78.4198,4.3065,0.0016,0.0002,0.0,80830,3,2,0,2023-10-24,0,24,10,1,-70.8187,-62.6153,0.103253141,0.200838022,-65.83253333333336,-64.03002,0.0,1399,6.755100000000013,0,1,1
26444323566,702884256,14989130,1698139373,1698139373,2023-10-24,0.177130003,-66.7615,8.1856,-81.1325,4.306,0.0036,0.0003,0.0,80830,3,5,1,2023-10-24,0,24,10,1,-64.0636,-70.8187,0.183068562,0.103253141,-67.21460000000002,-65.30254,0.0,1400,-2.697900000000004,0,1,1
26444323567,702884256,14989130,1698139437,1698139437,2023-10-24,0.177043235,-64.3065,2.4364,-78.1408,4.286,0.0045,0.0006,0.0007,80830,3,5,1,2023-10-24,0,24,10,1,-66.7615,-64.0636,0.177130003,0.183068562,-65.04386666666669,-65.71312,0.0,1401,2.4549999999999983,0,1,1
26444323568,702884256,14989130,1698139468,1698139468,2023-10-24,0.175464778,-65.6927,10.876,-79.6724,4.3223,0.0,0.0004,0.0004,80830,3,5,1,2023-10-24,0,24,10,1,-64.3065,-66.7615,0.177043235,0.177130003,-65.58690000000001,-66.32860000000001,0.0,1402,-1.3862000000000023,1,1,1
26444323569,702884256,14989130,1698139500,1698139500,2023-10-24,0.138794502,-67.2406,11.7056,-78.0773,4.3015,0.0,0.0003,0.0001,80830,3,5,1,2023-10-24,0,24,10,1,-65.6927,-64.3065,0.175464778,0.177043235,-65.74660000000002,-65.61298,0.0,1403,-1.5478999999999985,1,1,0
26444323582,702884261,14989130,1698140546,1698140546,2023-10-24,0.114713088,-70.4591,32.6761,-79.589,4.5375,0.0401,0.0003,0.0003,80830,3,7,1,2023-10-24,0,24,10,1,-66.3866,-67.2406,0.153882919,0.138794502,-68.0287666666667,-66.81710000000001,0.0,1404,-3.218500000000006,1,1,0
26444323571,702884257,14989130,1698139817,1698139817,2023-10-24,0.153882919,-66.3866,11.0939,-78.4603,4.2405,0.0122,0.0003,0.0,80830,3,2,0,2023-10-24,0,24,10,1,-67.2406,-65.6927,0.138794502,0.175464778,-66.43996666666669,-66.07758000000001,0.0,1405,4.072500000000005,0,1,0
26444323565,702884255,14989130,1698139278,1698139278,2023-10-24,0.130746012,-70.1521,9.6896,-80.7038,4.3323,0.0064,0.0006,0.0003,80830,3,2,0,2023-10-24,0,24,10,1,-56.7374,-67.675,0.272348355,0.146784572,-64.85483333333336,-66.98146,0.0,1406,-3.765500000000003,0,1,0
26444323572,702884257,14989130,1698139849,1698139849,2023-10-24,0.146784572,-67.675,44.4737,-79.3176,4.1283,0.044,0.0004,0.0004,80830,3,2,0,2023-10-24,0,24,10,1,-70.8081,-69.5347,0.119647153,0.136634256,-69.33926666666669,-69.59118,0.0,1407,2.477100000000007,1,1,0
26444323573,702884258,14989130,1698139944,1698139944,2023-10-24,0.119647153,-70.8081,11.3674,-80.4315,4.2748,0.01,0.0006,0.0,80830,3,2,0,2023-10-24,0,24,10,1,-69.5347,-72.1198,0.136634256,0.109756293,-70.82086666666669,-69.06504,0.0,1408,-3.133099999999999,0,1,0
26444323575,702884259,14989130,1698140197,1698140197,2023-10-24,0.109756293,-72.1198,16.876,-81.0113,4.2717,0.0048,0.0003,0.0,80830,3,2,0,2023-10-24,0,24,10,1,-67.8183,-65.0443,0.150991369,0.187051933,-68.3274666666667,-67.86681999999999,0.0,1409,-1.3117000000000019,0,1,0
26444323576,702884259,14989130,1698140229,1698140229,2023-10-24,0.150991369,-67.8183,3.2121,-79.8794,4.3453,0.0108,0.0006,0.0004,80830,3,2,0,2023-10-24,0,24,10,1,-65.0443,-68.4142,0.187051933,0.130641083,-67.09226666666669,-66.47399999999999,0.0,1410,4.301500000000004,0,1,0
26444323583,702884261,14989130,1698140578,1698140578,2023-10-24,0.272348355,-56.7374,4.0041,-77.9733,4.5095,0.0064,0.0003,0.0003,80830,3,7,1,2023-10-24,0,24,10,1,-67.675,-70.8081,0.146784572,0.119647153,-65.07350000000002,-67.375,0.0,1411,11.080899999999993,0,0,1
26444323577,702884260,14989130,1698140324,1698140324,2023-10-24,0.130641083,-68.4142,7.1328,-78.695,4.3578,0.0107,0.0003,0.0,80830,3,3,0,2023-10-24,0,24,10,1,-65.9375,-65.1557,0.157992795,0.192457231,-66.50246666666669,-65.05404,0.0,1412,-11.676799999999993,0,1,0
26444323578,702884260,14989130,1698140356,1698140356,2023-10-24,0.157992795,-65.9375,6.7376,-78.3099,4.4015,0.0231,0.0002,0.0003,80830,3,3,0,2023-10-24,0,24,10,1,-65.1557,-64.9672,0.192457231,0.168797538,-65.35346666666669,-65.46302,0.0,1413,2.476699999999994,0,1,1
26444323579,702884260,14989130,1698140388,1698140388,2023-10-24,0.192457231,-65.1557,15.8911,-80.6839,4.676,0.0016,0.0003,0.0003,80830,3,3,0,2023-10-24,0,24,10,1,-64.9672,-60.7956,0.168797538,0.227879627,-63.63950000000002,-65.55284,0.0,1414,0.781800000000004,1,1,1
26444323570,702884256,14989130,1698139563,1698139563,2023-10-24,0.168797538,-64.9672,5.6945,-78.1605,4.2722,0.0032,0.0003,0.0004,80830,3,5,1,2023-10-24,0,24,10,1,-60.7956,-70.4591,0.227879627,0.114713088,-65.40730000000002,-65.96982,0.0,1415,0.18849999999999056,0,1,1
26444323581,702884261,14989130,1698140514,1698140514,2023-10-24,0.227879627,-60.7956,18.6833,-78.7385,4.4515,0.0138,0.0002,0.0001,80830,3,7,1,2023-10-24,0,24,10,1,-70.4591,-66.3866,0.114713088,0.153882919,-65.88043333333336,-66.11492,0.0,1416,4.171600000000005,1,1,1
26444323610,702884266,14989130,1698142670,1698142670,2023-10-24,0.175309576,-64.94,16.7745,-78.7447,3.9288,0.0044,0.0003,0.0001,80830,3,10,1,2023-10-24,0,24,10,1,-65.5996,-70.1521,0.165314536,0.130746012,-66.89723333333335,-65.02082,0.0,1417,-4.144399999999997,1,1,1
26444323557,702884254,14989130,1698138676,1698138676,2023-10-24,0.113407059,-69.8684,37.465,-78.8055,4.283,0.0114,0.0004,0.0,80830,3,7,1,2023-10-24,0,24,10,1,-65.6257,-69.476,0.153185087,0.101103243,-68.32336666666669,-67.99195999999999,0.0,1418,-4.928399999999996,1,1,0
26444323608,702884266,14989130,1698142606,1698142606,2023-10-24,0.165314536,-65.5996,16.8374,-78.592,4.1597,0.012,0.0004,0.0004,80830,3,10,1,2023-10-24,0,24,10,1,-70.1521,-56.7374,0.130746012,0.272348355,-64.16303333333336,-66.19444000000001,0.0,1419,4.268799999999999,0,1,1
26444323603,702884266,14989130,1698142353,1698142353,2023-10-24,0.097659326,-71.0485,6.2956,-78.738,3.8908,0.0122,0.0004,0.0002,80830,3,10,1,2023-10-24,0,24,10,1,-67.561,-66.2315,0.143547481,0.152380014,-68.28033333333336,-68.25370000000001,0.0,1420,-5.448900000000009,0,1,0
26444323601,702884266,14989130,1698142258,1698142258,2023-10-24,0.182525047,-64.8995,47.5681,-79.3902,4.1147,0.0081,0.0005,0.0,80830,3,10,1,2023-10-24,0,24,10,1,-64.94,-65.5996,0.175309576,0.165314536,-65.14636666666668,-64.46572,0.0,1421,6.149000000000001,1,1,1
26444323574,702884258,14989130,1698139975,1698139975,2023-10-24,0.136634256,-69.5347,8.044,-80.5391,4.3223,0.0053,0.0003,0.0003,80830,3,2,0,2023-10-24,0,24,10,1,-72.1198,-67.8183,0.109756293,0.150991369,-69.82426666666669,-68.58626,0.0,1422,-4.6351999999999975,0,1,0
26444323587,702884262,14989130,1698141021,1698141021,2023-10-24,0.126041099,-68.9405,42.8289,-78.883,4.3012,0.006,0.0006,0.0,80830,3,3,0,2023-10-24,0,24,10,1,-70.1334,-60.1047,0.116577632,0.254980149,-66.39286666666669,-65.80362,0.0,1423,0.5942000000000007,1,1,0
26444323588,702884262,14989130,1698141085,1698141085,2023-10-24,0.135669669,-68.3152,33.5992,-79.0383,4.3208,0.0083,0.0003,0.0004,80830,3,3,0,2023-10-24,0,24,10,1,-68.9405,-70.1334,0.126041099,0.116577632,-69.12970000000003,-66.47866,0.0,1424,0.6252999999999957,1,1,0
26444323606,702884266,14989130,1698142511,1698142511,2023-10-24,0.169869239,-65.4715,14.0563,-78.8689,4.1567,0.0318,0.0003,0.0003,80830,3,10,1,2023-10-24,0,24,10,1,-65.8873,-63.1874,0.164356684,0.214925844,-64.84873333333336,-66.63114,0.0,1425,2.8436999999999983,0,1,1
26444323589,702884262,14989130,1698141117,1698141117,2023-10-24,0.109371294,-70.598,14.8867,-79.2676,4.3297,0.0087,0.0003,0.0001,80830,3,3,0,2023-10-24,0,24,10,1,-68.3152,-68.9405,0.135669669,0.126041099,-69.28456666666669,-67.61836000000001,0.0,1426,-5.126499999999993,0,1,0
26444323590,702884263,14989130,1698141307,1698141307,2023-10-24,0.136317019,-68.8028,14.1722,-79.6621,4.365,0.0078,0.0003,0.0,80830,3,2,0,2023-10-24,0,24,10,1,-70.598,-68.3152,0.109371294,0.135669669,-69.2386666666667,-69.35798000000001,0.0,1427,1.7951999999999941,0,1,0
26444323591,702884263,14989130,1698141338,1698141338,2023-10-24,0.110123115,-72.0851,27.3778,-81.0057,4.5965,0.0261,0.0006,0.0004,80830,3,2,0,2023-10-24,0,24,10,1,-68.8028,-70.598,0.136317019,0.109371294,-70.49530000000003,-69.74832,0.0,1428,-3.2822999999999922,1,1,0
26444323592,702884264,14989130,1698141655,1698141655,2023-10-24,0.125637274,-68.8934,3.1595,-78.7927,4.7387,0.0048,0.0003,0.0,80830,3,4,1,2023-10-24,0,24,10,1,-72.0851,-68.8028,0.110123115,0.136317019,-69.92710000000002,-69.7389,0.0,1429,3.1916999999999973,0,1,0
26444323593,702884264,14989130,1698141719,1698141719,2023-10-24,0.118817127,-70.1804,8.6893,-79.6434,4.684,0.0064,0.0003,0.0006,80830,3,4,1,2023-10-24,0,24,10,1,-68.8934,-72.0851,0.125637274,0.110123115,-70.38630000000002,-70.11194,0.0,1430,-1.2870000000000061,0,1,0
26444323595,702884264,14989130,1698141814,1698141814,2023-10-24,0.199523029,-64.4448,6.8866,-80.508,4.2953,0.0039,0.0002,0.0004,80830,3,4,1,2023-10-24,0,24,10,1,-70.1804,-68.8934,0.118817127,0.125637274,-67.83953333333336,-68.88130000000001,0.0,1431,5.735600000000005,0,1,1
26444323596,702884265,14989130,1698142004,1698142004,2023-10-24,0.126110028,-69.3977,15.1076,-79.4124,4.3195,0.013,0.0003,0.0,80830,3,5,1,2023-10-24,0,24,10,1,-64.4448,-70.1804,0.199523029,0.118817127,-68.00763333333335,-69.00028,0.0,1432,-4.9529,1,1,0
26444323597,702884265,14989130,1698142036,1698142036,2023-10-24,0.205193154,-62.5052,5.5291,-78.642,4.2938,0.0053,0.0004,0.0004,80830,3,5,1,2023-10-24,0,24,10,1,-69.3977,-64.4448,0.126110028,0.199523029,-65.44923333333337,-67.0843,0.0,1433,6.892499999999998,0,1,1
26444323598,702884265,14989130,1698142067,1698142067,2023-10-24,0.17393889,-66.1442,12.6195,-80.0718,4.3033,0.0023,0.0003,0.0001,80830,3,5,1,2023-10-24,0,24,10,1,-62.5052,-69.3977,0.205193154,0.126110028,-66.01570000000002,-66.53446,0.0,1434,-3.638999999999996,1,1,1
26444323614,702884268,14989130,1698144381,1698144381,2023-10-24,0.116577632,-70.1334,10.9723,-79.3883,4.2105,0.0577,0.0003,0.0,80830,3,2,0,2023-10-24,0,24,10,1,-60.1047,-64.8995,0.254980149,0.182525047,-65.0458666666667,-65.13543999999999,172800.0,1435,-3.9891999999999967,0,1,0
26444323599,702884265,14989130,1698142099,1698142099,2023-10-24,0.212788809,-61.4205,5.2255,-78.0229,4.278,0.0073,0.0003,0.0001,80830,3,5,1,2023-10-24,0,24,10,1,-69.1114,-71.0962,0.118427565,0.104770155,-67.20936666666668,-66.0555,0.0,1436,8.712899999999998,0,1,1
26444323586,702884261,14989130,1698140704,1698140704,2023-10-24,0.118427565,-69.1114,9.8124,-78.3956,4.644,0.0129,0.0005,0.0004,80830,3,7,1,2023-10-24,0,24,10,1,-71.0962,-66.1442,0.104770155,0.17393889,-68.78393333333337,-67.65093999999999,0.0,1437,-7.690900000000006,0,1,0
26444323594,702884264,14989130,1698141750,1698141750,2023-10-24,0.104770155,-71.0962,37.6,-79.4167,4.4955,0.0291,0.0003,8.94e-06,80830,3,4,1,2023-10-24,0,24,10,1,-66.1442,-62.5052,0.17393889,0.205193154,-66.5818666666667,-66.71761999999998,0.0,1438,-1.9847999999999928,1,1,0
26444323600,702884265,14989130,1698142131,1698142131,2023-10-24,0.164356684,-65.8873,5.7637,-78.8462,4.234,0.0053,0.0006,0.0004,80830,3,5,1,2023-10-24,0,24,10,1,-63.1874,-71.0485,0.214925844,0.097659326,-66.70773333333335,-66.78314,0.0,1439,5.2089,0,1,1
26444323602,702884266,14989130,1698142289,1698142289,2023-10-24,0.214925844,-63.1874,8.8217,-80.4859,3.9295,0.0045,0.0004,0.0003,80830,3,10,1,2023-10-24,0,24,10,1,-71.0485,-67.561,0.097659326,0.143547481,-67.26563333333335,-67.98436000000001,0.0,1440,2.6998999999999995,0,1,1
26444323604,702884266,14989130,1698142416,1698142416,2023-10-24,0.143547481,-67.561,4.9232,-78.8847,3.9097,0.0045,0.0003,0.0003,80830,3,10,1,2023-10-24,0,24,10,1,-66.2315,-71.8934,0.152380014,0.092660604,-68.5619666666667,-67.33556,0.0,1441,-4.37360000000001,0,1,0
26444323605,702884266,14989130,1698142448,1698142448,2023-10-24,0.152380014,-66.2315,15.664,-78.1382,3.9348,0.0065,0.0002,0.0001,80830,3,10,1,2023-10-24,0,24,10,1,-71.8934,-64.5341,0.092660604,0.180388227,-67.55300000000001,-67.79458,0.0,1442,1.3295000000000101,0,1,0
26444323585,702884261,14989130,1698140641,1698140641,2023-10-24,0.254980149,-60.1047,1.4199,-80.6753,4.5572,0.0169,0.0003,0.0001,80830,3,7,1,2023-10-24,0,24,10,1,-64.8995,-64.94,0.182525047,0.175309576,-63.31473333333335,-65.13918,0.0,1443,6.126799999999996,0,1,1
26444323607,702884266,14989130,1698142575,1698142575,2023-10-24,0.180388227,-64.5341,9.8963,-78.7374,4.2668,0.0048,0.0005,0.0004,80830,3,10,1,2023-10-24,0,24,10,1,-66.4578,-69.8561,0.157584777,0.113393256,-66.94933333333336,-67.99012,0.0,1444,-4.429399999999994,0,1,1
26444323609,702884266,14989130,1698142638,1698142638,2023-10-24,0.157584777,-66.4578,13.9633,-78.8896,3.9695,0.0096,0.0003,0.0003,80830,3,10,1,2023-10-24,0,24,10,1,-69.8561,-70.1055,0.113393256,0.11188261,-68.80646666666671,-67.3674,0.0,1445,-1.9237000000000108,1,1,0
26444323611,702884267,14989130,1698143874,1698143874,2023-10-24,0.113393256,-69.8561,21.5315,-78.7904,4.267,0.0066,0.0002,0.0,80830,3,3,0,2023-10-24,0,24,10,1,-70.1055,-68.9971,0.11188261,0.147534604,-69.65290000000003,-67.89812,0.0,1446,-3.398299999999992,1,1,0
26444323612,702884267,14989130,1698143937,1698143937,2023-10-24,0.11188261,-70.1055,3.446,-78.9372,4.2838,0.0042,0.0005,0.0006,80830,3,3,0,2023-10-24,0,24,10,1,-68.9971,-61.4205,0.147534604,0.212788809,-66.84103333333336,-68.14613999999999,0.0,1447,-0.2494000000000085,0,1,0
26444323615,702884268,14989130,1698144445,1698144445,2023-10-24,0.147534604,-68.9971,37.719,-80.9383,4.34,0.0055,0.0003,0.0003,80830,3,2,0,2023-10-24,0,24,10,1,-61.4205,-69.1114,0.212788809,0.118427565,-66.50966666666669,-67.35388,0.0,1448,1.1084000000000032,1,1,0
26444323613,702884267,14989130,1698144001,1698144001,2023-10-24,0.092660604,-71.8934,10.5671,-79.2354,4.324,0.0093,0.0004,0.0006,80830,3,3,0,2023-10-24,0,24,10,1,-64.5341,-66.4578,0.180388227,0.157584777,-67.62843333333336,-68.56938,0.0,1449,-2.8962999999999965,0,1,0
26444323616,702884269,14989130,1698216204,1698216204,2023-10-25,0.112753368,-69.4715,17.1364,-78.3001,4.0695,0.042,0.0006,0.0,80830,3,2,0,2023-10-25,0,25,10,2,-69.5,-67.6404,0.111167951,0.134804226,-68.87063333333337,-68.31523999999999,0.0,1450,2.4218999999999937,0,1,0
26444323623,702884272,14989130,1698218233,1698218233,2023-10-25,0.108498765,-69.6521,5.7306,-78.129,4.314,0.0136,0.0003,0.0,80830,3,5,1,2023-10-25,0,25,10,2,-69.4715,-69.5,0.112753368,0.111167951,-69.54120000000003,-68.06458,0.0,1451,-0.18059999999999832,0,1,0
26444323622,702884271,14989130,1698217694,1698217694,2023-10-25,0.125755372,-68.2848,16.8612,-78.1072,4.231,0.0167,0.0002,0.0002,80830,3,3,0,2023-10-25,0,25,10,2,-65.4715,-65.8873,0.169869239,0.164356684,-66.5478666666667,-66.77590000000001,0.0,1452,1.3673000000000002,0,1,0
26444323619,702884270,14989130,1698217345,1698217345,2023-10-25,0.148639782,-66.9525,13.4741,-78.6418,4.0375,0.0112,0.0003,0.0004,80830,3,2,0,2023-10-25,0,25,10,2,-68.2848,-65.4715,0.125755372,0.169869239,-66.90293333333337,-65.9567,0.0,1453,1.3323000000000036,0,1,0
26444323621,702884271,14989130,1698217662,1698217662,2023-10-25,0.105540731,-69.8248,14.25,-78.0637,4.265,0.0098,0.0004,0.0003,80830,3,3,0,2023-10-25,0,25,10,2,-66.9525,-68.2848,0.148639782,0.125755372,-68.35403333333336,-67.28418,0.0,1454,-2.8722999999999956,0,1,0
26444323620,702884271,14989130,1698217631,1698217631,2023-10-25,0.100315437,-70.9054,33.3462,-78.8114,4.3205,0.0163,0.0004,0.0,80830,3,3,0,2023-10-25,0,25,10,2,-69.8248,-66.9525,0.105540731,0.148639782,-69.22756666666669,-68.2878,0.0,1455,-1.080600000000004,1,1,0
26444323624,702884272,14989130,1698218264,1698218264,2023-10-25,0.179522024,-64.0589,13.3861,-78.0751,4.336,0.0036,0.0004,0.0003,80830,3,5,1,2023-10-25,0,25,10,2,-70.9054,-69.8248,0.100315437,0.105540731,-68.26303333333335,-68.00528,0.0,1456,6.846500000000006,0,1,1
26444323617,702884269,14989130,1698216236,1698216236,2023-10-25,0.111167951,-69.5,17.2331,-78.1925,3.9715,0.0222,0.0006,0.0004,80830,3,2,0,2023-10-25,0,25,10,2,-67.6404,-64.0589,0.134804226,0.179522024,-67.06643333333336,-68.38589999999999,0.0,1457,-5.441100000000006,0,1,0
26444323618,702884270,14989130,1698217282,1698217282,2023-10-25,0.134804226,-67.6404,3.5557,-78.1793,4.2728,0.0086,0.0004,0.0,80830,3,2,0,2023-10-25,0,25,10,2,-64.0589,-70.9054,0.179522024,0.100315437,-67.53490000000004,-67.8764,0.0,1458,1.8596000000000004,0,1,0
26444323630,702884274,14989130,1698220420,1698220420,2023-10-25,0.114109803,-68.5617,4.5266,-77.393,3.9758,0.0168,0.0003,0.0,80830,3,4,1,2023-10-25,0,25,10,2,-63.6134,-69.85,0.185009903,0.104898008,-67.34170000000002,-67.6841,0.0,1459,-0.9213000000000022,0,1,0
26444323627,702884272,14989130,1698218360,1698218360,2023-10-25,0.104898008,-69.85,3.8806,-78.0358,4.2962,0.0078,0.0002,0.0003,80830,3,5,1,2023-10-25,0,25,10,2,-67.5183,-68.8771,0.159416158,0.121466682,-68.74846666666669,-69.0738,0.0,1460,-1.2882999999999925,0,1,0
26444323629,702884273,14989130,1698220198,1698220198,2023-10-25,0.185009903,-63.6134,9.9176,-78.0542,4.0738,0.0117,0.0003,0.0003,80830,3,2,0,2023-10-25,0,25,10,2,-69.85,-67.5183,0.104898008,0.159416158,-66.99390000000004,-67.90218,0.0,1461,6.236599999999996,1,1,1
26444323631,702884274,14989130,1698220483,1698220483,2023-10-25,0.198309532,-62.7896,1.6322,-78.3215,4.2678,0.0053,0.0003,0.0004,80830,3,4,1,2023-10-25,0,25,10,2,-68.5617,-63.6134,0.114109803,0.185009903,-64.98823333333335,-66.4666,0.0,1462,0.8237999999999985,0,1,1
26444323632,702884274,14989130,1698220515,1698220515,2023-10-25,0.185930755,-64.3398,10.7973,-79.0348,4.159,0.03,0.0005,0.0003,80830,3,4,1,2023-10-25,0,25,10,2,-62.7896,-68.5617,0.198309532,0.114109803,-65.2303666666667,-65.8309,0.0,1463,-1.5501999999999967,1,1,1
26444323625,702884272,14989130,1698218296,1698218296,2023-10-25,0.155163881,-66.9193,4.4645,-79.2098,4.3065,0.007,0.0004,0.0004,80830,3,5,1,2023-10-25,0,25,10,2,-64.3398,-62.7896,0.185930755,0.198309532,-64.68290000000003,-65.24476,0.0,1464,-2.57950000000001,0,1,0
26444323633,702884274,14989130,1698220547,1698220547,2023-10-25,0.160495847,-66.1991,44.89,-78.855,4.2575,0.0089,0.0003,0.0001,80830,3,4,1,2023-10-25,0,25,10,2,-66.9193,-64.3398,0.155163881,0.185930755,-65.81940000000003,-65.7619,0.0,1465,0.7202000000000055,1,1,1
26444323626,702884272,14989130,1698218328,1698218328,2023-10-25,0.159416158,-67.5183,5.0364,-80.3231,4.2975,0.0057,0.0002,0.0001,80830,3,5,1,2023-10-25,0,25,10,2,-68.8771,-69.6521,0.121466682,0.108498765,-68.68250000000003,-69.0038,86400.0,1466,-1.319199999999995,0,1,1
26444323628,702884273,14989130,1698220166,1698220166,2023-10-25,0.121466682,-68.8771,19.5001,-78.4001,4.0003,0.0197,0.0006,0.0,80830,3,2,0,2023-10-25,0,25,10,2,-69.6521,-69.4715,0.108498765,0.112753368,-69.3335666666667,-69.02822,0.0,1467,-1.3588000000000022,1,1,0
26444323639,702884275,14989130,1698464985,1698464985,2023-10-27,0.127622878,-66.716,8.5802,-76.4761,4.0,0.0289,0.0003,0.0003,80830,3,7,1,2023-10-27,0,27,10,4,-66.3699,-67.4954,0.136878505,0.116441333,-66.86043333333335,-67.04118000000001,0.0,1468,2.1611000000000047,0,1,0
26444323634,702884275,14989130,1698464795,1698464795,2023-10-27,0.113836665,-67.7899,9.6985,-76.4982,4.0027,0.0501,0.0003,0.0,80830,3,7,1,2023-10-27,0,27,10,4,-63.925,-66.716,0.167033689,0.127622878,-66.14363333333336,-66.45924,0.0,1469,-1.073900000000009,0,1,0
26444323641,702884276,14989130,1698465207,1698465207,2023-10-27,0.22051231,-59.5308,3.2545,-76.3717,4.0328,0.0108,0.0003,0.0,80830,3,4,1,2023-10-27,0,27,10,4,-64.1018,-66.1991,0.166152193,0.160495847,-63.277233333333356,-64.21815999999998,0.0,1470,8.259100000000004,0,0,1
26444323635,702884275,14989130,1698464859,1698464859,2023-10-27,0.126193406,-66.5291,9.9519,-76.1371,3.9822,0.0093,0.0003,0.0003,80830,3,7,1,2023-10-27,0,27,10,4,-59.5308,-64.1018,0.22051231,0.166152193,-63.38723333333335,-64.65602,0.0,1471,-6.9983,0,1,0
26444323636,702884275,14989130,1698464890,1698464890,2023-10-27,0.111466751,-68.0955,30.0399,-76.6381,3.9608,0.0072,0.0003,0.0001,80830,3,7,1,2023-10-27,0,27,10,4,-66.5291,-59.5308,0.126193406,0.22051231,-64.71846666666669,-64.89126,0.0,1472,-1.5664000000000016,1,1,0
26444323637,702884275,14989130,1698464922,1698464922,2023-10-27,0.116441333,-67.4954,25.4931,-76.3904,3.9333,0.0105,0.0005,0.0003,80830,3,7,1,2023-10-27,0,27,10,4,-68.0955,-66.5291,0.111466751,0.126193406,-67.37333333333335,-65.15052,0.0,1473,0.6000999999999976,1,1,0
26444323638,702884275,14989130,1698464954,1698464954,2023-10-27,0.136878505,-66.3699,11.9099,-76.8952,3.9482,0.0229,0.0003,0.0003,80830,3,7,1,2023-10-27,0,27,10,4,-67.4954,-68.0955,0.116441333,0.111466751,-67.32026666666668,-65.60414,0.0,1474,1.1255000000000024,0,1,0
26444323642,702884276,14989130,1698465239,1698465239,2023-10-27,0.167033689,-63.925,47.3429,-76.7438,3.964,0.0067,0.0003,0.0001,80830,3,4,1,2023-10-27,0,27,10,4,-66.716,-66.3699,0.127622878,0.136878505,-65.67030000000001,-66.52036000000001,0.0,1475,2.444900000000004,1,1,1
26444323640,702884275,14989130,1698465017,1698465017,2023-10-27,0.166152193,-64.1018,29.0884,-76.8747,3.9425,0.0116,0.0003,0.0004,80830,3,7,1,2023-10-27,0,27,10,4,-66.1991,-66.9193,0.160495847,0.155163881,-65.74006666666669,-64.86992000000001,0.0,1476,-0.17680000000000007,0,1,1
26444323644,702884276,14989130,1698465302,1698465302,2023-10-27,0.151667637,-64.9563,33.4046,-76.5694,4.0038,0.02,0.0003,0.0003,80830,3,4,1,2023-10-27,0,27,10,4,-67.7899,-63.925,0.113836665,0.167033689,-65.55706666666669,-65.95142,0.0,1477,-0.8545000000000016,1,1,0
26444323646,702884277,14989130,1698465556,1698465556,2023-10-27,0.114499988,-67.9747,18.6452,-76.7642,4.139,0.048,0.0005,0.0003,80830,3,3,0,2023-10-27,0,27,10,4,-61.3705,-64.9563,0.197581389,0.151667637,-64.7671666666667,-65.20327999999999,0.0,1478,-3.0183999999999997,0,1,0
26444323647,702884277,14989130,1698465619,1698465619,2023-10-27,0.138009439,-66.1164,11.6369,-76.702,4.2322,0.0151,0.0003,0.0003,80830,3,3,0,2023-10-27,0,27,10,4,-67.9747,-61.3705,0.114499988,0.197581389,-65.1538666666667,-65.64156,0.0,1479,1.8582999999999998,0,1,0
26444323648,702884278,14989130,1698466031,1698466031,2023-10-27,0.108873808,-68.5702,15.1888,-76.9478,4.2332,0.0189,0.0005,0.0,80830,3,4,1,2023-10-27,0,27,10,4,-66.1164,-67.9747,0.138009439,0.114499988,-67.5537666666667,-65.79762,0.0,1480,-2.453800000000001,0,1,0
26444323649,702884278,14989130,1698466063,1698466063,2023-10-27,0.134447478,-66.3504,36.7236,-76.6567,4.1945,0.0197,0.0003,0.0003,80830,3,4,1,2023-10-27,0,27,10,4,-68.5702,-66.1164,0.108873808,0.138009439,-67.01233333333336,-66.07643999999999,0.0,1481,2.2198000000000064,1,1,0
26444323643,702884276,14989130,1698465271,1698465271,2023-10-27,0.142661952,-65.6336,12.6369,-76.5551,4.0498,0.0281,0.0003,0.0003,80830,3,4,1,2023-10-27,0,27,10,4,-66.3504,-68.5702,0.134447478,0.108873808,-66.85140000000003,-66.92905999999999,0.0,1482,0.7167999999999921,0,1,0
26444323650,702884278,14989130,1698466095,1698466095,2023-10-27,0.167526192,-63.5677,5.3725,-76.36,4.3238,0.0036,0.0006,0.0003,80830,3,4,1,2023-10-27,0,27,10,4,-68.3581,-65.6336,0.112953625,0.142661952,-65.85313333333336,-66.49600000000001,0.0,1483,2.065899999999999,0,1,1
26444323645,702884277,14989130,1698465524,1698465524,2023-10-27,0.197581389,-61.3705,21.4185,-76.4819,4.232,0.01,0.0002,0.0,80830,3,3,0,2023-10-27,0,27,10,4,-64.9563,-67.7899,0.151667637,0.113836665,-64.70556666666668,-64.95154,172800.0,1484,2.1972000000000023,1,1,1
26444323651,702884278,14989130,1698466127,1698466127,2023-10-27,0.112953625,-68.3581,30.6917,-77.0626,4.315,0.0103,0.0003,0.0001,80830,3,4,1,2023-10-27,0,27,10,4,-65.6336,-66.3504,0.142661952,0.134447478,-66.78070000000002,-67.00573999999999,0.0,1485,-6.987599999999993,1,1,0
26444323654,702884279,14989130,1698721659,1698721659,2023-10-30,0.165682242,-66.9822,4.1628,-80.2838,3.9392,0.005,0.0002,0.0003,80830,3,10,1,2023-10-30,0,30,10,0,-65.6668,-70.4369,0.179489102,0.118062607,-67.69530000000002,-67.2624,0.0,1486,1.3758999999999872,0,1,1
26444323652,702884279,14989130,1698721595,1698721595,2023-10-30,0.139803496,-69.0595,38.8388,-80.2834,3.9933,0.018,0.0004,0.0,80830,3,10,1,2023-10-30,0,30,10,0,-63.5677,-68.3581,0.167526192,0.112953625,-66.99510000000002,-66.59385999999999,0.0,1487,-2.077299999999994,1,1,0
26444323670,702884282,14989130,1698723085,1698723085,2023-10-30,0.100300577,-71.9576,16.983,-79.9796,3.9188,0.0054,0.0006,0.0003,80830,3,4,1,2023-10-30,0,30,10,0,-69.0595,-63.5677,0.139803496,0.167526192,-68.19493333333337,-67.7153,0.0,1488,-2.8980999999999995,0,1,0
26444323660,702884279,14989130,1698721881,1698721881,2023-10-30,0.113543373,-71.1705,15.4783,-80.2865,3.9573,0.0132,0.0006,0.0003,80830,3,10,1,2023-10-30,0,30,10,0,-71.9576,-69.0595,0.100300577,0.139803496,-70.72920000000003,-68.82268,0.0,1489,0.7870999999999952,0,1,0
26444323676,702884284,14989130,1698723909,1698723909,2023-10-30,0.17093159,-66.3947,18.5276,-80.0835,3.9013,0.0036,0.0003,0.0001,80830,3,5,1,2023-10-30,0,30,10,0,-70.8333,-71.1705,0.115079306,0.113543373,-69.4661666666667,-69.88311999999999,0.0,1490,4.775800000000004,0,1,1
26444323674,702884284,14989130,1698723846,1698723846,2023-10-30,0.190998614,-65.2458,46.1741,-80.6498,3.932,0.0034,0.0004,0.0004,80830,3,5,1,2023-10-30,0,30,10,0,-66.3947,-70.8333,0.17093159,0.115079306,-67.49126666666669,-69.12038,0.0,1491,1.1488999999999976,1,1,1
26444323680,702884285,14989130,1698724195,1698724195,2023-10-30,0.1756747,-66.1953,18.6624,-80.3024,3.949,0.0046,0.0003,0.0001,80830,3,5,1,2023-10-30,0,30,10,0,-71.1876,-69.4603,0.113430873,0.13076075,-68.94773333333336,-68.37102,0.0,1492,-0.9495000000000005,0,1,1
26444323671,702884283,14989130,1698723307,1698723307,2023-10-30,0.133871971,-69.3261,9.0992,-80.0414,3.8737,0.008,0.0006,0.0,80830,3,2,0,2023-10-30,0,30,10,0,-65.6858,-65.2458,0.186650256,0.190998614,-66.75256666666668,-67.49714,0.0,1493,-3.1307999999999936,0,1,0
26444323677,702884284,14989130,1698723941,1698723941,2023-10-30,0.13076075,-69.4603,20.8676,-79.9093,3.8937,0.0064,0.0004,0.0003,80830,3,5,1,2023-10-30,0,30,10,0,-69.3261,-65.6858,0.133871971,0.186650256,-68.15740000000004,-67.22254000000001,0.0,1494,-0.13420000000000698,0,1,0
26444323675,702884284,14989130,1698723878,1698723878,2023-10-30,0.179489102,-65.6668,22.6414,-80.0316,3.9008,0.0053,0.0003,0.0001,80830,3,5,1,2023-10-30,0,30,10,0,-70.4369,-67.0308,0.118062607,0.161297265,-67.71150000000002,-68.10347999999999,0.0,1495,3.7935000000000088,0,1,1
26444323681,702884285,14989130,1698724226,1698724226,2023-10-30,0.161297265,-67.0308,15.1047,-79.922,3.9737,0.0089,0.0003,0.0001,80830,3,5,1,2023-10-30,0,30,10,0,-66.1953,-71.1876,0.1756747,0.113430873,-68.13790000000002,-68.64002,0.0,1496,-1.3640000000000043,0,1,1
26444323682,702884285,14989130,1698724258,1698724258,2023-10-30,0.118062607,-70.4369,24.857,-79.8661,4.0312,0.0267,0.0003,0.0003,80830,3,5,1,2023-10-30,0,30,10,0,-67.0308,-66.1953,0.161297265,0.1756747,-67.88766666666669,-68.86218,0.0,1497,-3.406099999999995,1,1,0
26444323679,702884285,14989130,1698724163,1698724163,2023-10-30,0.186650256,-65.6858,49.5832,-80.7596,3.9315,0.0062,0.0002,0.0006,80830,3,5,1,2023-10-30,0,30,10,0,-65.2458,-66.3947,0.190998614,0.17093159,-65.77543333333337,-67.86602,0.0,1498,4.751099999999994,1,1,1
26444323672,702884283,14989130,1698723339,1698723339,2023-10-30,0.115079306,-70.8333,19.4297,-80.0448,3.881,0.01,0.0003,0.0003,80830,3,2,0,2023-10-30,0,30,10,0,-71.1705,-71.9576,0.113543373,0.100300577,-71.32046666666669,-69.31772000000001,0.0,1499,-5.147499999999994,0,1,0
26444323673,702884284,14989130,1698723782,1698723782,2023-10-30,0.132755576,-69.2486,23.2762,-79.849,3.9108,0.0063,0.0002,0.0,80830,3,5,1,2023-10-30,0,30,10,0,-71.7951,-68.2298,0.099919514,0.150078851,-69.75783333333335,-70.8295,0.0,1500,1.584699999999998,0,1,0
26444323653,702884279,14989130,1698721627,1698721627,2023-10-30,0.113430873,-71.1876,32.3399,-80.2956,3.997,0.0214,0.0003,0.0001,80830,3,10,1,2023-10-30,0,30,10,0,-69.4603,-69.3261,0.13076075,0.133871971,-69.99133333333334,-68.18111999999999,0.0,1501,-1.9390000000000072,1,1,0
26444323669,702884282,14989130,1698723022,1698723022,2023-10-30,0.095212527,-72.6272,9.8199,-80.2699,3.9028,0.0075,0.0003,0.0003,80830,3,4,1,2023-10-30,0,30,10,0,-72.2468,-71.4221,0.098256344,0.108338327,-72.09870000000002,-70.30429999999998,0.0,1502,-1.4395999999999987,0,1,0
26444323678,702884285,14989130,1698724099,1698724099,2023-10-30,0.112899504,-71.12,28.3507,-80.1713,3.9265,0.0157,0.0003,0.0,80830,3,5,1,2023-10-30,0,30,10,0,-66.9822,-65.6668,0.165682242,0.179489102,-67.92300000000002,-68.24734000000001,0.0,1503,1.5071999999999974,1,1,0
26444323655,702884279,14989130,1698721691,1698721691,2023-10-30,0.165856775,-67.2382,87.7497,-80.6075,3.9395,0.0052,0.0004,0.0003,80830,3,10,1,2023-10-30,0,30,10,0,-68.8874,-71.12,0.140953105,0.112899504,-69.0818666666667,-67.97891999999999,259200.0,1504,3.8817999999999984,1,1,1
26444323663,702884280,14989130,1698722420,1698722420,2023-10-30,0.179546854,-65.5716,8.3135,-79.9212,3.881,0.0034,0.0006,0.0003,80830,3,3,0,2023-10-30,0,30,10,0,-67.2382,-68.8874,0.165856775,0.140953105,-67.23240000000003,-67.95988000000001,0.0,1505,1.6666000000000025,0,1,1
26444323664,702884280,14989130,1698722451,1698722451,2023-10-30,0.180679743,-65.0859,16.7839,-79.4389,3.8705,0.0065,0.0003,0.0001,80830,3,3,0,2023-10-30,0,30,10,0,-65.5716,-67.2382,0.179546854,0.165856775,-65.96523333333336,-67.58062,0.0,1506,0.48570000000000846,0,1,1
26444323667,702884282,14989130,1698722927,1698722927,2023-10-30,0.108338327,-71.4221,14.7881,-80.1,3.886,0.0076,0.0003,0.0,80830,3,4,1,2023-10-30,0,30,10,0,-70.1395,-65.0859,0.124424049,0.180679743,-68.88250000000004,-67.89146000000001,0.0,1507,-6.336200000000005,0,1,0
26444323668,702884282,14989130,1698722958,1698722958,2023-10-30,0.098256344,-72.2468,17.9434,-80.119,3.8958,0.0155,0.0003,8.94e-06,80830,3,4,1,2023-10-30,0,30,10,0,-71.4221,-70.1395,0.108338327,0.124424049,-71.26946666666669,-68.89318,0.0,1508,-0.8246999999999929,0,1,0
26444323665,702884281,14989130,1698722673,1698722673,2023-10-30,0.124424049,-70.1395,38.7932,-80.1067,3.9032,0.0076,0.0003,0.0,80830,3,2,0,2023-10-30,0,30,10,0,-65.0859,-65.5716,0.180679743,0.179546854,-66.93233333333336,-67.38452,0.0,1509,2.107299999999995,1,1,0
26444323666,702884281,14989130,1698722737,1698722737,2023-10-30,0.150078851,-68.2298,14.4852,-80.2778,3.8872,0.0054,0.0003,0.0003,80830,3,2,0,2023-10-30,0,30,10,0,-72.6272,-72.2468,0.095212527,0.098256344,-71.03460000000003,-70.93307999999999,0.0,1510,1.9097000000000008,0,1,0
26444323661,702884279,14989130,1698721912,1698721912,2023-10-30,0.099919514,-71.7951,8.6444,-79.7652,3.9295,0.017,0.0005,0.0003,80830,3,10,1,2023-10-30,0,30,10,0,-68.2298,-72.6272,0.150078851,0.095212527,-70.88403333333336,-71.2642,0.0,1511,-3.5653000000000077,0,1,0
26444323656,702884279,14989130,1698721754,1698721754,2023-10-30,0.140953105,-68.8874,16.2414,-80.1905,3.9475,0.0048,0.0002,0.0003,80830,3,10,1,2023-10-30,0,30,10,0,-71.12,-66.9822,0.112899504,0.165682242,-68.99653333333337,-68.61866,0.0,1512,2.9077000000000055,0,1,0
26444323658,702884279,14989130,1698721817,1698721817,2023-10-30,0.205618404,-63.5912,36.91,-80.0512,3.926,0.002,0.0003,0.0001,80830,3,10,1,2023-10-30,0,30,10,0,-63.507,-69.2486,0.2091588,0.132755576,-65.44893333333336,-67.27434,0.0,1513,5.296199999999999,1,1,1
26444323657,702884279,14989130,1698721786,1698721786,2023-10-30,0.176965782,-66.1494,13.9438,-80.3726,3.9125,0.0042,0.0006,0.0003,80830,3,10,1,2023-10-30,0,30,10,0,-63.5912,-63.507,0.205618404,0.2091588,-64.4158666666667,-66.85826,0.0,1514,-2.5581999999999994,0,1,1
26444323662,702884280,14989130,1698722388,1698722388,2023-10-30,0.114315429,-70.7685,33.3866,-79.9026,3.881,0.0061,0.0002,0.0,80830,3,3,0,2023-10-30,0,30,10,0,-66.1494,-63.5912,0.176965782,0.205618404,-66.83636666666669,-66.65293999999999,0.0,1515,-4.619100000000003,1,1,0
26444323659,702884279,14989130,1698721849,1698721849,2023-10-30,0.2091588,-63.507,12.0359,-80.3031,3.9438,0.0046,0.0002,0.0001,80830,3,10,1,2023-10-30,0,30,10,0,-69.2486,-71.7951,0.132755576,0.099919514,-68.18356666666669,-69.08153999999999,0.0,1516,7.261500000000005,0,1,1
26444323699,702884290,14989130,1698742134,1698742134,2023-10-31,0.187695642,-65.1343,13.1526,-80.1846,3.9,0.0016,0.0006,0.0003,80830,3,5,1,2023-10-31,0,31,10,1,-65.0958,-70.2966,0.184773951,0.123077038,-66.84223333333335,-67.53428,0.0,1517,-1.6272999999999982,0,1,1
26444323695,702884290,14989130,1698741976,1698741976,2023-10-31,0.131530687,-69.5201,24.676,-80.049,3.8868,0.0032,0.0002,0.0,80830,3,5,1,2023-10-31,0,31,10,1,-70.4423,-68.0177,0.117469008,0.155112105,-69.32670000000003,-67.42382,0.0,1518,-4.385800000000003,1,1,0
26444323694,702884289,14989130,1698741374,1698741374,2023-10-31,0.117469008,-70.4423,11.4618,-79.8185,3.9453,0.0131,0.0003,0.0003,80830,3,3,0,2023-10-31,0,31,10,1,-68.0177,-64.0047,0.155112105,0.200772447,-67.48823333333335,-66.53896,0.0,1519,-0.9222000000000037,0,1,0
26444323693,702884289,14989130,1698741342,1698741342,2023-10-31,0.155112105,-68.0177,49.5229,-80.505,3.9308,0.0032,0.0004,0.0001,80830,3,3,0,2023-10-31,0,31,10,1,-64.0047,-65.1343,0.200772447,0.187695642,-65.71890000000002,-66.50982,0.0,1520,2.424599999999998,1,1,0
26444323692,702884289,14989130,1698741310,1698741310,2023-10-31,0.200772447,-64.0047,9.7767,-80.0832,3.9257,0.0044,0.0003,0.0,80830,3,3,0,2023-10-31,0,31,10,1,-65.1343,-65.0958,0.187695642,0.184773951,-64.74493333333335,-66.38329999999999,0.0,1521,4.013000000000005,0,1,1
26444323696,702884290,14989130,1698742039,1698742039,2023-10-31,0.184773951,-65.0958,10.2609,-79.85,4.0103,0.0053,0.0003,0.0005,80830,3,5,1,2023-10-31,0,31,10,1,-70.2966,-67.3851,0.123077038,0.151283747,-67.59250000000002,-68.81862,0.0,1522,-1.0910999999999973,0,1,1
26444323721,702884292,14989130,1698743149,1698743149,2023-10-31,0.127729194,-70.2697,50.0395,-80.5595,3.888,0.0084,0.0004,0.0003,80830,3,10,1,2023-10-31,0,31,10,1,-65.3381,-69.9396,0.184771732,0.130002762,-68.51580000000003,-67.65108000000001,0.0,1523,-5.173900000000003,1,1,0
26444323713,702884292,14989130,1698742863,1698742863,2023-10-31,0.130002762,-69.9396,21.7653,-80.3906,3.898,0.0106,0.0006,0.0001,80830,3,10,1,2023-10-31,0,31,10,1,-67.6393,-65.0687,0.157729382,0.186348335,-67.54920000000003,-67.78204000000001,0.0,1524,0.3301000000000016,0,1,0
26444323686,702884287,14989130,1698740391,1698740391,2023-10-31,0.130735577,-69.7596,41.6352,-80.2513,3.9645,0.01,0.0006,0.0,80830,3,4,1,2023-10-31,0,31,10,1,-71.556,-70.4914,0.109854964,0.119268141,-70.60233333333336,-70.16833999999999,0.0,1525,0.1799999999999926,1,1,0
26444323685,702884286,14989130,1698739757,1698739757,2023-10-31,0.109854964,-71.556,13.1827,-80.3869,3.8765,0.0123,0.0003,0.0001,80830,3,3,0,2023-10-31,0,31,10,1,-70.4914,-68.2662,0.119268141,0.149444249,-70.10453333333335,-69.4463,0.0,1526,-1.7963999999999913,0,1,0
26444323684,702884286,14989130,1698739726,1698739726,2023-10-31,0.119268141,-70.4914,13.7501,-80.0373,3.8855,0.0121,0.0006,0.0001,80830,3,3,0,2023-10-31,0,31,10,1,-68.2662,-70.7685,0.149444249,0.114315429,-69.84203333333336,-67.85334,0.0,1527,1.0645999999999987,0,1,0
26444323714,702884292,14989130,1698742895,1698742895,2023-10-31,0.149444249,-68.2662,16.1602,-80.2607,3.914,0.0109,0.0003,0.0003,80830,3,10,1,2023-10-31,0,31,10,1,-70.7685,-66.1494,0.114315429,0.176965782,-68.39470000000003,-66.45646,0.0,1528,2.225200000000001,0,1,0
26444323683,702884286,14989130,1698739694,1698739694,2023-10-31,0.1059195,-71.7243,16.9414,-80.2213,3.8817,0.0094,0.0003,0.0,80830,3,3,0,2023-10-31,0,31,10,1,-69.5201,-70.4423,0.131530687,0.117469008,-70.56223333333335,-68.74181999999999,0.0,1529,-3.4581000000000017,0,1,0
26444323690,702884288,14989130,1698740898,1698740898,2023-10-31,0.123077038,-70.2966,8.1552,-80.1628,3.926,0.0081,0.0003,0.0,80830,3,2,0,2023-10-31,0,31,10,1,-67.3851,-69.7596,0.151283747,0.130735577,-69.14710000000002,-69.89774,0.0,1530,1.4277000000000015,0,1,0
26444323689,702884287,14989130,1698740486,1698740486,2023-10-31,0.162873016,-67.1889,15.1437,-80.2613,3.9533,0.0059,0.0003,0.0003,80830,3,4,1,2023-10-31,0,31,10,1,-66.0008,-71.7243,0.174697017,0.1059195,-68.30466666666668,-68.97528,0.0,1531,3.107699999999994,0,1,1
26444323709,702884291,14989130,1698742546,1698742546,2023-10-31,0.183217992,-65.3143,13.1738,-79.9654,3.8875,0.0046,0.0002,0.0003,80830,3,12,1,2023-10-31,0,31,10,1,-71.0531,-67.8968,0.112275674,0.151032126,-68.08806666666669,-68.98278,0.0,1532,1.874600000000001,0,1,1
26444323704,702884291,14989130,1698742356,1698742356,2023-10-31,0.120559446,-68.5888,6.192,-77.9914,3.898,0.0114,0.0006,0.0003,80830,3,12,1,2023-10-31,0,31,10,1,-66.2353,-70.7395,0.17453103,0.118820552,-68.52120000000002,-68.3862,0.0,1533,-3.2745000000000033,0,1,0
26444323688,702884287,14989130,1698740455,1698740455,2023-10-31,0.144486953,-68.5615,30.1317,-80.1408,3.9853,0.0109,0.0003,0.0003,80830,3,4,1,2023-10-31,0,31,10,1,-67.3736,-67.1889,0.156858279,0.162873016,-67.70800000000001,-68.16981999999999,0.0,1534,0.027300000000010982,1,1,0
26444323711,702884291,14989130,1698742610,1698742610,2023-10-31,0.10130712,-72.0882,20.3365,-80.2145,3.8735,0.0016,0.0004,0.0006,80830,3,12,1,2023-10-31,0,31,10,1,-68.5615,-67.3736,0.144486953,0.156858279,-69.34110000000003,-68.24260000000001,0.0,1535,-3.5267000000000053,1,1,0
26444323712,702884292,14989130,1698742832,1698742832,2023-10-31,0.151032126,-67.8968,18.4565,-79.9757,3.882,0.005,0.0003,0.0,80830,3,10,1,2023-10-31,0,31,10,1,-72.0882,-68.5615,0.10130712,0.144486953,-69.51550000000002,-68.6218,0.0,1536,4.191400000000002,0,1,0
26444323710,702884291,14989130,1698742578,1698742578,2023-10-31,0.112275674,-71.0531,15.9751,-80.0396,3.8845,0.006,0.0002,8.94e-06,80830,3,12,1,2023-10-31,0,31,10,1,-67.8968,-72.0882,0.151032126,0.10130712,-70.34603333333337,-69.39464000000001,0.0,1537,-3.1563000000000017,0,1,0
26444323706,702884291,14989130,1698742420,1698742420,2023-10-31,0.118820552,-70.7395,15.3712,-80.2782,3.903,0.0079,0.0002,8.94e-06,80830,3,12,1,2023-10-31,0,31,10,1,-65.3143,-71.0531,0.183217992,0.112275674,-69.03563333333337,-69.41838,0.0,1538,0.3135999999999939,0,1,0
26444323707,702884291,14989130,1698742451,1698742451,2023-10-31,0.17453103,-66.2353,13.4343,-80.2396,3.8798,0.0073,0.0003,0.0003,80830,3,12,1,2023-10-31,0,31,10,1,-70.7395,-65.3143,0.118820552,0.183217992,-67.42970000000003,-68.2478,0.0,1539,4.5042000000000115,0,1,1
26444323708,702884291,14989130,1698742515,1698742515,2023-10-31,0.156858279,-67.3736,16.3263,-79.9078,3.8777,0.0072,0.0003,0.0003,80830,3,12,1,2023-10-31,0,31,10,1,-67.1889,-66.0008,0.162873016,0.174697017,-66.85443333333336,-68.36154,0.0,1540,-1.138300000000001,0,1,0
26444323703,702884291,14989130,1698742325,1698742325,2023-10-31,0.162584639,-67.254,17.3477,-80.3114,3.9003,0.0034,0.0002,8.94e-06,80830,3,12,1,2023-10-31,0,31,10,1,-68.5888,-66.2353,0.120559446,0.17453103,-67.35936666666669,-67.62638000000001,0.0,1541,0.11959999999999127,0,1,1
26444323702,702884291,14989130,1698742293,1698742293,2023-10-31,0.160971859,-67.1147,19.7612,-79.991,4.173,0.0307,0.0003,8.94e-06,80830,3,12,1,2023-10-31,0,31,10,1,-67.254,-68.5888,0.162584639,0.120559446,-67.65250000000002,-67.98646,0.0,1542,0.13930000000000575,1,1,1
26444323701,702884291,14989130,1698742261,1698742261,2023-10-31,0.136827323,-69.1479,43.825,-80.109,4.2155,0.0115,0.0003,0.0003,80830,3,12,1,2023-10-31,0,31,10,1,-67.1147,-67.254,0.160971859,0.162584639,-67.8388666666667,-67.66814000000001,0.0,1543,-2.033200000000008,1,1,0
26444323700,702884291,14989130,1698742229,1698742229,2023-10-31,0.186348335,-65.0687,4.8044,-79.9712,4.2168,0.0089,0.0003,0.0,80830,3,12,1,2023-10-31,0,31,10,1,-69.1479,-67.1147,0.136827323,0.160971859,-67.11043333333335,-67.43482000000002,0.0,1544,4.0792,0,1,1
26444323705,702884291,14989130,1698742388,1698742388,2023-10-31,0.157729382,-67.6393,7.878,-80.3059,3.903,0.0053,0.0004,0.0004,80830,3,12,1,2023-10-31,0,31,10,1,-65.0687,-69.1479,0.186348335,0.136827323,-67.28530000000003,-67.24492000000001,0.0,1545,-2.570599999999999,0,1,1
26444323698,702884290,14989130,1698742103,1698742103,2023-10-31,0.184771732,-65.3381,11.6401,-80.147,3.8662,0.005,0.0003,0.0003,80830,3,5,1,2023-10-31,0,31,10,1,-69.9396,-67.6393,0.130002762,0.157729382,-67.63900000000002,-67.42672,0.0,1546,2.3012000000000086,0,1,1
26444323697,702884290,14989130,1698742071,1698742071,2023-10-31,0.174697017,-66.0008,15.4273,-79.9716,3.9425,0.0048,0.0002,8.94e-06,80830,3,5,1,2023-10-31,0,31,10,1,-71.7243,-69.5201,0.1059195,0.131530687,-69.08173333333336,-69.14104,0.0,1547,-0.662700000000001,0,1,1
26444323726,702884294,14989130,1698744290,1698744290,2023-10-31,0.13256636,-69.1257,13.734,-79.6899,3.8868,0.005,0.0003,0.0003,80830,3,2,0,2023-10-31,0,31,10,1,-70.9013,-69.7638,0.120377102,0.121533103,-69.9302666666667,-69.80377999999999,0.0,1548,-3.1248999999999967,1,1,0
26444323687,702884287,14989130,1698740423,1698740423,2023-10-31,0.151283747,-67.3851,14.0631,-79.3965,4.0245,0.0248,0.0002,0.0001,80830,3,4,1,2023-10-31,0,31,10,1,-69.7596,-71.556,0.130735577,0.109854964,-69.56690000000002,-69.49166,0.0,1549,1.7406000000000006,0,1,0
26444323723,702884293,14989130,1698743339,1698743339,2023-10-31,0.126432305,-69.9864,28.1287,-80.1156,3.8848,0.0039,0.0006,0.0004,80830,3,3,0,2023-10-31,0,31,10,1,-66.9461,-62.6354,0.141405151,0.216164908,-66.52263333333336,-65.07862,0.0,1550,-2.601300000000009,1,1,0
26444323691,702884288,14989130,1698740930,1698740930,2023-10-31,0.131414363,-69.4819,21.7829,-79.9943,3.923,0.0037,0.0003,0.0003,80830,3,2,0,2023-10-31,0,31,10,1,-70.2697,-65.3381,0.127729194,0.184771732,-68.36323333333335,-68.53371999999999,0.0,1551,0.5045000000000073,1,1,0
26444323718,702884292,14989130,1698743022,1698743022,2023-10-31,0.187500234,-65.1481,18.3189,-80.1823,3.893,0.0025,0.0005,0.0003,80830,3,10,1,2023-10-31,0,31,10,1,-67.5142,-68.4882,0.155948002,0.145469836,-67.0501666666667,-68.2355,86400.0,1552,4.3337999999999965,0,1,1
26444323731,702884296,14989130,1698747174,1698747174,2023-10-31,0.13252339,-67.3966,38.1747,-77.6927,3.8855,0.0016,0.0003,0.0001,80830,3,7,1,2023-10-31,0,31,10,1,-58.4286,-63.2664,0.26979493,0.211760353,-63.03053333333336,-63.95068,0.0,1553,-2.248500000000007,1,1,0
26444323719,702884292,14989130,1698743054,1698743054,2023-10-31,0.26979493,-58.4286,33.9844,-80.0167,3.926,0.0028,0.0003,8.94e-06,80830,3,10,1,2023-10-31,0,31,10,1,-63.2664,-65.5137,0.211760353,0.180964085,-62.402900000000024,-63.97420000000001,0.0,1554,8.968000000000004,1,0,1
26444323720,702884292,14989130,1698743085,1698743085,2023-10-31,0.211760353,-63.2664,8.2361,-80.2629,3.8968,0.0016,0.0002,8.94e-06,80830,3,10,1,2023-10-31,0,31,10,1,-65.5137,-65.1481,0.180964085,0.187500234,-64.64273333333335,-65.98612,0.0,1555,-4.837799999999994,0,1,1
26444323722,702884293,14989130,1698743307,1698743307,2023-10-31,0.180964085,-65.5137,48.3345,-79.9888,3.8855,0.0045,0.0003,0.0,80830,3,3,0,2023-10-31,0,31,10,1,-65.1481,-67.5142,0.187500234,0.155948002,-66.05866666666668,-67.15798,0.0,1556,-2.2473000000000027,1,1,1
26444323724,702884293,14989130,1698743371,1698743371,2023-10-31,0.155948002,-67.5142,5.9424,-79.9882,3.889,0.0045,0.0002,0.0003,80830,3,3,0,2023-10-31,0,31,10,1,-68.4882,-69.1257,0.145469836,0.13256636,-68.37603333333335,-69.15864,0.0,1557,-2.0005000000000024,0,1,0
26444323715,702884292,14989130,1698742927,1698742927,2023-10-31,0.142858035,-68.6611,22.1444,-80.1047,3.901,0.0042,0.0003,0.0003,80830,3,10,1,2023-10-31,0,31,10,1,-68.253,-69.4819,0.131252164,0.131414363,-68.79866666666669,-68.40076,0.0,1558,-1.1469000000000023,0,1,0
26444323747,702884300,14989130,1698748505,1698748505,2023-10-31,0.111192365,-68.5492,22.1832,-77.1249,3.9493,0.0036,0.0005,0.0003,80830,3,2,0,2023-10-31,0,31,10,1,-67.6315,-67.6349,0.125168159,0.130647873,-67.93853333333335,-67.55962000000001,0.0,1559,0.11190000000000566,0,1,0
26444323727,702884295,14989130,1698746667,1698746667,2023-10-31,0.120377102,-70.9013,37.9075,-80.6042,4.072,0.0465,0.0004,0.0,80830,3,3,0,2023-10-31,0,31,10,1,-69.7638,-69.4431,0.121533103,0.129178977,-70.03606666666668,-69.71086,0.0,1560,-2.352100000000007,1,1,0
26444323728,702884295,14989130,1698746730,1698746730,2023-10-31,0.121533103,-69.7638,43.8919,-79.4154,4.2678,0.005,0.0002,0.0002,80830,3,3,0,2023-10-31,0,31,10,1,-69.4431,-69.785,0.129178977,0.111427738,-69.6639666666667,-69.1812,0.0,1561,1.1375000000000028,1,1,0
26444323729,702884295,14989130,1698746762,1698746762,2023-10-31,0.129178977,-69.4431,9.2617,-79.7444,4.2555,0.0115,0.0002,0.0003,80830,3,3,0,2023-10-31,0,31,10,1,-69.785,-68.6611,0.111427738,0.142858035,-69.29640000000002,-69.12482,0.0,1562,0.3207000000000022,0,1,0
26444323730,702884296,14989130,1698747142,1698747142,2023-10-31,0.111427738,-69.785,11.6277,-78.5361,3.886,0.0129,0.0002,0.0,80830,3,7,1,2023-10-31,0,31,10,1,-68.6611,-68.253,0.142858035,0.131252164,-68.89970000000002,-69.29014,0.0,1563,-0.34189999999999543,0,1,0
26444323717,702884292,14989130,1698742990,1698742990,2023-10-31,0.216164908,-62.6354,3.5678,-79.9089,3.9248,0.0028,0.0003,0.0003,80830,3,10,1,2023-10-31,0,31,10,1,-67.3966,-58.4286,0.13252339,0.26979493,-62.82020000000003,-63.44814,0.0,1564,7.1495999999999995,0,1,1
26444323732,702884296,14989130,1698747206,1698747206,2023-10-31,0.141405151,-66.9461,14.7663,-77.9717,3.9125,0.0105,0.0003,0.0001,80830,3,7,1,2023-10-31,0,31,10,1,-62.6354,-67.3966,0.216164908,0.13252339,-65.6593666666667,-63.73461999999999,0.0,1565,-4.310700000000004,0,1,0
26444323725,702884294,14989130,1698744226,1698744226,2023-10-31,0.145469836,-68.4882,17.9634,-80.1472,3.9015,0.0041,0.0003,0.0,80830,3,2,0,2023-10-31,0,31,10,1,-69.1257,-70.9013,0.13256636,0.120377102,-69.50506666666669,-69.54442,0.0,1566,-1.542100000000005,1,1,0
26444323737,702884297,14989130,1698747491,1698747491,2023-10-31,0.146974153,-66.0184,9.1491,-77.3932,3.9918,0.0074,0.0003,0.0,80830,3,4,1,2023-10-31,0,31,10,1,-64.8474,-63.5063,0.166000255,0.182224746,-64.79070000000002,-64.11666,0.0,1567,2.4698000000000064,0,1,0
26444323741,702884298,14989130,1698747681,1698747681,2023-10-31,0.13811129,-66.2976,20.0345,-76.9213,4.1227,0.0481,0.0003,0.0,80830,3,2,0,2023-10-31,0,31,10,1,-69.9864,-66.9461,0.126432305,0.141405151,-67.7433666666667,-66.65241999999999,0.0,1568,-0.279200000000003,1,1,0
26444323734,702884296,14989130,1698747301,1698747301,2023-10-31,0.137184597,-66.6323,30.5914,-77.2266,4.1673,0.0341,0.0003,0.0001,80830,3,7,1,2023-10-31,0,31,10,1,-66.2976,-69.9864,0.13811129,0.126432305,-67.6387666666667,-66.49956,0.0,1569,-0.334699999999998,1,1,0
26444323735,702884296,14989130,1698747364,1698747364,2023-10-31,0.261186101,-56.9511,7.4735,-77.0845,4.1978,0.0078,0.0003,0.0006,80830,3,7,1,2023-10-31,0,31,10,1,-66.6323,-66.2976,0.137184597,0.13811129,-63.293666666666695,-65.36269999999999,0.0,1570,9.681200000000004,0,0,1
26444323736,702884296,14989130,1698747396,1698747396,2023-10-31,0.219559855,-61.2267,8.1667,-78.4515,3.9905,0.0049,0.0003,8.94e-06,80830,3,7,1,2023-10-31,0,31,10,1,-56.9511,-66.6323,0.261186101,0.137184597,-61.603366666666695,-64.21882000000001,0.0,1571,-4.275600000000004,0,1,1
26444323716,702884292,14989130,1698742958,1698742958,2023-10-31,0.159564942,-67.4808,32.2686,-80.2927,3.8815,0.0064,0.0002,8.94e-06,80830,3,10,1,2023-10-31,0,31,10,1,-61.2267,-56.9511,0.219559855,0.261186101,-61.88620000000003,-63.7177,0.0,1572,-6.254100000000001,1,1,1
26444323739,702884297,14989130,1698747554,1698747554,2023-10-31,0.182224746,-63.5063,16.2193,-77.6574,4.2085,0.0055,0.0003,0.0003,80830,3,4,1,2023-10-31,0,31,10,1,-58.7304,-67.4808,0.238841253,0.159564942,-63.2391666666667,-61.579060000000005,0.0,1573,3.974499999999999,0,1,1
26444323740,702884297,14989130,1698747586,1698747586,2023-10-31,0.166000255,-64.8474,52.4164,-77.7547,4.2082,0.006,0.0004,0.0004,80830,3,4,1,2023-10-31,0,31,10,1,-63.5063,-58.7304,0.182224746,0.238841253,-62.36136666666669,-63.15832,0.0,1574,-1.3410999999999902,1,1,1
26444323738,702884297,14989130,1698747523,1698747523,2023-10-31,0.238841253,-58.7304,7.5974,-77.1592,4.042,0.0092,0.0002,8.94e-06,80830,3,4,1,2023-10-31,0,31,10,1,-67.4808,-61.2267,0.159564942,0.219559855,-62.47930000000002,-62.20426,0.0,1575,6.11699999999999,0,0,1
26444323742,702884298,14989130,1698747713,1698747713,2023-10-31,0.145770824,-66.5348,14.6046,-77.8887,4.0992,0.0553,0.0005,0.0003,80830,3,2,0,2023-10-31,0,31,10,1,-66.0184,-64.8474,0.146974153,0.166000255,-65.80020000000002,-63.927459999999996,0.0,1576,-7.804400000000001,0,1,0
26444323743,702884299,14989130,1698747903,1698747903,2023-10-31,0.151007512,-65.4833,6.2806,-77.1306,4.2713,0.0057,0.0002,0.0,80830,3,3,0,2023-10-31,0,31,10,1,-66.5348,-66.0184,0.145770824,0.146974153,-66.01216666666669,-65.27804,0.0,1577,1.0515000000000043,0,1,0
26444323744,702884299,14989130,1698747966,1698747966,2023-10-31,0.119429847,-68.4992,11.162,-77.7896,4.2395,0.0357,0.0003,0.0005,80830,3,3,0,2023-10-31,0,31,10,1,-65.4833,-66.5348,0.151007512,0.145770824,-66.83910000000003,-66.27662000000001,0.0,1578,-3.015900000000002,0,1,0
26444323745,702884299,14989130,1698747998,1698747998,2023-10-31,0.130647873,-67.6349,41.3256,-77.7992,4.271,0.0076,0.0003,8.94e-06,80830,3,3,0,2023-10-31,0,31,10,1,-68.4992,-65.4833,0.119429847,0.151007512,-67.20580000000002,-66.83412000000001,0.0,1579,0.8643000000000001,1,1,0
26444323746,702884300,14989130,1698748474,1698748474,2023-10-31,0.125168159,-67.6315,21.5473,-77.308,4.1502,0.0315,0.0002,0.0,80830,3,2,0,2023-10-31,0,31,10,1,-67.6349,-68.4992,0.130647873,0.119429847,-67.92186666666669,-67.15674,0.0,1580,0.0033999999999991815,1,1,0
26444323733,702884296,14989130,1698747269,1698747269,2023-10-31,0.131252164,-68.253,26.7582,-78.5648,4.019,0.0153,0.0004,0.0006,80830,3,7,1,2023-10-31,0,31,10,1,-69.4819,-70.2697,0.131414363,0.127729194,-69.33486666666668,-68.65646,0.0,1581,-0.6214999999999975,1,1,0
26444323761,702884302,14989130,1698903245,1698903245,2023-11-01,0.10616775,-70.4675,31.1323,-78.8375,3.892,0.0137,0.0003,0.0001,80830,3,2,0,2023-11-01,0,1,11,2,-68.5492,-67.6315,0.111192365,0.125168159,-68.88273333333335,-68.55645999999999,0.0,1582,-2.214500000000001,1,1,0
26444323762,702884303,14989130,1698904227,1698904227,2023-11-01,0.112343165,-71.2784,16.6264,-80.2995,3.8763,0.0183,0.0004,0.0,80830,3,4,1,2023-11-01,0,1,11,2,-70.4675,-68.5492,0.10616775,0.111192365,-70.09836666666669,-69.1123,0.0,1583,-0.8109000000000037,0,1,0
26444323763,702884303,14989130,1698904259,1698904259,2023-11-01,0.121256239,-70.6191,17.5687,-80.3637,3.8893,0.0165,0.0004,0.0004,80830,3,4,1,2023-11-01,0,1,11,2,-71.2784,-70.4675,0.112343165,0.10616775,-70.78833333333336,-69.70914,0.0,1584,0.6593000000000018,0,1,0
26444323760,702884302,14989130,1698903213,1698903213,2023-11-01,0.111113799,-69.8021,14.7802,-78.5276,3.9285,0.0139,0.0002,0.0,80830,3,2,0,2023-11-01,0,1,11,2,-70.6191,-71.2784,0.121256239,0.112343165,-70.56653333333335,-70.14326,0.0,1585,0.8170000000000073,0,1,0
26444323766,702884304,14989130,1698904512,1698904512,2023-11-01,0.108096695,-69.0681,21.5336,-77.439,4.045,0.0298,0.0003,0.0,80830,3,2,0,2023-11-01,0,1,11,2,-69.8021,-70.6191,0.111113799,0.121256239,-69.82976666666669,-70.24704,0.0,1586,0.7339999999999947,0,1,0
26444323764,702884303,14989130,1698904291,1698904291,2023-11-01,0.107499541,-70.4464,28.1884,-78.9315,3.8925,0.0167,0.0002,8.94e-06,80830,3,4,1,2023-11-01,0,1,11,2,-69.0681,-69.8021,0.108096695,0.111113799,-69.77220000000001,-70.24282,86400.0,1587,-1.3782999999999959,1,1,0
26444323765,702884303,14989130,1698904322,1698904322,2023-11-01,0.124840946,-69.5348,24.5236,-79.4539,3.8935,0.0066,0.0006,0.0003,80830,3,4,1,2023-11-01,0,1,11,2,-70.4464,-69.0681,0.107499541,0.108096695,-69.68310000000002,-69.89410000000001,0.0,1588,0.9115999999999929,1,1,0
26444323767,702884304,14989130,1698904544,1698904544,2023-11-01,0.103000992,-70.1072,18.0937,-78.1575,3.9322,0.0055,0.0003,0.0001,80830,3,2,0,2023-11-01,0,1,11,2,-69.5348,-70.4464,0.124840946,0.107499541,-70.02946666666668,-69.79172,0.0,1589,-0.5724000000000018,0,1,0
26444323823,702884318,14989130,1698917603,1698917603,2023-11-02,0.187071856,-62.1951,33.6224,-76.5075,3.883,0.0075,0.0002,0.0001,80830,3,8,1,2023-11-02,0,2,11,3,-65.8785,-64.7646,0.141332711,0.155512381,-64.27940000000002,-63.84724,0.0,1590,7.9121000000000095,1,1,1
26444323838,702884319,14989130,1698918395,1698918395,2023-11-02,0.239666187,-58.2824,16.8935,-76.6537,3.9617,0.0042,0.0003,0.0003,80830,3,11,1,2023-11-02,0,2,11,3,-70.1072,-69.5348,0.103000992,0.124840946,-65.97480000000003,-67.48778,0.0,1591,3.912699999999994,0,0,1
26444323837,702884319,14989130,1698918364,1698918364,2023-11-02,0.219038167,-60.0373,4.1039,-76.8761,3.9217,0.0067,0.0002,8.94e-06,80830,3,11,1,2023-11-02,0,2,11,3,-58.2824,-70.1072,0.239666187,0.103000992,-62.80896666666669,-65.68162,0.0,1592,-1.7548999999999992,0,1,1
26444323836,702884319,14989130,1698918332,1698918332,2023-11-02,0.176930664,-63.0039,7.0708,-76.5475,3.88,0.0039,0.0003,0.0003,80830,3,11,1,2023-11-02,0,2,11,3,-60.0373,-58.2824,0.219038167,0.239666187,-60.441200000000016,-64.19312,0.0,1593,-2.9665999999999997,0,1,1
26444323774,702884307,14989130,1698906224,1698906224,2023-11-02,0.164006235,-66.1302,15.8346,-79.1037,3.879,0.0053,0.0002,8.94e-06,80830,3,5,1,2023-11-02,0,2,11,3,-66.2237,-62.5512,0.135546604,0.184180048,-64.96836666666668,-64.11166,0.0,1594,-3.1263000000000005,0,1,1
26444323834,702884319,14989130,1698918237,1698918237,2023-11-02,0.200974415,-61.1396,8.1297,-76.5177,3.876,0.0028,0.0003,8.94e-06,80830,3,11,1,2023-11-02,0,2,11,3,-67.1513,-63.0039,0.124369695,0.176930664,-63.76493333333335,-61.922900000000006,0.0,1595,4.990600000000001,0,1,1
26444323833,702884319,14989130,1698918205,1698918205,2023-11-02,0.144118141,-65.7402,43.1591,-76.8099,3.8915,0.0046,0.0003,0.0003,80830,3,11,1,2023-11-02,0,2,11,3,-61.1396,-67.1513,0.200974415,0.124369695,-64.67703333333337,-63.41446,0.0,1596,-4.6006,1,1,0
26444323832,702884319,14989130,1698918173,1698918173,2023-11-02,0.184980159,-62.3958,11.5166,-76.5574,3.902,0.0061,0.0002,8.94e-06,80830,3,11,1,2023-11-02,0,2,11,3,-65.7402,-61.1396,0.144118141,0.200974415,-63.09186666666668,-63.88616,0.0,1597,3.3444000000000003,0,1,1
26444323830,702884319,14989130,1698918110,1698918110,2023-11-02,0.218641301,-59.9324,9.8163,-76.7028,3.879,0.002,0.0006,0.0,80830,3,11,1,2023-11-02,0,2,11,3,-62.1951,-65.8785,0.187071856,0.141332711,-62.66866666666669,-63.60444,0.0,1598,2.4634,0,0,1
26444323839,702884319,14989130,1698918427,1698918427,2023-11-02,0.130174844,-67.0563,45.8902,-77.0917,4.0213,0.0141,0.0003,8.94e-06,80830,3,11,1,2023-11-02,0,2,11,3,-58.3067,-62.3958,0.238948068,0.184980159,-62.58626666666669,-62.92772,0.0,1599,-7.123899999999992,1,1,0
26444323829,702884318,14989130,1698917825,1698917825,2023-11-02,0.178649873,-62.8231,6.6597,-76.4876,3.8737,0.0046,0.0006,0.0003,80830,3,8,1,2023-11-02,0,2,11,3,-67.0563,-58.3067,0.130174844,0.238948068,-62.72870000000001,-63.264419999999994,0.0,1600,4.2331999999999965,0,1,1
26444323828,702884318,14989130,1698917793,1698917793,2023-11-02,0.167365751,-64.0976,12.9359,-76.9817,3.8792,0.0,0.0002,0.0001,80830,3,8,1,2023-11-02,0,2,11,3,-62.8231,-67.0563,0.178649873,0.130174844,-64.659,-62.93589999999999,0.0,1601,-1.2745000000000033,0,1,1
26444323822,702884318,14989130,1698917571,1698917571,2023-11-02,0.152678359,-65.2347,76.8029,-76.9893,3.8632,0.0296,0.0004,0.0,80830,3,8,1,2023-11-02,0,2,11,3,-68.185,-69.1242,0.111504637,0.097486904,-67.51463333333335,-64.93428,0.0,1602,-1.1371000000000038,1,1,0
26444323827,702884318,14989130,1698917761,1698917761,2023-11-02,0.20347755,-61.1464,58.905,-76.7667,3.8692,0.0098,0.0003,8.94e-06,80830,3,8,1,2023-11-02,0,2,11,3,-64.0976,-62.8231,0.167365751,0.178649873,-62.68903333333335,-62.68602,0.0,1603,4.088300000000004,1,1,1
26444323813,702884317,14989130,1698916969,1698916969,2023-11-02,0.144278346,-65.2516,48.4534,-76.2533,4.0393,0.0287,0.0003,0.0,80830,3,9,1,2023-11-02,0,2,11,3,-61.1464,-64.0976,0.20347755,0.167365751,-63.49853333333335,-64.075,0.0,1604,-4.105199999999996,1,1,0
26444323826,702884318,14989130,1698917730,1698917730,2023-11-02,0.155512381,-64.7646,16.312,-76.691,3.894,0.0023,0.0003,0.0003,80830,3,8,1,2023-11-02,0,2,11,3,-65.2516,-61.1464,0.144278346,0.20347755,-63.72086666666669,-63.61666,0.0,1605,0.48699999999999477,0,1,0
26444323831,702884319,14989130,1698918142,1698918142,2023-11-02,0.238948068,-58.3067,12.8157,-76.6133,3.876,0.0011,0.0003,0.0001,80830,3,11,1,2023-11-02,0,2,11,3,-62.3958,-65.7402,0.184980159,0.144118141,-62.147566666666684,-62.946720000000006,0.0,1606,6.457900000000002,0,0,1
26444323817,702884317,14989130,1698917159,1698917159,2023-11-02,0.111504637,-68.185,20.6849,-76.7421,3.9297,0.0067,0.0004,0.0003,80830,3,9,1,2023-11-02,0,2,11,3,-69.1242,-59.9324,0.097486904,0.218641301,-65.74720000000002,-65.06304,0.0,1607,-9.878300000000003,0,1,0
26444323842,702884320,14989130,1698926636,1698926636,2023-11-02,0.097486904,-69.1242,18.0179,-76.5908,3.9093,0.018,0.0003,0.0003,80830,3,2,0,2023-11-02,0,2,11,3,-59.9324,-62.1951,0.218641301,0.187071856,-63.750566666666685,-64.37896,0.0,1608,-0.9391999999999996,0,1,0
26444323825,702884318,14989130,1698917698,1698917698,2023-11-02,0.141332711,-65.8785,8.4026,-76.7218,3.9137,0.011,0.0003,0.0001,80830,3,8,1,2023-11-02,0,2,11,3,-64.7646,-65.2516,0.155512381,0.144278346,-65.29823333333336,-64.22774,0.0,1609,3.2456999999999994,0,1,0
26444323841,702884320,14989130,1698926573,1698926573,2023-11-02,0.114755149,-67.6829,5.3765,-76.4567,3.9093,0.0023,0.0004,0.0,80830,3,2,0,2023-11-02,0,2,11,3,-62.6207,-63.8018,0.187377368,0.169398808,-64.70180000000002,-65.80854,0.0,1610,-1.8044000000000011,0,1,0
26444323812,702884316,14989130,1698915955,1698915955,2023-11-02,0.158168743,-64.5347,11.6926,-76.6599,3.9395,0.0076,0.0005,0.0006,80830,3,11,1,2023-11-02,0,2,11,3,-65.2347,-68.185,0.152678359,0.111504637,-65.98480000000002,-65.4022,0.0,1611,3.1482000000000028,0,1,1
26444323811,702884316,14989130,1698915891,1698915891,2023-11-02,0.112023832,-68.3184,22.5217,-76.9372,3.9653,0.0057,0.0003,0.0003,80830,3,11,1,2023-11-02,0,2,11,3,-64.5347,-65.2347,0.158168743,0.152678359,-66.02926666666669,-67.0794,0.0,1612,-3.783699999999996,1,1,0
26444323810,702884316,14989130,1698915860,1698915860,2023-11-02,0.102695707,-68.4968,24.6718,-76.3362,3.9805,0.007,0.0009,0.0002,80830,3,11,1,2023-11-02,0,2,11,3,-68.3184,-64.5347,0.112023832,0.158168743,-67.11663333333335,-66.95392,0.0,1613,-0.17839999999999634,1,1,0
26444323809,702884316,14989130,1698915828,1698915828,2023-11-02,0.135987339,-66.4405,28.5079,-76.8976,3.9468,0.01,0.0002,8.94e-06,80830,3,11,1,2023-11-02,0,2,11,3,-68.4968,-68.3184,0.102695707,0.112023832,-67.75190000000002,-66.60502,0.0,1614,2.056299999999993,1,1,0
26444323808,702884316,14989130,1698915796,1698915796,2023-11-02,0.169398808,-63.8018,17.7453,-76.814,3.9485,0.0091,0.0004,8.94e-06,80830,3,11,1,2023-11-02,0,2,11,3,-66.4405,-68.4968,0.135987339,0.102695707,-66.24636666666669,-66.31844,0.0,1615,2.6387,0,1,1
26444323835,702884319,14989130,1698918300,1698918300,2023-11-02,0.124369695,-67.1513,19.0347,-76.6891,3.8808,0.0079,0.0006,0.0004,80830,3,11,1,2023-11-02,0,2,11,3,-63.0039,-60.0373,0.176930664,0.219038167,-63.39750000000003,-63.71641999999999,0.0,1616,-3.349500000000006,0,1,0
26444323802,702884316,14989130,1698915543,1698915543,2023-11-02,0.187377368,-62.6207,50.4896,-77.06,3.9588,0.0076,0.0004,0.0,80830,3,11,1,2023-11-02,0,2,11,3,-63.8018,-66.4405,0.169398808,0.135987339,-64.28766666666668,-65.93564,0.0,1617,4.530600000000007,1,1,1
26444323807,702884316,14989130,1698915764,1698915764,2023-11-02,0.103966586,-68.3695,20.5507,-76.3024,3.9308,0.0121,0.0003,0.0003,80830,3,11,1,2023-11-02,0,2,11,3,-67.6829,-62.6207,0.114755149,0.187377368,-66.2243666666667,-65.78308000000001,0.0,1618,-5.748800000000003,0,1,0
26444323805,702884316,14989130,1698915669,1698915669,2023-11-02,0.162869485,-64.3195,20.5434,-76.8333,3.9328,0.0023,0.0003,0.0003,80830,3,11,1,2023-11-02,0,2,11,3,-68.3695,-67.6829,0.103966586,0.114755149,-66.79063333333336,-65.35888000000001,0.0,1619,4.049999999999997,0,1,1
26444323804,702884316,14989130,1698915638,1698915638,2023-11-02,0.154249277,-64.699,17.9004,-76.4989,3.9472,0.018,0.0005,8.94e-06,80830,3,11,1,2023-11-02,0,2,11,3,-64.3195,-68.3695,0.162869485,0.103966586,-65.79600000000002,-65.53832,0.0,1620,-0.37949999999999307,0,1,0
26444323803,702884316,14989130,1698915606,1698915606,2023-11-02,0.182775034,-62.8911,9.2456,-76.9569,3.974,0.0057,0.0003,0.0004,80830,3,11,1,2023-11-02,0,2,11,3,-64.699,-64.3195,0.154249277,0.162869485,-63.96986666666669,-65.59240000000001,0.0,1621,1.8078999999999965,0,1,1
26444323814,702884317,14989130,1698917001,1698917001,2023-11-02,0.129851067,-66.5114,16.6301,-76.4368,4.044,0.0436,0.0003,0.0001,80830,3,9,1,2023-11-02,0,2,11,3,-63.8001,-62.8911,0.15998894,0.182775034,-64.40086666666669,-64.44422,0.0,1622,-3.620299999999993,0,1,0
26444323824,702884318,14989130,1698917666,1698917666,2023-11-02,0.169994614,-63.6439,10.2208,-76.6789,3.8995,0.0086,0.0004,0.0006,80830,3,8,1,2023-11-02,0,2,11,3,-66.5114,-63.8001,0.129851067,0.15998894,-64.65180000000002,-64.30909999999999,0.0,1623,2.8674999999999926,0,1,1
26444323806,702884316,14989130,1698915733,1698915733,2023-11-02,0.184180048,-62.5512,4.817,-76.6728,3.9602,0.0054,0.0003,0.0003,80830,3,11,1,2023-11-02,0,2,11,3,-62.0093,-63.6439,0.190406185,0.169994614,-62.73480000000003,-63.703179999999996,0.0,1624,1.0927000000000007,0,1,1
26444323816,702884317,14989130,1698917096,1698917096,2023-11-02,0.190406185,-62.0093,8.9208,-76.5931,4.0243,0.0191,0.0004,0.0004,80830,3,9,1,2023-11-02,0,2,11,3,-63.6439,-66.5114,0.169994614,0.129851067,-64.05486666666668,-63.77116000000001,0.0,1625,0.5418999999999983,0,1,1
26444323821,702884317,14989130,1698917286,1698917286,2023-11-02,0.135546604,-66.2237,13.8183,-76.6076,3.8795,0.0062,0.0003,0.0003,80830,3,9,1,2023-11-02,0,2,11,3,-62.5512,-62.0093,0.184180048,0.190406185,-63.59473333333335,-64.18789999999998,0.0,1626,-4.214399999999991,1,1,0
26444323780,702884309,14989130,1698907048,1698907048,2023-11-02,0.123100343,-68.0874,21.4176,-77.6456,4.1523,0.063,0.0006,0.0,80830,3,2,0,2023-11-02,0,2,11,3,-66.1033,-57.3175,0.145179103,0.255503758,-63.8360666666667,-64.13488,0.0,1627,-1.8637000000000086,1,1,0
26444323819,702884317,14989130,1698917222,1698917222,2023-11-02,0.11335641,-67.956,11.5852,-76.6441,3.867,0.0101,0.0006,0.0003,80830,3,9,1,2023-11-02,0,2,11,3,-66.1302,-66.2237,0.164006235,0.135546604,-66.76996666666669,-64.97407999999999,0.0,1628,0.1313999999999993,0,1,0
26444323784,702884311,14989130,1698911454,1698911454,2023-11-02,0.108369863,-68.2007,20.0186,-76.4899,4.0095,0.0344,0.0002,0.0,80830,3,2,0,2023-11-02,0,2,11,3,-63.9382,-65.4638,0.174717293,0.152211103,-65.86756666666669,-66.33778,0.0,1629,-0.2446999999999946,1,1,0
26444323796,702884314,14989130,1698914370,1698914370,2023-11-02,0.243935595,-57.8979,12.4583,-76.578,3.8995,0.002,0.0003,0.0,80830,3,4,1,2023-11-02,0,2,11,3,-68.2007,-63.9382,0.108369863,0.174717293,-63.34560000000002,-64.69132,0.0,1630,10.302799999999998,0,0,1
26444323769,702884305,14989130,1698905432,1698905432,2023-11-02,0.167993765,-65.0133,38.6571,-78.1404,3.8897,0.0061,0.0002,0.0003,80830,3,3,0,2023-11-02,0,2,11,3,-67.8321,-59.9988,0.148744805,0.233363659,-64.28140000000002,-64.96144000000001,0.0,1631,-7.115400000000001,1,1,1
26444323795,702884313,14989130,1698913704,1698913704,2023-11-02,0.122978934,-67.4017,26.1534,-76.853,3.92,0.0066,0.0003,8.94e-06,80830,3,6,1,2023-11-02,0,2,11,3,-57.8979,-68.2007,0.243935595,0.108369863,-64.50010000000002,-64.58046,0.0,1632,-2.3884000000000043,1,1,0
26444323794,702884313,14989130,1698913673,1698913673,2023-11-02,0.164281419,-64.4914,9.1158,-77.1688,3.9165,0.0057,0.0003,0.0003,80830,3,6,1,2023-11-02,0,2,11,3,-67.4017,-57.8979,0.122978934,0.243935595,-63.26366666666669,-64.38597999999999,0.0,1633,2.9103000000000065,0,1,1
26444323800,702884315,14989130,1698915162,1698915162,2023-11-02,0.14892975,-65.1553,14.3569,-76.5569,3.9472,0.0011,0.0002,0.0,80830,3,2,0,2023-11-02,0,2,11,3,-64.4914,-67.4017,0.164281419,0.122978934,-65.68280000000003,-64.6294,0.0,1634,-0.6638999999999982,0,1,0
26444323781,702884309,14989130,1698907112,1698907112,2023-11-02,0.142866103,-66.9659,46.1613,-78.1277,4.1277,0.032,0.0002,0.0003,80830,3,2,0,2023-11-02,0,2,11,3,-63.1741,-62.9671,0.176466217,0.184776881,-64.36903333333335,-65.66274000000001,0.0,1635,-1.810600000000008,1,1,0
26444323797,702884314,14989130,1698914402,1698914402,2023-11-02,0.159949257,-64.8956,7.6005,-77.252,3.8992,0.0063,0.0004,0.0001,80830,3,4,1,2023-11-02,0,2,11,3,-67.6983,-65.1553,0.125291846,0.14892975,-65.91640000000002,-65.92846,0.0,1636,2.070300000000003,0,1,1
26444323790,702884313,14989130,1698913482,1698913482,2023-11-02,0.125715042,-67.4169,25.8453,-77.1109,3.9085,0.0037,0.0004,0.0,80830,3,6,1,2023-11-02,0,2,11,3,-64.8956,-67.6983,0.159949257,0.125291846,-66.67026666666669,-65.9315,0.0,1637,-2.5212999999999965,1,1,0
26444323788,702884312,14989130,1698913229,1698913229,2023-11-02,0.178228489,-63.5351,49.0044,-77.3148,3.8933,0.0044,0.0002,8.94e-06,80830,3,4,1,2023-11-02,0,2,11,3,-67.4169,-64.8956,0.125715042,0.159949257,-65.28253333333335,-65.74024,0.0,1638,3.8817999999999984,1,1,1
26444323820,702884317,14989130,1698917254,1698917254,2023-11-02,0.147066284,-64.8964,12.728,-76.0861,3.8838,0.0077,0.0006,0.0001,80830,3,9,1,2023-11-02,0,2,11,3,-63.5351,-67.4169,0.178228489,0.125715042,-65.28280000000002,-65.68845999999999,0.0,1639,-1.3613,0,1,0
26444323815,702884317,14989130,1698917032,1698917032,2023-11-02,0.15998894,-63.8001,5.3621,-75.9515,4.0118,0.0225,0.0002,0.0001,80830,3,9,1,2023-11-02,0,2,11,3,-62.8911,-64.699,0.182775034,0.154249277,-63.79673333333335,-64.81584000000001,0.0,1640,1.0962999999999994,0,1,1
26444323785,702884311,14989130,1698911486,1698911486,2023-11-02,0.108852124,-68.2687,13.5546,-76.6076,3.9118,0.015,0.0006,0.0003,80830,3,2,0,2023-11-02,0,2,11,3,-66.9379,-64.8964,0.128978697,0.147066284,-66.70100000000002,-66.21099999999998,0.0,1641,-4.468599999999995,0,1,0
26444323789,702884312,14989130,1698913261,1698913261,2023-11-02,0.184776881,-62.9671,12.5076,-77.2391,3.9055,0.0057,0.0003,0.0003,80830,3,4,1,2023-11-02,0,2,11,3,-68.2687,-66.9379,0.108852124,0.128978697,-66.05790000000002,-65.32104000000001,0.0,1642,5.301599999999993,0,1,1
26444323801,702884315,14989130,1698915194,1698915194,2023-11-02,0.176466217,-63.1741,14.2959,-76.711,3.9715,0.0039,0.0004,0.0003,80830,3,2,0,2023-11-02,0,2,11,3,-62.9671,-68.2687,0.184776881,0.108852124,-64.80330000000002,-65.24884,86400.0,1643,-0.20700000000000074,1,1,1
26444323791,702884313,14989130,1698913546,1698913546,2023-11-02,0.174717293,-63.9382,46.8771,-77.4743,3.9065,0.0041,0.0005,0.0003,80830,3,6,1,2023-11-02,0,2,11,3,-65.4638,-67.956,0.152211103,0.11335641,-65.78600000000003,-65.94238,0.0,1644,-0.7640999999999991,1,1,1
26444323792,702884313,14989130,1698913609,1698913609,2023-11-02,0.125291846,-67.6983,26.1031,-77.3953,3.9432,0.011,0.0003,0.0003,80830,3,6,1,2023-11-02,0,2,11,3,-65.1553,-64.4914,0.14892975,0.164281419,-65.78166666666668,-64.52892,0.0,1645,-3.7601000000000013,1,1,0
26444323786,702884312,14989130,1698913134,1698913134,2023-11-02,0.128978697,-66.9379,13.3897,-76.8499,3.906,0.0079,0.0004,0.0,80830,3,4,1,2023-11-02,0,2,11,3,-64.8964,-63.5351,0.147066284,0.178228489,-65.12313333333334,-65.53638000000001,0.0,1646,0.7604000000000042,0,1,0
26444323798,702884314,14989130,1698914433,1698914433,2023-11-02,0.165467841,-64.2871,18.2811,-77.0337,3.891,0.0072,0.0004,0.0003,80830,3,4,1,2023-11-02,0,2,11,3,-68.0081,-64.395,0.130490204,0.163481848,-65.56340000000002,-65.36604,0.0,1647,2.650800000000004,0,1,1
26444323768,702884305,14989130,1698905368,1698905368,2023-11-02,0.130490204,-68.0081,24.2764,-78.2143,3.8828,0.0072,0.0006,0.0,80830,3,3,0,2023-11-02,0,2,11,3,-64.395,-66.9659,0.163481848,0.142866103,-66.45633333333336,-65.10204000000002,0.0,1648,-3.7210000000000036,0,1,0
26444323840,702884319,14989130,1698918459,1698918459,2023-11-02,0.109898655,-68.2252,6.5367,-76.6488,4.0738,0.0291,0.0003,0.0001,80830,3,11,1,2023-11-02,0,2,11,3,-70.8099,-67.0866,0.114939311,0.152355117,-68.70723333333335,-68.8871,0.0,1649,-0.21710000000000207,0,1,0
26444323793,702884313,14989130,1698913641,1698913641,2023-11-02,0.255503758,-57.3175,27.6457,-76.9883,3.9217,0.002,0.0003,0.0001,80830,3,6,1,2023-11-02,0,2,11,3,-64.8791,-64.2871,0.141690502,0.165467841,-62.16123333333335,-63.77736,0.0,1650,10.907699999999998,1,0,1
26444323799,702884314,14989130,1698914465,1698914465,2023-11-02,0.145179103,-66.1033,48.7965,-77.33,3.8862,0.0181,0.0003,0.0001,80830,3,4,1,2023-11-02,0,2,11,3,-57.3175,-64.8791,0.255503758,0.141690502,-62.76663333333337,-64.11902,0.0,1651,-8.785800000000002,1,1,0
26444323779,702884308,14989130,1698906604,1698906604,2023-11-02,0.121702306,-70.2264,12.8977,-79.9574,3.9448,0.0112,0.0002,0.0001,80830,3,2,0,2023-11-02,0,2,11,3,-68.0874,-66.1033,0.123100343,0.145179103,-68.13903333333336,-65.32274,0.0,1652,-4.123099999999994,0,1,0
26444323778,702884308,14989130,1698906573,1698906573,2023-11-02,0.152355117,-67.0866,23.4253,-79.1447,3.9408,0.0076,0.0004,0.0,80830,3,2,0,2023-11-02,0,2,11,3,-70.2264,-68.0874,0.121702306,0.123100343,-68.46680000000002,-65.76424,0.0,1653,3.139799999999994,0,1,0
26444323777,702884307,14989130,1698906383,1698906383,2023-11-02,0.114939311,-70.8099,28.887,-80.0057,3.9125,0.0114,0.0003,0.0003,80830,3,5,1,2023-11-02,0,2,11,3,-67.0866,-70.2264,0.152355117,0.121702306,-69.37430000000002,-68.46272,0.0,1654,-3.7232999999999947,0,1,0
26444323775,702884307,14989130,1698906256,1698906256,2023-11-02,0.167017731,-66.832,10.2978,-80.2322,3.882,0.0016,0.0004,0.0003,80830,3,5,1,2023-11-02,0,2,11,3,-68.2252,-70.8099,0.109898655,0.114939311,-68.62236666666668,-68.63602,0.0,1655,3.9779000000000053,0,1,1
26444323818,702884317,14989130,1698917191,1698917191,2023-11-02,0.141690502,-64.8791,16.2936,-75.5894,3.909,0.0086,0.0005,0.0003,80830,3,9,1,2023-11-02,0,2,11,3,-64.2871,-68.0081,0.165467841,0.130490204,-65.7247666666667,-65.70703999999999,0.0,1656,1.9528999999999996,0,1,0
26444323773,702884307,14989130,1698906192,1698906192,2023-11-02,0.14712611,-66.6196,15.8495,-78.1119,3.9088,0.0096,0.0003,0.0,80830,3,5,1,2023-11-02,0,2,11,3,-66.832,-68.2252,0.167017731,0.109898655,-67.22560000000003,-67.91466,0.0,1657,-1.7405000000000115,0,1,0
26444323782,702884310,14989130,1698907207,1698907207,2023-11-02,0.16585996,-64.7633,3.2709,-77.6408,4.043,0.014,0.0003,0.0,80830,3,2,0,2023-11-02,0,2,11,3,-66.6196,-66.832,0.14712611,0.167017731,-66.07163333333335,-67.45,0.0,1658,1.8563000000000045,0,1,1
26444323772,702884306,14989130,1698905749,1698905749,2023-11-02,0.131545383,-67.5451,28.6555,-77.7762,3.9173,0.0062,0.0006,0.0003,80830,3,2,0,2023-11-02,0,2,11,3,-64.7633,-66.6196,0.16585996,0.14712611,-66.30933333333336,-66.79704,0.0,1659,-2.781800000000004,1,1,0
26444323771,702884306,14989130,1698905717,1698905717,2023-11-02,0.169494628,-64.4179,9.7013,-77.5647,3.8992,0.0109,0.0002,0.0,80830,3,2,0,2023-11-02,0,2,11,3,-67.5451,-64.7633,0.131545383,0.16585996,-65.57543333333336,-66.03558000000001,0.0,1660,3.127200000000002,0,1,1
26444323770,702884305,14989130,1698905495,1698905495,2023-11-02,0.233363659,-59.9988,6.06,-78.2624,3.9128,0.0016,0.0003,0.0003,80830,3,3,0,2023-11-02,0,2,11,3,-64.4179,-67.5451,0.169494628,0.131545383,-63.98726666666669,-64.66894,0.0,1661,4.4191,0,0,1
26444323776,702884307,14989130,1698906319,1698906319,2023-11-02,0.148744805,-67.8321,15.3775,-79.6848,3.8712,0.0092,0.0004,0.0003,80830,3,5,1,2023-11-02,0,2,11,3,-59.9988,-64.4179,0.233363659,0.169494628,-64.08293333333336,-64.91144,0.0,1662,-7.833299999999994,1,1,0
26444323787,702884312,14989130,1698913197,1698913197,2023-11-02,0.163481848,-64.395,11.3514,-76.9798,3.898,0.0076,0.0005,0.0006,80830,3,4,1,2023-11-02,0,2,11,3,-66.9659,-63.1741,0.142866103,0.176466217,-64.84500000000001,-65.15416,0.0,1663,3.437100000000001,0,1,1
26444323783,702884310,14989130,1698907238,1698907238,2023-11-02,0.152211103,-65.4638,23.414,-77.2171,4.058,0.021,0.0003,8.94e-06,80830,3,2,0,2023-11-02,0,2,11,3,-67.956,-66.1302,0.11335641,0.164006235,-66.5166666666667,-65.66497999999999,0.0,1664,-1.0688000000000102,1,1,0
26444323923,702884331,14989130,1699066542,1699066542,2023-11-03,0.158762828,-68.5843,16.0077,-81.5279,3.8835,0.0037,0.0004,0.0006,80830,1,4,1,2023-11-03,0,3,11,4,-69.7269,-63.0691,0.104882223,0.203358145,-67.1267666666667,-69.3266,0.0,1665,-3.1204999999999927,0,1,1
26444323843,702884321,14989130,1699059505,1699059505,2023-11-03,0.104882223,-69.7269,14.3888,-77.8969,3.896,0.0063,0.0003,0.0,80830,3,2,0,2023-11-03,0,3,11,4,-63.0691,-71.5604,0.203358145,0.126421571,-68.11880000000002,-69.35155999999999,0.0,1666,-1.1426000000000016,0,1,0
26444323908,702884328,14989130,1699065908,1699065908,2023-11-03,0.203358145,-63.0691,21.5513,-79.1687,4.036,0.0092,0.0002,0.0001,80830,3,8,1,2023-11-03,0,3,11,4,-71.5604,-73.6923,0.126421571,0.105404552,-69.44060000000003,-68.65248,0.0,1667,6.657800000000002,1,1,1
26444323935,702884333,14989130,1699066827,1699066827,2023-11-03,0.126421571,-71.5604,10.2458,-81.9164,4.254,0.0039,0.0003,0.0001,80830,1,2,0,2023-11-03,0,3,11,4,-73.6923,-68.7091,0.105404552,0.162581491,-71.32060000000003,-70.7071,0.0,1668,-8.491300000000003,0,1,0
26444323934,702884333,14989130,1699066795,1699066795,2023-11-03,0.105404552,-73.6923,37.459,-82.375,4.2877,0.0062,0.0004,0.0,80830,1,2,0,2023-11-03,0,3,11,4,-68.7091,-66.2315,0.162581491,0.187413351,-69.54430000000004,-70.453,0.0,1669,-2.1319000000000017,1,1,0
26444323920,702884330,14989130,1699066352,1699066352,2023-11-03,0.13552022,-70.2899,14.8699,-81.3089,3.9512,0.003,0.0003,0.0006,80830,1,3,0,2023-11-03,0,3,11,4,-71.6492,-72.8405,0.121055285,0.109242947,-71.59320000000002,-69.3893,0.0,1670,3.4024,0,1,0
26444323922,702884331,14989130,1699066478,1699066478,2023-11-03,0.101387943,-73.3422,18.6232,-81.6172,3.894,0.0142,0.0003,0.0,80830,1,4,1,2023-11-03,0,3,11,4,-70.2899,-71.6492,0.13552022,0.121055285,-71.76043333333335,-71.05508,0.0,1671,-3.0523000000000025,0,1,0
26444323918,702884330,14989130,1699066288,1699066288,2023-11-03,0.121055285,-71.6492,16.5849,-81.5173,3.942,0.0128,0.0005,8.94e-06,80830,1,3,0,2023-11-03,0,3,11,4,-72.8405,-67.1536,0.109242947,0.119013978,-70.54776666666669,-68.89774,0.0,1672,1.693000000000012,0,1,0
26444323917,702884330,14989130,1699066257,1699066257,2023-11-03,0.109242947,-72.8405,17.3894,-81.7737,4.0163,0.0226,0.0004,0.0,80830,1,3,0,2023-11-03,0,3,11,4,-67.1536,-65.0133,0.119013978,0.167993765,-68.33580000000002,-66.56766,0.0,1673,-1.1913000000000125,0,1,0
26444323948,702884337,14989130,1699076177,1699076177,2023-11-03,0.119013978,-67.1536,9.7929,-76.2255,3.913,0.0082,0.0003,0.0003,80830,3,3,0,2023-11-03,0,3,11,4,-65.0133,-67.8321,0.167993765,0.148744805,-66.66633333333336,-64.88314,0.0,1674,5.6869000000000085,0,1,0
26444323910,702884328,14989130,1699065971,1699065971,2023-11-03,0.149361898,-65.0141,9.8679,-76.4298,4.059,0.0207,0.0003,0.0006,80830,3,8,1,2023-11-03,0,3,11,4,-68.1429,-65.679,0.122153788,0.166690985,-66.2786666666667,-66.07008,0.0,1675,2.139499999999998,0,1,0
26444323927,702884331,14989130,1699066605,1699066605,2023-11-03,0.187413351,-66.2315,13.6266,-81.507,3.8845,0.0071,0.0002,8.94e-06,80830,1,4,1,2023-11-03,0,3,11,4,-73.3422,-70.2899,0.101387943,0.13552022,-69.95453333333336,-70.87066,0.0,1676,-1.2173999999999978,0,1,1
26444323909,702884328,14989130,1699065940,1699065940,2023-11-03,0.130345446,-68.2264,36.7891,-78.4523,4.1002,0.0455,0.0006,0.0002,80830,3,8,1,2023-11-03,0,3,11,4,-68.5843,-69.7269,0.158762828,0.104882223,-68.8458666666667,-68.23342,0.0,1677,-1.9949000000000012,1,1,0
26444323903,702884327,14989130,1699064545,1699064545,2023-11-03,0.126965645,-69.1314,9.1441,-79.1852,4.247,0.0169,0.0002,8.94e-06,80830,3,4,1,2023-11-03,0,3,11,4,-69.2637,-68.7616,0.118986443,0.119892075,-69.05223333333336,-68.17442000000001,0.0,1678,-0.9050000000000011,0,1,0
26444323905,702884328,14989130,1699065813,1699065813,2023-11-03,0.154794827,-65.3123,29.3114,-77.2739,3.877,0.0023,0.0003,0.0,80830,3,8,1,2023-11-03,0,3,11,4,-68.2264,-68.5843,0.130345446,0.158762828,-67.37433333333335,-66.9838,0.0,1679,3.819100000000006,1,1,0
26444323901,702884327,14989130,1699064450,1699064450,2023-11-03,0.166690985,-65.679,18.6763,-78.8171,4.268,0.0036,0.0004,0.0,80830,3,4,1,2023-11-03,0,3,11,4,-64.106,-67.4084,0.156556599,0.133122428,-65.73113333333336,-64.29296,0.0,1680,-0.3667000000000087,0,1,1
26444323949,702884337,14989130,1699076209,1699076209,2023-11-03,0.156556599,-64.106,19.0395,-76.0051,3.898,0.0126,0.0002,8.94e-06,80830,3,3,0,2023-11-03,0,3,11,4,-67.4084,-63.8184,0.133122428,0.16969074,-65.11093333333336,-64.74947999999999,0.0,1681,1.5730000000000075,0,1,0
26444323845,702884322,14989130,1699060710,1699060710,2023-11-03,0.133122428,-67.4084,14.4606,-77.76,3.9448,0.0081,0.0003,0.0,80830,3,2,0,2023-11-03,0,3,11,4,-63.8184,-60.453,0.16969074,0.220556684,-63.8932666666667,-65.75456,0.0,1682,-3.3024000000000058,0,1,0
26444323906,702884328,14989130,1699065845,1699065845,2023-11-03,0.220556684,-60.453,3.5246,-77.5592,3.926,0.0042,0.0003,0.0003,80830,3,8,1,2023-11-03,0,3,11,4,-67.9616,-69.1314,0.140027029,0.126965645,-65.84866666666669,-67.11425999999999,0.0,1683,6.955399999999997,0,1,1
26444323904,702884327,14989130,1699064577,1699064577,2023-11-03,0.140027029,-67.9616,9.3167,-79.0276,4.2683,0.0102,0.0004,0.0003,80830,3,4,1,2023-11-03,0,3,11,4,-69.1314,-69.2637,0.126965645,0.118986443,-68.7855666666667,-68.30364,0.0,1684,-7.508600000000001,0,1,0
26444323907,702884328,14989130,1699065876,1699065876,2023-11-03,0.16969074,-63.8184,25.8267,-76.861,3.9475,0.0025,0.0003,8.94e-06,80830,3,8,1,2023-11-03,0,3,11,4,-60.453,-67.9616,0.220556684,0.140027029,-64.0776666666667,-66.12562,0.0,1685,4.143200000000007,1,1,1
26444323902,702884327,14989130,1699064513,1699064513,2023-11-03,0.118986443,-69.2637,10.2756,-78.6182,4.2585,0.0096,0.0003,0.0004,80830,3,4,1,2023-11-03,0,3,11,4,-68.7616,-66.3999,0.119892075,0.144249581,-68.14173333333336,-68.30318,0.0,1686,-5.445300000000003,0,1,0
26444323850,702884324,14989130,1699060995,1699060995,2023-11-03,0.119892075,-68.7616,18.5108,-78.1286,3.924,0.0139,0.0004,0.0003,80830,3,2,0,2023-11-03,0,3,11,4,-66.3999,-67.3155,0.144249581,0.135703161,-67.49233333333336,-67.5129,0.0,1687,0.5020999999999987,1,1,0
26444323849,702884324,14989130,1699060963,1699060963,2023-11-03,0.144249581,-66.3999,31.8635,-77.5926,3.9615,0.0065,0.0003,0.0,80830,3,2,0,2023-11-03,0,3,11,4,-67.3155,-69.7752,0.135703161,0.101929864,-67.83020000000003,-67.40586,0.0,1688,2.361699999999999,1,1,0
26444323848,702884323,14989130,1699060868,1699060868,2023-11-03,0.135703161,-67.3155,7.6534,-77.8847,3.9102,0.0081,0.0003,0.0003,80830,3,2,0,2023-11-03,0,3,11,4,-69.7752,-65.3123,0.101929864,0.154794827,-67.46766666666669,-67.84274,0.0,1689,-0.9155999999999977,0,1,0
26444323846,702884322,14989130,1699060742,1699060742,2023-11-03,0.122153788,-68.1429,24.8716,-77.6251,3.9105,0.0044,0.0003,0.0003,80830,3,2,0,2023-11-03,0,3,11,4,-65.679,-64.106,0.166690985,0.156556599,-65.9759666666667,-65.83094000000001,0.0,1690,-0.8273999999999972,1,1,0
26444323924,702884331,14989130,1699066574,1699066574,2023-11-03,0.162581491,-68.7091,49.0879,-82.0487,3.8988,0.0054,0.0003,0.0001,80830,1,4,1,2023-11-03,0,3,11,4,-66.2315,-73.3422,0.187413351,0.101387943,-69.42760000000003,-70.04438,0.0,1691,-0.5662000000000091,1,1,1
26444323933,702884332,14989130,1699066827,1699066827,2023-11-03,0.133907771,-67.7369,10.8881,-78.2098,4.2633,0.0109,0.0003,0.0003,80830,3,13,1,2023-11-03,0,3,11,4,-64.2649,-69.2202,0.162766127,0.106675907,-67.07400000000003,-67.12146,0.0,1692,0.9722000000000008,0,1,0
26444323847,702884323,14989130,1699060837,1699060837,2023-11-03,0.101929864,-69.7752,10.4059,-77.6946,3.8765,0.0128,0.0002,0.0,80830,3,2,0,2023-11-03,0,3,11,4,-65.3123,-68.2264,0.154794827,0.130345446,-67.77130000000001,-68.32502,0.0,1693,-2.0382999999999925,0,1,0
26444323912,702884328,14989130,1699066035,1699066035,2023-11-03,0.162766127,-64.2649,18.6793,-76.7586,3.9855,0.0144,0.0003,0.0003,80830,3,8,1,2023-11-03,0,3,11,4,-69.2202,-71.4418,0.106675907,0.10736245,-68.3089666666667,-67.03968,0.0,1694,5.510300000000001,0,1,1
26444323919,702884329,14989130,1699066320,1699066320,2023-11-03,0.187631886,-62.9435,35.8347,-77.4815,3.9555,0.009,0.0004,0.0006,80830,3,6,1,2023-11-03,0,3,11,4,-67.328,-68.7381,0.154366327,0.105566616,-66.33653333333336,-66.13256,86400.0,1695,1.321399999999997,1,1,1
26444323930,702884332,14989130,1699066700,1699066700,2023-11-03,0.154366327,-67.328,31.2364,-79.6184,3.9015,0.0046,0.0003,0.0004,80830,3,13,1,2023-11-03,0,3,11,4,-68.7381,-67.9433,0.105566616,0.123737387,-68.00313333333337,-66.23544,0.0,1696,-4.384500000000003,1,1,0
26444323913,702884329,14989130,1699066130,1699066130,2023-11-03,0.105566616,-68.7381,16.9448,-76.851,4.0127,0.0332,0.0003,0.0,80830,3,6,1,2023-11-03,0,3,11,4,-67.9433,-63.7099,0.123737387,0.197030862,-66.79710000000003,-65.12778,0.0,1697,-1.4101,0,1,0
26444323914,702884329,14989130,1699066162,1699066162,2023-11-03,0.123737387,-67.9433,10.7945,-77.5376,3.9413,0.0096,0.0004,0.0001,80830,3,6,1,2023-11-03,0,3,11,4,-63.7099,-63.4579,0.197030862,0.199973021,-65.03703333333335,-62.80568000000001,0.0,1698,0.7948000000000093,0,1,0
26444323915,702884329,14989130,1699066193,1699066193,2023-11-03,0.197030862,-63.7099,30.1997,-79.3429,3.9672,0.0,0.0004,0.0003,80830,3,6,1,2023-11-03,0,3,11,4,-63.4579,-61.7897,0.199973021,0.20210818,-62.98583333333337,-62.372820000000004,0.0,1699,4.233399999999996,1,1,1
26444323925,702884332,14989130,1699066510,1699066510,2023-11-03,0.249574066,-57.1276,19.0439,-76.1269,3.892,0.0045,0.0005,0.0,80830,3,13,1,2023-11-03,0,3,11,4,-65.779,-66.9652,0.178173413,0.162069837,-63.29060000000002,-63.06818,0.0,1700,6.5822999999999965,0,0,1
26444323926,702884332,14989130,1699066574,1699066574,2023-11-03,0.178173413,-65.779,8.3051,-80.04,3.9102,0.0064,0.0004,0.0002,80830,3,13,1,2023-11-03,0,3,11,4,-66.9652,-62.4203,0.162069837,0.221230779,-65.05483333333336,-64.98206,0.0,1701,-8.651399999999995,0,1,1
26444323928,702884332,14989130,1699066605,1699066605,2023-11-03,0.162069837,-66.9652,23.6221,-79.9174,3.8893,0.0037,0.0003,0.0003,80830,3,13,1,2023-11-03,0,3,11,4,-62.4203,-63.0488,0.221230779,0.181200366,-64.14476666666668,-64.82908,0.0,1702,-1.1861999999999995,1,1,1
26444323929,702884332,14989130,1699066637,1699066637,2023-11-03,0.221230779,-62.4203,56.2073,-80.1525,3.8825,0.0044,0.0003,8.94e-06,80830,3,13,1,2023-11-03,0,3,11,4,-63.0488,-66.697,0.181200366,0.141778849,-64.0553666666667,-65.06461999999999,0.0,1703,4.544899999999998,1,1,1
26444323931,702884332,14989130,1699066764,1699066764,2023-11-03,0.10736245,-71.4418,29.1385,-80.0345,4.2663,0.0148,0.0003,0.0003,80830,3,13,1,2023-11-03,0,3,11,4,-62.9435,-67.328,0.187631886,0.154366327,-67.2377666666667,-67.67894,0.0,1704,-9.021500000000003,0,1,0
26444323916,702884329,14989130,1699066257,1699066257,2023-11-03,0.199973021,-63.4579,11.8086,-79.3197,4.056,0.0108,0.0003,0.0004,80830,3,6,1,2023-11-03,0,3,11,4,-61.7897,-57.1276,0.20210818,0.249574066,-60.79173333333336,-63.023880000000005,0.0,1705,7.983899999999998,0,1,1
26444323844,702884321,14989130,1699059569,1699059569,2023-11-03,0.141778849,-66.697,26.8665,-77.7154,3.9075,0.0045,0.0002,0.0003,80830,3,2,0,2023-11-03,0,3,11,4,-65.0141,-68.1429,0.149361898,0.122153788,-66.61800000000004,-65.9278,0.0,1706,-3.2391000000000005,0,1,0
26444323932,702884332,14989130,1699066795,1699066795,2023-11-03,0.106675907,-69.2202,14.2256,-77.4861,4.3063,0.006,0.0002,8.94e-06,80830,3,13,1,2023-11-03,0,3,11,4,-71.4418,-62.9435,0.10736245,0.187631886,-67.86850000000003,-67.93432,0.0,1707,-2.5232000000000028,0,1,0
26444323921,702884329,14989130,1699066383,1699066383,2023-11-03,0.20210818,-61.7897,8.9354,-77.4412,3.9838,0.0098,0.0003,0.0003,80830,3,6,1,2023-11-03,0,3,11,4,-57.1276,-65.779,0.249574066,0.178173413,-61.56543333333337,-62.816359999999996,0.0,1708,7.430500000000002,0,1,1
26444323944,702884335,14989130,1699069997,1699069997,2023-11-03,0.119391006,-67.916,15.0987,-77.1239,3.8853,0.0159,0.0006,0.0003,80830,3,2,0,2023-11-03,0,3,11,4,-67.7369,-64.2649,0.133907771,0.162766127,-66.6392666666667,-68.11596,0.0,1709,-6.126299999999993,0,1,0
26444323943,702884335,14989130,1699069965,1699069965,2023-11-03,0.124456592,-68.2951,17.4088,-78.0031,3.8825,0.0088,0.0002,0.0,80830,3,2,0,2023-11-03,0,3,11,4,-66.7475,-66.1094,0.130688182,0.128975051,-67.0506666666667,-66.97012,0.0,1710,-0.3791000000000082,0,1,0
26444323911,702884328,14989130,1699066003,1699066003,2023-11-03,0.181200366,-63.0488,7.4648,-77.0015,4.104,0.0209,0.0002,8.94e-06,80830,3,8,1,2023-11-03,0,3,11,4,-66.697,-65.0141,0.141778849,0.149361898,-64.9199666666667,-65.71636,0.0,1711,5.246300000000005,0,1,1
26444323947,702884337,14989130,1699076146,1699076146,2023-11-03,0.136357331,-65.9899,46.9994,-76.4088,4.1803,0.0176,0.0003,0.0,80830,3,3,0,2023-11-03,0,3,11,4,-65.8483,-57.9893,0.147063738,0.268578384,-63.27583333333337,-64.88708,0.0,1712,-2.941100000000006,1,1,0
26444323946,702884336,14989130,1699075543,1699075543,2023-11-03,0.147063738,-65.8483,10.3109,-77.2019,3.924,0.0101,0.0003,0.0001,80830,3,2,0,2023-11-03,0,3,11,4,-57.9893,-66.3128,0.268578384,0.136769015,-63.38346666666669,-65.0386,0.0,1713,0.14160000000001105,0,1,0
26444323945,702884336,14989130,1699075512,1699075512,2023-11-03,0.136769015,-66.3128,11.0853,-76.8193,3.945,0.0011,0.0003,0.0,80830,3,2,0,2023-11-03,0,3,11,4,-68.2951,-66.7475,0.124456592,0.130688182,-67.11846666666669,-67.17826,0.0,1714,-0.464500000000001,0,1,0
26444323940,702884332,14989130,1699067017,1699067017,2023-11-03,0.130688182,-66.7475,28.5419,-76.782,4.0175,0.0281,0.0003,0.0003,80830,3,13,1,2023-11-03,0,3,11,4,-66.1094,-68.4265,0.128975051,0.101870641,-67.09446666666669,-65.93844,0.0,1715,-0.4347000000000065,1,1,0
26444323936,702884332,14989130,1699066859,1699066859,2023-11-03,0.268578384,-57.9893,2.0306,-79.283,4.2685,0.0023,0.0003,0.0002,80830,3,13,1,2023-11-03,0,3,11,4,-66.3128,-68.2951,0.136769015,0.124456592,-64.1990666666667,-65.09082,0.0,1716,8.758200000000002,0,0,1
26444323942,702884334,14989130,1699069648,1699069648,2023-11-03,0.128975051,-66.1094,46.7827,-75.8984,3.919,0.01,0.0002,0.0003,80830,3,2,0,2023-11-03,0,3,11,4,-68.4265,-65.2721,0.101870641,0.144416801,-66.60266666666669,-64.94904,0.0,1717,-8.120099999999994,1,1,0
26444323941,702884334,14989130,1699069585,1699069585,2023-11-03,0.101870641,-68.4265,8.3676,-76.1878,3.982,0.031,0.0006,0.0,80830,3,2,0,2023-11-03,0,3,11,4,-65.2721,-63.1367,0.144416801,0.19788828,-65.6117666666667,-65.31036,0.0,1718,-2.3171000000000106,0,1,0
26444323939,702884332,14989130,1699066954,1699066954,2023-11-03,0.144416801,-65.2721,19.8907,-76.2896,3.988,0.026,0.0006,0.0003,80830,3,13,1,2023-11-03,0,3,11,4,-63.1367,-61.8005,0.19788828,0.198155253,-63.40310000000002,-65.17244000000001,0.0,1719,3.1544000000000096,0,1,0
26444323938,702884332,14989130,1699066922,1699066922,2023-11-03,0.19788828,-63.1367,35.6416,-78.7131,4.1247,0.0285,0.0002,0.0003,80830,3,13,1,2023-11-03,0,3,11,4,-61.8005,-67.916,0.198155253,0.119391006,-64.28440000000002,-64.971,0.0,1720,2.135399999999997,1,1,1
26444323937,702884332,14989130,1699066891,1699066891,2023-11-03,0.198155253,-61.8005,5.2523,-77.0729,4.236,0.0066,0.0003,0.0001,80830,3,13,1,2023-11-03,0,3,11,4,-67.916,-67.7369,0.119391006,0.133907771,-65.81780000000003,-66.18769999999999,0.0,1721,1.336199999999998,0,1,1
26444324012,702884353,14989130,1699095512,1699095512,2023-11-04,0.118771791,-70.1648,12.3598,-79.6216,4.215,0.0086,0.0002,8.94e-06,80830,3,7,1,2023-11-04,0,4,11,5,-68.5972,-67.7915,0.142535,0.129768102,-68.8511666666667,-66.95998,0.0,1722,-8.3643,0,1,0
26444323991,702884349,14989130,1699093927,1699093927,2023-11-04,0.147033233,-66.5651,54.6461,-78.0395,3.9515,0.0049,0.0003,0.0003,80830,3,2,0,2023-11-04,0,4,11,5,-67.5113,-68.0986,0.13271593,0.127564034,-67.3916666666667,-68.1874,0.0,1723,3.5996999999999986,1,1,0
26444323988,702884348,14989130,1699091233,1699091233,2023-11-04,0.166805383,-65.07,14.0888,-78.097,3.8835,0.0028,0.0002,0.0004,80830,3,3,0,2023-11-04,0,4,11,5,-61.8531,-69.1547,0.200033368,0.106002883,-65.3592666666667,-65.97968,0.0,1724,1.4951000000000079,0,1,1
26444323993,702884350,14989130,1699094181,1699094181,2023-11-04,0.127564034,-68.0986,37.8366,-78.0557,3.9907,0.0083,0.0004,8.94e-06,80830,3,3,0,2023-11-04,0,4,11,5,-70.1648,-68.5972,0.118771791,0.142535,-68.95353333333337,-68.38064,0.0,1725,-3.0286000000000115,1,1,0
26444323960,702884341,14989130,1699083436,1699083436,2023-11-04,0.185789224,-63.0489,16.0162,-77.4356,3.8822,0.0116,0.0003,0.0001,80830,3,5,1,2023-11-04,0,4,11,5,-66.5651,-67.5113,0.147033233,0.13271593,-65.70843333333336,-67.07774,0.0,1726,5.049700000000001,0,1,1
26444324013,702884353,14989130,1699095544,1699095544,2023-11-04,0.142535,-68.5972,12.0612,-80.0,4.218,0.006,0.0002,0.0003,80830,3,7,1,2023-11-04,0,4,11,5,-67.7915,-67.2511,0.129768102,0.135223167,-67.87993333333337,-66.4352,0.0,1727,-5.548299999999998,0,1,0
26444323955,702884339,14989130,1699080900,1699080900,2023-11-04,0.128793561,-67.369,14.1821,-77.3284,3.8832,0.003,0.0002,0.0003,80830,3,3,0,2023-11-04,0,4,11,5,-65.9899,-65.8483,0.136357331,0.147063738,-66.40240000000001,-64.70186,0.0,1728,1.228200000000001,0,1,0
26444324001,702884351,14989130,1699094593,1699094593,2023-11-04,0.135223167,-67.2511,7.2774,-77.767,3.9118,0.009,0.0003,0.0003,80830,3,10,1,2023-11-04,0,4,11,5,-60.9953,-67.5409,0.212564565,0.123778573,-65.26243333333336,-66.2305,0.0,1729,0.11790000000000589,0,1,0
26444323959,702884341,14989130,1699083404,1699083404,2023-11-04,0.212564565,-60.9953,50.6572,-77.4607,3.882,0.0042,0.0003,0.0,80830,3,5,1,2023-11-04,0,4,11,5,-67.5409,-67.5552,0.123778573,0.127009952,-65.36380000000003,-66.25408,0.0,1730,6.255799999999994,1,1,1
26444323956,702884340,14989130,1699082960,1699082960,2023-11-04,0.123778573,-67.5409,10.7857,-77.082,3.9333,0.0177,0.0003,0.0,80830,3,3,0,2023-11-04,0,4,11,5,-67.5552,-67.81,0.127009952,0.122909132,-67.63536666666668,-67.253,0.0,1731,-6.545599999999993,0,1,0
26444323957,702884340,14989130,1699083024,1699083024,2023-11-04,0.127009952,-67.5552,18.1366,-77.3837,3.8908,0.0102,0.0002,0.0003,80830,3,3,0,2023-11-04,0,4,11,5,-67.81,-67.369,0.122909132,0.128793561,-67.5780666666667,-66.91448,0.0,1732,-0.014300000000005753,0,1,0
26444323958,702884340,14989130,1699083055,1699083055,2023-11-04,0.122909132,-67.81,23.7918,-77.3124,3.9028,0.0062,0.0006,0.0003,80830,3,3,0,2023-11-04,0,4,11,5,-67.369,-65.9899,0.128793561,0.136357331,-67.05630000000002,-65.0013,0.0,1733,-0.254800000000003,0,1,0
26444323989,702884348,14989130,1699091265,1699091265,2023-11-04,0.154646539,-65.9221,14.989,-77.9817,3.8857,0.0063,0.0003,0.0001,80830,3,3,0,2023-11-04,0,4,11,5,-63.0489,-66.5651,0.185789224,0.147033233,-65.17870000000003,-66.2292,0.0,1734,1.887900000000002,0,1,0
26444323990,702884349,14989130,1699093864,1699093864,2023-11-04,0.129768102,-67.7915,33.9103,-77.9005,3.9388,0.0114,0.0002,0.0,80830,3,2,0,2023-11-04,0,4,11,5,-67.2511,-60.9953,0.135223167,0.212564565,-65.3459666666667,-66.2268,0.0,1735,-1.8693999999999988,1,1,0
26444323963,702884341,14989130,1699083499,1699083499,2023-11-04,0.161788187,-64.6237,33.5036,-77.0971,3.8803,0.0074,0.0003,0.0003,80830,3,5,1,2023-11-04,0,4,11,5,-65.9221,-63.0489,0.154646539,0.185789224,-64.53156666666669,-65.53422,0.0,1736,3.1677999999999997,1,1,1
26444323967,702884343,14989130,1699083911,1699083911,2023-11-04,0.133172726,-67.105,5.5446,-77.4145,3.9145,0.0083,0.0003,8.94e-06,80830,3,3,0,2023-11-04,0,4,11,5,-67.8088,-68.9526,0.125770814,0.108667382,-67.95546666666671,-67.04062,0.0,1737,-2.4813000000000045,0,1,0
26444323965,702884341,14989130,1699083594,1699083594,2023-11-04,0.108667382,-68.9526,7.8477,-77.359,3.904,0.0094,0.0003,0.0006,80830,3,5,1,2023-11-04,0,4,11,5,-66.713,-64.6237,0.130843191,0.161788187,-66.76310000000002,-65.85206,0.0,1738,-1.8476,0,1,0
26444323953,702884339,14989130,1699080805,1699080805,2023-11-04,0.106002883,-69.1547,1.382,-77.3545,3.883,0.0226,0.0003,0.0,80830,3,3,0,2023-11-04,0,4,11,5,-67.2006,-66.62,0.113076462,0.135438458,-67.65843333333336,-67.31736000000001,0.0,1739,-0.2021000000000015,0,1,0
26444323952,702884338,14989130,1699080710,1699080710,2023-11-04,0.130843191,-66.713,27.1662,-76.756,3.9093,0.0052,0.0004,0.0004,80830,3,3,0,2023-11-04,0,4,11,5,-64.6237,-65.9221,0.161788187,0.154646539,-65.75293333333336,-65.37456,0.0,1740,2.4417000000000115,1,1,0
26444323969,702884344,14989130,1699084862,1699084862,2023-11-04,0.135438458,-66.62,6.8572,-77.0564,3.876,0.0123,0.0005,0.0,80830,3,2,0,2023-11-04,0,4,11,5,-68.3986,-65.2129,0.111339488,0.15504347,-66.74383333333337,-67.58243999999999,0.0,1741,0.09299999999998931,0,1,0
26444323970,702884344,14989130,1699084894,1699084894,2023-11-04,0.111339488,-68.3986,14.3659,-76.9682,3.8853,0.0162,0.0002,0.0001,80830,3,2,0,2023-11-04,0,4,11,5,-65.2129,-68.5797,0.15504347,0.115420235,-67.3970666666667,-67.83887999999999,0.0,1742,-1.7785999999999973,1,1,0
26444323954,702884339,14989130,1699080868,1699080868,2023-11-04,0.15504347,-65.2129,3.5585,-77.179,3.8808,0.0128,0.0006,0.0004,80830,3,3,0,2023-11-04,0,4,11,5,-68.5797,-69.101,0.115420235,0.109518606,-67.63120000000004,-67.3631,0.0,1743,3.185699999999997,0,1,0
26444323971,702884345,14989130,1699089173,1699089173,2023-11-04,0.115420235,-68.5797,18.3854,-77.528,4.0702,0.0349,0.0005,0.0,80830,3,3,0,2023-11-04,0,4,11,5,-69.101,-67.9022,0.109518606,0.123642432,-68.52763333333336,-67.70384,0.0,1744,-3.366799999999998,1,1,0
26444323950,702884338,14989130,1699080647,1699080647,2023-11-04,0.113076462,-67.2006,14.1778,-75.7682,3.8857,0.0164,0.0002,0.0,80830,3,3,0,2023-11-04,0,4,11,5,-66.62,-68.3986,0.135438458,0.111339488,-67.40640000000003,-67.20236,0.0,1745,1.3791000000000082,1,1,0
26444323973,702884345,14989130,1699089236,1699089236,2023-11-04,0.123642432,-67.9022,17.7209,-77.4823,3.8985,0.0128,0.0003,0.0001,80830,3,3,0,2023-11-04,0,4,11,5,-66.0197,-66.9166,0.152453749,0.138494219,-66.94616666666668,-65.99968,0.0,1746,-0.7015999999999991,1,1,0
26444323974,702884346,14989130,1699089521,1699089521,2023-11-04,0.152453749,-66.0197,48.0729,-77.8951,3.929,0.005,0.0004,0.0,80830,3,4,1,2023-11-04,0,4,11,5,-66.9166,-62.0549,0.138494219,0.197263538,-64.9970666666667,-65.98100000000001,0.0,1747,1.8824999999999932,1,1,0
26444323975,702884346,14989130,1699089553,1699089553,2023-11-04,0.138494219,-66.9166,11.382,-77.674,3.9242,0.0081,0.0003,0.0001,80830,3,4,1,2023-11-04,0,4,11,5,-62.0549,-67.105,0.197263538,0.133172726,-65.35883333333337,-66.56757999999999,0.0,1748,-0.8969000000000023,0,1,0
26444323968,702884343,14989130,1699083943,1699083943,2023-11-04,0.197263538,-62.0549,15.275,-77.3042,3.9137,0.0034,0.0002,0.0003,80830,3,3,0,2023-11-04,0,4,11,5,-67.105,-67.8088,0.133172726,0.125770814,-65.65623333333336,-66.52686,0.0,1749,4.861699999999999,0,1,1
26444323964,702884341,14989130,1699083531,1699083531,2023-11-04,0.200033368,-61.8531,35.5167,-77.3196,3.8812,0.0046,0.0003,0.0001,80830,3,5,1,2023-11-04,0,4,11,5,-69.1547,-67.2006,0.106002883,0.113076462,-66.0694666666667,-66.64540000000001,0.0,1750,0.20180000000000575,1,1,1
26444323966,702884343,14989130,1699083880,1699083880,2023-11-04,0.125770814,-67.8088,10.9377,-77.5641,3.917,0.0023,0.0003,0.0,80830,3,3,0,2023-11-04,0,4,11,5,-68.9526,-66.713,0.108667382,0.130843191,-67.82480000000002,-66.80404,0.0,1751,-5.955700000000007,0,1,0
26444323992,702884350,14989130,1699094149,1699094149,2023-11-04,0.13271593,-67.5113,10.4565,-77.8422,4.066,0.0221,0.0003,0.0,80830,3,3,0,2023-11-04,0,4,11,5,-68.0986,-70.1648,0.127564034,0.118771791,-68.59156666666671,-68.43268,0.0,1752,0.29749999999999943,0,1,0
26444323972,702884345,14989130,1699089204,1699089204,2023-11-04,0.109518606,-69.101,23.6309,-77.5996,3.9598,0.0166,0.0003,8.94e-06,80830,3,3,0,2023-11-04,0,4,11,5,-67.9022,-66.0197,0.123642432,0.152453749,-67.67430000000003,-66.39887999999999,0.0,1753,-1.5896999999999935,1,1,0
26444323984,702884347,14989130,1699090282,1699090282,2023-11-04,0.126735354,-68.0605,40.6575,-77.938,3.884,0.0075,0.0003,0.0003,80830,3,9,1,2023-11-04,0,4,11,5,-62.6524,-66.0321,0.196689951,0.152040919,-65.58166666666669,-66.12862,0.0,1754,1.0404999999999944,1,1,0
26444324003,702884351,14989130,1699094720,1699094720,2023-11-04,0.129680043,-68.2558,38.2359,-78.4261,4.0938,0.0286,0.0006,0.0003,80830,3,10,1,2023-11-04,0,4,11,5,-69.7552,-68.6297,0.104653402,0.120527814,-68.88023333333335,-68.14847999999999,0.0,1755,-0.19529999999998893,1,1,0
26444323976,702884346,14989130,1699089616,1699089616,2023-11-04,0.105428672,-69.352,21.6052,-77.5254,3.8777,0.0118,0.0003,0.0003,80830,3,4,1,2023-11-04,0,4,11,5,-67.6739,-67.3437,0.127693335,0.132068152,-68.12320000000004,-67.28153999999999,86400.0,1756,-1.0962000000000103,0,1,0
26444323997,702884351,14989130,1699094466,1699094466,2023-11-04,0.132884497,-67.3982,5.0897,-77.7269,3.8888,0.0092,0.0003,8.94e-06,80830,3,10,1,2023-11-04,0,4,11,5,-63.4538,-67.1358,0.185020691,0.136893367,-65.99593333333335,-67.00273999999999,0.0,1757,1.953800000000001,0,1,0
26444323987,702884348,14989130,1699091170,1699091170,2023-11-04,0.185020691,-63.4538,11.7288,-77.8594,3.882,0.0042,0.0003,0.0,80830,3,3,0,2023-11-04,0,4,11,5,-67.1358,-69.352,0.136893367,0.105428672,-66.64720000000004,-66.99184,0.0,1758,3.9444000000000017,0,1,1
26444324002,702884351,14989130,1699094656,1699094656,2023-11-04,0.136893367,-67.1358,20.0173,-77.7839,3.9968,0.0093,0.0003,0.0003,80830,3,10,1,2023-11-04,0,4,11,5,-69.352,-67.6739,0.105428672,0.127693335,-68.05390000000003,-67.91806,0.0,1759,-3.682000000000002,0,1,0
26444324004,702884351,14989130,1699094751,1699094751,2023-11-04,0.143075721,-66.7035,17.2264,-77.8406,4.1322,0.0468,0.0003,0.0001,80830,3,10,1,2023-11-04,0,4,11,5,-67.3982,-63.4538,0.132884497,0.185020691,-65.85183333333337,-66.80866,0.0,1760,0.4322999999999979,1,1,0
26444324000,702884351,14989130,1699094561,1699094561,2023-11-04,0.127693335,-67.6739,19.9602,-77.5804,3.883,0.0126,0.0002,8.94e-06,80830,3,10,1,2023-11-04,0,4,11,5,-67.3437,-68.0849,0.132068152,0.121211887,-67.70083333333336,-66.97342,0.0,1761,-0.9703999999999979,1,1,0
26444323977,702884346,14989130,1699089648,1699089648,2023-11-04,0.113142701,-68.7686,19.3878,-77.5419,3.8875,0.0075,0.0002,8.94e-06,80830,3,4,1,2023-11-04,0,4,11,5,-66.926,-68.104,0.139072592,0.125845223,-67.9328666666667,-66.14433999999999,0.0,1762,-1.0947000000000031,0,1,0
26444323998,702884351,14989130,1699094498,1699094498,2023-11-04,0.121211887,-68.0849,19.9129,-77.4759,3.888,0.0079,0.0003,0.0001,80830,3,10,1,2023-11-04,0,4,11,5,-63.9532,-67.8114,0.172878497,0.130984053,-66.61650000000003,-68.96191999999999,0.0,1763,0.6837000000000018,0,1,0
26444323951,702884338,14989130,1699080678,1699080678,2023-11-04,0.172878497,-63.9532,14.9709,-77.3202,3.9003,0.0032,0.0004,0.0003,80830,3,3,0,2023-11-04,0,4,11,5,-67.8114,-72.434,0.130984053,0.110881434,-68.06620000000002,-69.09866000000001,0.0,1764,4.131700000000002,0,1,1
26444323978,702884347,14989130,1699090060,1699090060,2023-11-04,0.130984053,-67.8114,24.9989,-78.0324,3.9162,0.0078,0.0003,0.0,80830,3,9,1,2023-11-04,0,4,11,5,-72.434,-72.5261,0.110881434,0.110828177,-70.92383333333336,-69.69322,0.0,1765,-3.8582000000000036,1,1,0
26444323979,702884347,14989130,1699090092,1699090092,2023-11-04,0.125845223,-68.104,13.1455,-77.9084,3.8912,0.0076,0.0005,0.0003,80830,3,9,1,2023-11-04,0,4,11,5,-65.07,-61.8531,0.166805383,0.200033368,-65.00903333333336,-66.27648,0.0,1766,-0.2925999999999931,0,1,0
26444323961,702884342,14989130,1699083404,1699083404,2023-11-04,0.110828177,-72.5261,10.1395,-81.5659,3.8617,0.015,0.0006,0.0,80830,1,2,0,2023-11-04,0,4,11,5,-68.7686,-66.926,0.113142701,0.139072592,-69.40690000000002,-68.27894,0.0,1767,-4.4221,0,1,0
26444324006,702884352,14989130,1699095036,1699095036,2023-11-04,0.120527814,-68.6297,23.1269,-78.0351,3.9108,0.0096,0.0003,0.0003,80830,3,2,0,2023-11-04,0,4,11,5,-66.7035,-67.3982,0.143075721,0.132884497,-67.57713333333336,-66.66420000000001,0.0,1768,3.8964,1,1,0
26444323999,702884351,14989130,1699094529,1699094529,2023-11-04,0.132068152,-67.3437,14.3337,-77.591,3.8885,0.0184,0.0005,0.0001,80830,3,10,1,2023-11-04,0,4,11,5,-68.0849,-63.9532,0.121211887,0.172878497,-66.46060000000004,-67.92544000000001,0.0,1769,1.2860000000000014,0,1,0
26444324007,702884353,14989130,1699095353,1699095353,2023-11-04,0.104653402,-69.7552,17.1152,-77.9086,4.2168,0.02,0.0004,0.0,80830,3,7,1,2023-11-04,0,4,11,5,-68.6297,-66.7035,0.120527814,0.143075721,-68.36280000000004,-67.18808,0.0,1770,-2.4115000000000038,0,1,0
26444323962,702884342,14989130,1699083467,1699083467,2023-11-04,0.110881434,-72.434,8.3122,-81.4672,3.8638,0.012,0.0002,0.0003,80830,1,2,0,2023-11-04,0,4,11,5,-72.5261,-68.7686,0.110828177,0.113142701,-71.24290000000003,-69.75174,0.0,1771,-2.6787999999999954,0,1,0
26444324009,702884353,14989130,1699095417,1699095417,2023-11-04,0.102231495,-70.2687,23.8248,-78.2704,4.2257,0.0488,0.0002,8.94e-06,80830,3,7,1,2023-11-04,0,4,11,5,-68.2558,-69.7552,0.129680043,0.104653402,-69.42656666666669,-68.72258000000001,0.0,1772,2.165300000000002,1,1,0
26444324010,702884353,14989130,1699095449,1699095449,2023-11-04,0.109075188,-70.065,10.0662,-78.643,4.2438,0.0062,0.0006,0.0003,80830,3,7,1,2023-11-04,0,4,11,5,-70.7554,-66.8662,0.103921926,0.140168144,-69.22886666666669,-67.7498,0.0,1773,0.20369999999999777,0,1,0
26444324011,702884353,14989130,1699095480,1699095480,2023-11-04,0.103921926,-70.7554,10.8367,-78.9612,4.2268,0.0083,0.0003,0.0003,80830,3,7,1,2023-11-04,0,4,11,5,-66.8662,-66.0322,0.140168144,0.1535093,-67.88460000000003,-67.24266,0.0,1774,-0.6903999999999968,0,1,0
26444324005,702884352,14989130,1699095005,1699095005,2023-11-04,0.140168144,-66.8662,18.4329,-77.7666,3.9288,0.0095,0.0003,0.0,80830,3,2,0,2023-11-04,0,4,11,5,-66.0322,-65.0302,0.1535093,0.163128344,-65.97620000000002,-66.70367999999999,0.0,1775,3.889199999999988,1,1,0
26444323996,702884351,14989130,1699094434,1699094434,2023-11-04,0.1535093,-66.0322,11.9654,-78.007,3.8685,0.0084,0.0003,0.0003,80830,3,10,1,2023-11-04,0,4,11,5,-65.0302,-67.5293,0.163128344,0.128228994,-66.19723333333336,-65.86092,0.0,1776,0.8340000000000032,0,1,0
26444323995,702884351,14989130,1699094403,1699094403,2023-11-04,0.163128344,-65.0302,9.4035,-77.7063,3.911,0.0068,0.0006,0.0,80830,3,10,1,2023-11-04,0,4,11,5,-67.5293,-68.0605,0.128228994,0.126735354,-66.87333333333335,-65.8609,0.0,1777,1.0020000000000095,0,1,1
26444323994,702884350,14989130,1699094244,1699094244,2023-11-04,0.128228994,-67.5293,23.0806,-77.4622,3.9685,0.0118,0.0004,0.0003,80830,3,3,0,2023-11-04,0,4,11,5,-68.0605,-62.6524,0.126735354,0.196689951,-66.08073333333337,-66.25516,0.0,1778,-2.4991000000000128,1,1,0
26444323986,702884347,14989130,1699090345,1699090345,2023-11-04,0.139072592,-66.926,18.7391,-77.7371,3.8937,0.007,0.0003,8.94e-06,80830,3,9,1,2023-11-04,0,4,11,5,-68.104,-65.07,0.125845223,0.166805383,-66.70000000000003,-66.22156,0.0,1779,0.6033000000000044,1,1,0
26444323980,702884347,14989130,1699090124,1699090124,2023-11-04,0.196689951,-62.6524,21.2507,-77.9928,3.8915,0.0066,0.0002,8.94e-06,80830,3,9,1,2023-11-04,0,4,11,5,-66.0321,-67.0015,0.152040919,0.142682576,-65.2286666666667,-66.50854000000001,0.0,1780,4.273600000000002,1,1,1
26444323981,702884347,14989130,1699090155,1699090155,2023-11-04,0.152040919,-66.0321,23.5997,-77.8718,3.902,0.0065,0.0004,0.0002,80830,3,9,1,2023-11-04,0,4,11,5,-67.0015,-66.8966,0.142682576,0.139242624,-66.64340000000003,-67.51698,0.0,1781,-3.3796999999999997,1,1,0
26444323982,702884347,14989130,1699090187,1699090187,2023-11-04,0.142682576,-67.0015,20.6727,-78.1525,3.8838,0.0103,0.0003,0.0003,80830,3,9,1,2023-11-04,0,4,11,5,-66.8966,-69.9601,0.139242624,0.110825142,-67.95273333333337,-68.36429999999999,0.0,1782,-0.9693999999999932,0,1,0
26444323983,702884347,14989130,1699090219,1699090219,2023-11-04,0.139242624,-66.8966,17.1869,-77.7183,3.8785,0.0071,0.0003,8.94e-06,80830,3,9,1,2023-11-04,0,4,11,5,-69.9601,-67.6946,0.110825142,0.128438725,-68.1837666666667,-68.61515999999999,0.0,1783,0.10489999999998645,0,1,0
26444324008,702884353,14989130,1699095385,1699095385,2023-11-04,0.110825142,-69.9601,14.5893,-78.6798,4.2203,0.0172,0.0008,0.0003,80830,3,7,1,2023-11-04,0,4,11,5,-67.6946,-70.2687,0.128438725,0.102231495,-69.30780000000003,-69.18688,0.0,1784,-3.0634999999999906,0,1,0
26444323985,702884347,14989130,1699090314,1699090314,2023-11-04,0.128438725,-67.6946,11.1645,-77.6705,3.88,0.0083,0.0003,8.94e-06,80830,3,9,1,2023-11-04,0,4,11,5,-70.2687,-68.2558,0.102231495,0.129680043,-68.73970000000003,-68.9208,0.0,1785,2.265500000000003,0,1,0
26444324029,702884357,14989130,1699177985,1699177985,2023-11-05,0.136345783,-65.7449,50.2361,-76.1241,4.019,0.0226,0.0006,8.94e-06,80830,3,2,0,2023-11-05,0,5,11,6,-60.0892,-66.2731,0.207284269,0.113256246,-64.03573333333337,-64.61769999999999,0.0,1786,1.9496999999999929,1,1,0
26444324026,702884356,14989130,1699177763,1699177763,2023-11-05,0.142912628,-64.4366,44.4468,-75.1809,4.0625,0.0407,0.0003,0.0003,80830,3,4,1,2023-11-05,0,5,11,6,-66.0407,-70.065,0.112446847,0.109075188,-66.84743333333336,-67.63278,0.0,1787,1.3083000000000027,1,1,0
26444324025,702884356,14989130,1699177699,1699177699,2023-11-05,0.156130795,-62.4513,28.0067,-74.0059,4.001,0.0053,0.0003,0.0003,80830,3,4,1,2023-11-05,0,5,11,6,-64.4366,-66.0407,0.142912628,0.112446847,-64.30953333333336,-66.74980000000001,0.0,1788,1.9852999999999952,0,1,0
26444324017,702884355,14989130,1699176812,1699176812,2023-11-05,0.110770523,-67.0993,21.9599,-75.4578,3.9742,0.0155,0.0003,0.0,80830,3,7,1,2023-11-05,0,5,11,6,-62.4513,-64.4366,0.156130795,0.142912628,-64.66240000000003,-66.01858,0.0,1789,-4.647999999999996,0,1,0
26444324028,702884357,14989130,1699177953,1699177953,2023-11-05,0.121767729,-66.5989,2.586,-75.8329,3.9613,0.0303,0.0003,0.0,80830,3,2,0,2023-11-05,0,5,11,6,-62.5205,-63.1984,0.176106489,0.146981967,-64.10593333333337,-64.37368,0.0,1790,0.5003999999999991,0,1,0
26444324019,702884355,14989130,1699176875,1699176875,2023-11-05,0.176106489,-62.5205,13.1912,-75.8842,4.0088,0.0189,0.0003,0.0002,80830,3,7,1,2023-11-05,0,5,11,6,-63.1984,-67.0993,0.146981967,0.110770523,-64.27273333333336,-63.94122,0.0,1791,4.078400000000002,0,1,1
26444324018,702884355,14989130,1699176844,1699176844,2023-11-05,0.207284269,-60.0892,22.7886,-75.8017,3.9973,0.0135,0.0002,0.0003,80830,3,7,1,2023-11-05,0,5,11,6,-66.2731,-64.3824,0.113256246,0.153162894,-63.581566666666696,-63.97282,0.0,1792,2.4313000000000002,1,1,1
26444324021,702884355,14989130,1699176970,1699176970,2023-11-05,0.153162894,-64.3824,12.4496,-76.0269,4.107,0.0594,0.0006,0.0003,80830,3,7,1,2023-11-05,0,5,11,6,-66.5989,-62.5205,0.121767729,0.176106489,-64.50060000000003,-64.75989999999999,0.0,1793,-4.293200000000006,0,1,0
26444324023,702884355,14989130,1699177034,1699177034,2023-11-05,0.113256246,-66.2731,6.5313,-74.7376,4.2185,0.0288,0.0003,0.0001,80830,3,7,1,2023-11-05,0,5,11,6,-64.3824,-66.5989,0.153162894,0.121767729,-65.7514666666667,-64.59466,0.0,1794,-1.8906999999999954,0,1,0
26444324027,702884356,14989130,1699177794,1699177794,2023-11-05,0.112446847,-66.0407,5.1313,-74.4076,4.1472,0.0595,0.0004,0.0003,80830,3,4,1,2023-11-05,0,5,11,6,-70.065,-70.7554,0.109075188,0.103921926,-68.95370000000003,-67.9519,0.0,1795,0.23239999999999839,0,1,0
26444324036,702884360,14989130,1699179855,1699179855,2023-11-05,0.115858361,-68.1049,15.3839,-77.0294,3.9657,0.0336,0.0003,0.0,80830,3,2,0,2023-11-05,0,5,11,6,-66.4175,-65.1256,0.112020397,0.113910893,-66.54933333333337,-66.04538,0.0,1796,-2.0641999999999996,1,1,0
26444324024,702884356,14989130,1699177636,1699177636,2023-11-05,0.146981967,-63.1984,24.503,-74.088,3.9088,0.0057,0.0006,0.0,80830,3,4,1,2023-11-05,0,5,11,6,-67.0993,-62.4513,0.110770523,0.156130795,-64.2496666666667,-64.64526,0.0,1797,4.906500000000001,1,1,0
26444324022,702884355,14989130,1699177002,1699177002,2023-11-05,0.15503187,-62.4641,34.2846,-73.9248,4.0545,0.0699,0.0003,0.0003,80830,3,7,1,2023-11-05,0,5,11,6,-68.9173,-64.1197,0.103224329,0.172484597,-65.16703333333335,-65.82090000000001,0.0,1798,0.7342999999999975,1,1,0
26444324020,702884355,14989130,1699176939,1699176939,2023-11-05,0.167456225,-64.6725,37.312,-77.6806,4.0278,0.0155,0.0002,0.0003,80830,3,7,1,2023-11-05,0,5,11,6,-65.7449,-60.0892,0.136345783,0.207284269,-63.50220000000002,-64.23242,0.0,1799,-2.2083999999999975,1,1,1
26444324039,702884361,14989130,1699180077,1699180077,2023-11-05,0.101246561,-69.4598,11.7695,-77.2846,3.97,0.0276,0.0003,0.0005,80830,3,2,0,2023-11-05,0,5,11,6,-64.1436,-61.4307,0.150340494,0.188348983,-65.01136666666669,-65.0903,0.0,1800,-4.787300000000002,0,1,0
26444324038,702884361,14989130,1699180013,1699180013,2023-11-05,0.172484597,-64.1197,9.5657,-77.4846,4.2017,0.0055,0.0002,0.0,80830,3,2,0,2023-11-05,0,5,11,6,-69.4598,-64.1436,0.101246561,0.150340494,-65.90770000000002,-64.76525999999998,0.0,1801,5.340100000000007,0,1,1
26444324037,702884360,14989130,1699179918,1699179918,2023-11-05,0.103224329,-68.9173,21.2952,-76.8501,4.0795,0.0568,0.0004,0.0003,80830,3,2,0,2023-11-05,0,5,11,6,-64.1197,-69.4598,0.172484597,0.101246561,-67.49893333333335,-65.61422,0.0,1802,-4.797600000000003,0,1,0
26444324030,702884358,14989130,1699178745,1699178745,2023-11-05,0.150340494,-64.1436,42.3149,-75.4933,3.9752,0.0111,0.0003,0.0,80830,3,3,0,2023-11-05,0,5,11,6,-61.4307,-64.6725,0.188348983,0.167456225,-63.41560000000002,-63.21618000000001,86400.0,1803,4.773699999999991,1,1,0
26444324035,702884359,14989130,1699179284,1699179284,2023-11-05,0.114983347,-66.1665,15.2448,-74.763,3.8683,0.014,0.0004,0.0003,80830,3,3,0,2023-11-05,0,5,11,6,-62.4641,-68.9173,0.15503187,0.103224329,-65.84930000000001,-66.22548,0.0,1804,-2.022899999999993,0,1,0
26444324031,702884358,14989130,1699178777,1699178777,2023-11-05,0.188348983,-61.4307,17.5011,-75.6861,4.003,0.0127,0.0002,0.0003,80830,3,3,0,2023-11-05,0,5,11,6,-64.6725,-65.7449,0.167456225,0.136345783,-63.94936666666669,-63.64208,0.0,1805,4.735799999999998,0,1,1
26444324033,702884359,14989130,1699179221,1699179221,2023-11-05,0.113910893,-65.1256,18.7645,-73.4978,3.882,0.0182,0.0004,0.0,80830,3,3,0,2023-11-05,0,5,11,6,-64.4124,-66.1665,0.138616006,0.114983347,-65.23483333333336,-65.41718,0.0,1806,-3.694900000000004,0,1,0
26444324032,702884358,14989130,1699178840,1699178840,2023-11-05,0.112020397,-66.4175,11.6445,-74.7962,4.2915,0.0071,0.0002,0.0003,80830,3,3,0,2023-11-05,0,5,11,6,-65.1256,-64.4124,0.113910893,0.138616006,-65.31850000000003,-64.91722000000001,0.0,1807,-1.2918999999999983,0,1,0
26444324034,702884359,14989130,1699179252,1699179252,2023-11-05,0.138616006,-64.4124,15.6189,-74.7778,3.874,0.0032,0.0002,0.0001,80830,3,3,0,2023-11-05,0,5,11,6,-66.1665,-62.4641,0.114983347,0.15503187,-64.34766666666668,-65.216,0.0,1808,2.0050999999999988,0,1,0
26444324050,702884365,14989130,1699495736,1699495736,2023-11-08,0.188281941,-64.0366,38.1117,-78.8902,4.1355,0.0187,0.0003,0.0,80830,3,3,0,2023-11-08,0,8,11,2,-66.2584,-69.1778,0.179053845,0.122590154,-66.49093333333336,-65.64110000000001,0.0,1809,0.37579999999999814,1,1,1
26444324048,702884364,14989130,1699434721,1699434721,2023-11-08,0.120719848,-65.9257,13.6919,-74.9769,4.2955,0.0055,0.0003,0.0004,80830,3,3,0,2023-11-08,0,8,11,2,-64.0366,-66.2584,0.188281941,0.179053845,-65.40690000000002,-65.92102,0.0,1810,-1.8890999999999991,0,1,0
26444324045,702884363,14989130,1699434563,1699434563,2023-11-08,0.112612871,-66.6402,12.5931,-75.0971,4.2355,0.0028,0.0006,0.0004,80830,3,3,0,2023-11-08,0,8,11,2,-68.1049,-66.4175,0.115858361,0.112020397,-67.05420000000002,-66.14012,0.0,1811,-0.7144999999999868,0,1,0
26444324041,702884362,14989130,1699434278,1699434278,2023-11-08,0.108183663,-66.7702,15.6222,-74.8699,4.3015,0.0092,0.0003,0.0003,80830,3,4,1,2023-11-08,0,8,11,2,-66.6402,-68.1049,0.112612871,0.115858361,-67.1717666666667,-66.61168,0.0,1812,-0.13000000000000966,0,1,0
26444324054,702884366,14989130,1699496021,1699496021,2023-11-08,0.19750778,-64.2066,7.2914,-80.009,4.2475,0.0039,0.0002,0.0001,80830,3,2,0,2023-11-08,0,8,11,2,-64.5261,-66.7702,0.134772115,0.108183663,-65.16763333333336,-66.0496,0.0,1813,2.563600000000008,0,1,1
26444324052,702884365,14989130,1699495863,1699495863,2023-11-08,0.122590154,-69.1778,10.2755,-78.8432,4.2613,0.014,0.0004,0.0004,80830,3,3,0,2023-11-08,0,8,11,2,-64.2066,-64.5261,0.19750778,0.134772115,-65.97016666666669,-66.26418,0.0,1814,-4.97120000000001,0,1,0
26444324051,702884365,14989130,1699495800,1699495800,2023-11-08,0.179053845,-66.2584,7.455,-80.7098,4.2655,0.0048,0.0006,0.0007,80830,3,3,0,2023-11-08,0,8,11,2,-69.1778,-64.2066,0.122590154,0.19750778,-66.54760000000003,-66.18782,0.0,1815,2.91940000000001,0,1,1
26444324055,702884367,14989130,1699496307,1699496307,2023-11-08,0.191372046,-64.2201,44.5043,-79.4186,3.9442,0.01,0.0004,0.0,80830,3,2,0,2023-11-08,0,8,11,2,-68.0859,-65.009,0.134042607,0.136869554,-65.77166666666669,-64.57748,0.0,1816,2.0382999999999925,1,1,1
26444324049,702884364,14989130,1699434753,1699434753,2023-11-08,0.134772115,-64.5261,13.5335,-74.577,4.226,0.0155,0.0003,0.0001,80830,3,3,0,2023-11-08,0,8,11,2,-66.7702,-66.6402,0.108183663,0.112612871,-65.97883333333336,-66.49177999999999,0.0,1817,-0.3059999999999974,0,1,0
26444324044,702884363,14989130,1699434531,1699434531,2023-11-08,0.171788686,-61.8596,8.7953,-74.6906,4.201,0.0412,0.0003,0.0,80830,3,3,0,2023-11-08,0,8,11,2,-63.7128,-67.5208,0.149486724,0.141873824,-64.36440000000003,-64.6111,0.0,1818,2.666499999999999,0,1,1
26444324040,702884362,14989130,1699434246,1699434246,2023-11-08,0.136869554,-65.009,6.0243,-75.3177,4.2755,0.0075,0.0003,0.0,80830,3,4,1,2023-11-08,0,8,11,2,-61.8596,-63.7128,0.171788686,0.149486724,-63.52713333333336,-64.80557999999999,0.0,1819,-3.1494,0,1,0
26444324056,702884367,14989130,1699496370,1699496370,2023-11-08,0.134042607,-68.0859,9.3342,-78.625,4.2095,0.0177,0.0003,0.0005,80830,3,2,0,2023-11-08,0,8,11,2,-65.009,-61.8596,0.136869554,0.171788686,-64.98483333333336,-65.23761999999999,0.0,1820,-3.076899999999995,0,1,0
26444324042,702884362,14989130,1699434309,1699434309,2023-11-08,0.12229705,-65.6341,8.1418,-74.7794,4.2927,0.009,0.0003,0.0004,80830,3,4,1,2023-11-08,0,8,11,2,-64.2201,-68.0859,0.191372046,0.134042607,-65.98003333333335,-64.96174,0.0,1821,2.4517999999999915,0,1,0
26444324043,702884362,14989130,1699434341,1699434341,2023-11-08,0.128800155,-65.6984,38.3991,-75.4114,4.2477,0.0076,0.0008,0.0004,80830,3,4,1,2023-11-08,0,8,11,2,-65.6341,-64.2201,0.12229705,0.191372046,-65.18420000000003,-65.7295,0.0,1822,-0.06430000000000291,1,1,0
26444324047,702884364,14989130,1699434690,1699434690,2023-11-08,0.139297914,-64.0519,12.25,-74.4182,4.2168,0.0176,0.0004,0.0,80830,3,3,0,2023-11-08,0,8,11,2,-65.6984,-65.6341,0.128800155,0.12229705,-65.12813333333337,-65.53808000000001,0.0,1823,1.6465000000000032,0,1,0
26444324046,702884363,14989130,1699434595,1699434595,2023-11-08,0.149486724,-63.7128,7.7243,-74.911,4.2728,0.0106,0.0002,0.0004,80830,3,3,0,2023-11-08,0,8,11,2,-67.5208,-65.9257,0.141873824,0.120719848,-65.7197666666667,-65.49086,259200.0,1824,0.33910000000000196,0,1,0
26444324053,702884366,14989130,1699495990,1699495990,2023-11-08,0.141873824,-67.5208,10.1288,-78.684,4.2665,0.0109,0.0003,0.0,80830,3,2,0,2023-11-08,0,8,11,2,-65.9257,-64.0366,0.120719848,0.188281941,-65.82770000000004,-66.58386,0.0,1825,-3.8079999999999927,0,1,0
26444324241,702884388,14989130,1699518842,1699518842,2023-11-09,0.127185077,-70.357,10.4776,-80.6093,4.2248,0.01,0.0004,0.0001,80830,2,2,0,2023-11-09,0,9,11,3,-70.4017,-55.6465,0.130501851,0.300816205,-65.46840000000003,-64.20564,0.0,1826,-2.836200000000005,0,1,0
26444324228,702884386,14989130,1699518684,1699518684,2023-11-09,0.130501851,-70.4017,44.2507,-80.9682,4.3155,0.0055,0.0006,0.0004,80830,2,4,1,2023-11-09,0,9,11,3,-55.6465,-64.1645,0.300816205,0.202722432,-63.404233333333366,-62.16944000000001,0.0,1827,-0.04470000000000596,1,1,0
26444324186,702884380,14989130,1699517480,1699517480,2023-11-09,0.300816205,-55.6465,4.6003,-79.5878,3.934,0.0,0.0003,0.0002,80830,2,30,1,2023-11-09,0,9,11,3,-64.1645,-60.4585,0.202722432,0.250211759,-60.08983333333336,-59.104420000000005,0.0,1828,14.755200000000002,0,0,1
26444324182,702884380,14989130,1699517448,1699517448,2023-11-09,0.311083509,-55.0766,9.0572,-79.9467,3.9135,0.0016,0.0004,0.0004,80830,2,30,1,2023-11-09,0,9,11,3,-72.2914,-62.2126,0.103664872,0.226806725,-63.193533333333356,-63.02270000000001,0.0,1829,0.5699000000000041,0,0,1
26444324203,702884380,14989130,1699517638,1699517638,2023-11-09,0.250211759,-60.4585,3.0415,-80.6341,4.219,0.0028,0.0004,0.0004,80830,2,30,1,2023-11-09,0,9,11,3,-60.176,-55.0766,0.23230014,0.311083509,-58.57036666666669,-62.04302,0.0,1830,-5.381900000000002,0,1,1
26444324095,702884375,14989130,1699516655,1699516655,2023-11-09,0.23230014,-60.176,28.1417,-78.3848,3.9815,0.0065,0.0003,0.0003,80830,3,6,1,2023-11-09,0,9,11,3,-55.0766,-72.2914,0.311083509,0.103664872,-62.51466666666669,-62.247519999999994,0.0,1831,0.28249999999999886,1,1,1
26444324232,702884386,14989130,1699518716,1699518716,2023-11-09,0.111959174,-71.6244,18.9318,-80.6544,4.3262,0.0098,0.0003,0.0003,80830,2,4,1,2023-11-09,0,9,11,3,-70.357,-70.4017,0.127185077,0.130501851,-70.79436666666669,-66.43881999999999,0.0,1832,-11.448399999999992,1,1,0
26444324240,702884388,14989130,1699518811,1699518811,2023-11-09,0.103664872,-72.2914,22.0367,-80.6522,3.9715,0.013,0.0006,0.0,80830,2,2,0,2023-11-09,0,9,11,3,-62.2126,-61.481,0.226806725,0.234367236,-65.32833333333336,-65.14706,0.0,1833,-0.6670000000000016,1,1,0
26444324128,702884380,14989130,1699517004,1699517004,2023-11-09,0.202722432,-64.1645,7.0016,-80.4795,3.9097,0.005,0.0003,0.0001,80830,2,30,1,2023-11-09,0,9,11,3,-60.4585,-60.176,0.250211759,0.23230014,-61.5996666666667,-62.433400000000006,0.0,1834,8.126899999999992,0,1,1
26444324072,702884370,14989130,1699513581,1699513581,2023-11-09,0.111520694,-70.0661,24.9128,-78.8607,3.8982,0.0134,0.0003,0.0004,80830,3,3,0,2023-11-09,0,9,11,3,-65.7554,-63.2443,0.181982959,0.21356618,-66.3552666666667,-58.33424,0.0,1835,-5.901600000000002,1,1,0
26444324149,702884380,14989130,1699517194,1699517194,2023-11-09,0.335816788,-52.615,3.9114,-79.2176,3.8965,0.0011,0.0003,0.0001,80830,2,30,1,2023-11-09,0,9,11,3,-43.5924,-48.5855,0.421935025,0.374508373,-48.26430000000003,-52.82776,0.0,1836,17.451100000000004,0,0,1
26444324137,702884380,14989130,1699517099,1699517099,2023-11-09,0.374508373,-48.5855,3.5041,-77.6757,3.9017,0.0025,0.0003,0.0001,80830,2,30,1,2023-11-09,0,9,11,3,-47.7215,-71.6244,0.382172375,0.111959174,-55.97713333333335,-61.738020000000006,0.0,1837,4.029499999999999,0,0,1
26444324141,702884380,14989130,1699517131,1699517131,2023-11-09,0.421935025,-43.5924,0.6861,-75.4109,3.901,0.002,0.0002,0.0001,80830,2,30,1,2023-11-09,0,9,11,3,-48.5855,-47.7215,0.374508373,0.382172375,-46.633133333333355,-56.376160000000006,0.0,1838,4.993100000000005,0,0,1
26444324153,702884380,14989130,1699517226,1699517226,2023-11-09,0.380521731,-48.4012,2.8409,-78.1322,3.906,0.0016,0.0002,0.0001,80830,2,30,1,2023-11-09,0,9,11,3,-52.615,-43.5924,0.335816788,0.421935025,-48.202866666666694,-48.18312,0.0,1839,-4.808800000000005,0,0,1
26444324157,702884380,14989130,1699517258,1699517258,2023-11-09,0.402010644,-45.5873,1.1798,-76.2343,3.9105,0.0011,0.0004,0.0004,80830,2,30,1,2023-11-09,0,9,11,3,-48.4012,-52.615,0.380521731,0.335816788,-48.86783333333336,-47.75628,0.0,1840,2.813900000000004,0,0,1
26444324161,702884380,14989130,1699517289,1699517289,2023-11-09,0.457266223,-37.3822,1.2476,-68.8776,3.9022,0.0011,0.0003,0.0001,80830,2,30,1,2023-11-09,0,9,11,3,-45.5873,-48.4012,0.402010644,0.380521731,-43.790233333333354,-45.51562,0.0,1841,8.205100000000002,0,0,1
26444324165,702884380,14989130,1699517321,1699517321,2023-11-09,0.343101924,-38.644,54.3217,-58.828,3.8323,0.1548,0.0003,0.0001,80830,2,30,1,2023-11-09,0,9,11,3,-37.3822,-45.5873,0.457266223,0.402010644,-40.53783333333336,-44.525940000000006,0.0,1842,-1.261800000000001,1,0,1
26444324190,702884380,14989130,1699517511,1699517511,2023-11-09,0.323407051,-53.9614,2.5986,-79.7546,4.0145,0.0032,0.0003,0.0004,80830,2,30,1,2023-11-09,0,9,11,3,-38.644,-37.3822,0.343101924,0.457266223,-43.32920000000002,-44.79521999999999,0.0,1843,-15.3174,0,0,1
26444324132,702884380,14989130,1699517036,1699517036,2023-11-09,0.21356618,-63.2443,2.0113,-80.4191,3.8928,0.0045,0.0002,0.0001,80830,2,30,1,2023-11-09,0,9,11,3,-53.9614,-38.644,0.323407051,0.343101924,-51.94990000000002,-47.76384,0.0,1844,-9.282900000000005,0,1,1
26444324120,702884380,14989130,1699516941,1699516941,2023-11-09,0.226806725,-62.2126,9.6121,-80.4619,4.012,0.0048,0.0002,0.0004,80830,2,30,1,2023-11-09,0,9,11,3,-61.481,-64.0519,0.234367236,0.139297914,-62.58183333333336,-63.8156,0.0,1845,1.0317000000000007,0,1,1
26444324136,702884380,14989130,1699517067,1699517067,2023-11-09,0.382172375,-47.7215,2.5148,-77.2408,3.89,0.0,0.0003,0.0003,80830,2,30,1,2023-11-09,0,9,11,3,-71.6244,-70.357,0.111959174,0.127185077,-63.23430000000002,-63.15021999999999,0.0,1846,14.491100000000003,0,0,1
26444324124,702884380,14989130,1699516972,1699516972,2023-11-09,0.234367236,-61.481,27.5576,-80.3009,3.9308,0.0044,0.0003,0.0003,80830,2,30,1,2023-11-09,0,9,11,3,-64.0519,-65.6984,0.139297914,0.128800155,-63.743766666666694,-64.2171,0.0,1847,-13.759500000000003,1,1,1
26444324145,702884380,14989130,1699517163,1699517163,2023-11-09,0.337547362,-52.4163,2.7549,-79.1246,3.8915,0.0,0.0003,0.0003,80830,2,30,1,2023-11-09,0,9,11,3,-68.7921,-70.6565,0.149851021,0.097741433,-63.9549666666667,-64.25456,0.0,1848,9.064700000000002,0,0,1
26444324200,702884380,14989130,1699517606,1699517606,2023-11-09,0.275264345,-58.4379,7.8188,-80.6334,4.1975,0.0016,0.0003,0.0004,80830,2,30,1,2023-11-09,0,9,11,3,-70.0661,-65.7554,0.111520694,0.181982959,-64.75313333333335,-62.29302,0.0,1849,-6.021599999999999,0,0,1
26444324086,702884375,14989130,1699516497,1699516497,2023-11-09,0.15781997,-66.3397,14.8738,-78.7714,3.8958,0.0028,0.0003,0.0,80830,3,6,1,2023-11-09,0,9,11,3,-67.3334,-58.4379,0.144879314,0.275264345,-64.03700000000002,-65.5865,0.0,1850,-7.901799999999994,1,1,1
26444324080,702884372,14989130,1699515768,1699515768,2023-11-09,0.104548629,-70.6478,32.9055,-78.8963,4.0033,0.0312,0.0006,0.0004,80830,3,5,1,2023-11-09,0,9,11,3,-66.3397,-67.3334,0.15781997,0.144879314,-68.10696666666668,-66.56498,0.0,1851,-4.30810000000001,1,1,0
26444324100,702884377,14989130,1699516719,1699516719,2023-11-09,0.124296078,-70.5679,25.2714,-80.5842,3.9095,0.0081,0.0003,0.0001,80830,2,4,1,2023-11-09,0,9,11,3,-70.6478,-66.3397,0.104548629,0.15781997,-69.18513333333335,-66.66533999999999,0.0,1852,0.07990000000000919,1,1,0
26444324079,702884372,14989130,1699515736,1699515736,2023-11-09,0.180308065,-64.8005,13.5568,-79.0547,3.9657,0.007,0.0002,0.0003,80830,3,5,1,2023-11-09,0,9,11,3,-70.5679,-70.6478,0.124296078,0.104548629,-68.6720666666667,-67.93786,0.0,1853,5.767399999999995,0,1,1
26444324077,702884372,14989130,1699515673,1699515673,2023-11-09,0.136247357,-68.1373,27.1779,-78.8852,3.9555,0.0087,0.0003,0.0001,80830,3,5,1,2023-11-09,0,9,11,3,-64.8005,-70.5679,0.180308065,0.124296078,-67.83523333333335,-68.09864,0.0,1854,-3.3367999999999967,1,1,0
26444324076,702884372,14989130,1699515641,1699515641,2023-11-09,0.121392341,-69.287,7.993,-78.86,3.946,0.0055,0.0003,0.0,80830,3,5,1,2023-11-09,0,9,11,3,-68.1373,-64.8005,0.136247357,0.180308065,-67.40826666666669,-68.68809999999999,0.0,1855,-1.14970000000001,0,1,0
26444324075,702884371,14989130,1699513803,1699513803,2023-11-09,0.22290907,-61.0572,12.4405,-78.5715,3.9053,0.0032,0.0006,0.0001,80830,3,2,0,2023-11-09,0,9,11,3,-69.287,-68.1373,0.121392341,0.136247357,-66.16050000000003,-66.76998,0.0,1856,8.229800000000004,0,1,1
26444324074,702884371,14989130,1699513771,1699513771,2023-11-09,0.130211203,-68.3507,25.3229,-78.5831,3.9205,0.0113,0.0004,0.0,80830,3,2,0,2023-11-09,0,9,11,3,-61.0572,-69.287,0.22290907,0.121392341,-66.23163333333336,-66.32654,0.0,1857,-7.293500000000002,1,1,0
26444324089,702884375,14989130,1699516592,1699516592,2023-11-09,0.116228776,-69.4714,10.1366,-78.6079,3.924,0.0101,0.0003,0.0001,80830,3,6,1,2023-11-09,0,9,11,3,-65.9549,-62.9021,0.162779391,0.199419376,-66.1094666666667,-65.83297999999999,0.0,1858,-1.1206999999999994,0,1,0
26444324197,702884380,14989130,1699517575,1699517575,2023-11-09,0.149851021,-68.7921,63.1405,-80.9177,4.0248,0.0153,0.0003,0.0001,80830,2,30,1,2023-11-09,0,9,11,3,-70.6565,-68.3507,0.097741433,0.130211203,-69.26643333333335,-67.62870000000001,0.0,1859,0.6792999999999978,1,1,0
26444324193,702884380,14989130,1699517543,1699517543,2023-11-09,0.181982959,-65.7554,17.0193,-80.3839,4.1028,0.0149,0.0003,0.0004,80830,2,30,1,2023-11-09,0,9,11,3,-63.2443,-53.9614,0.21356618,0.323407051,-60.98703333333335,-51.79746,0.0,1860,3.0367000000000104,0,1,1
26444324178,702884380,14989130,1699517416,1699517416,2023-11-09,0.417790707,-43.4699,6.6747,-74.6637,3.946,0.0016,0.0004,0.0003,80830,2,30,1,2023-11-09,0,9,11,3,-69.9496,-32.5895,0.132953293,0.496719904,-48.6696666666667,-55.1,0.0,1861,22.285499999999992,0,0,1
26444324222,702884386,14989130,1699518621,1699518621,2023-11-09,0.328625549,-53.3597,33.4375,-79.4783,4.3068,0.0016,0.0003,0.0,80830,2,4,1,2023-11-09,0,9,11,3,-60.9598,-67.854,0.244752524,0.159268625,-60.72450000000003,-60.676379999999995,0.0,1862,-9.889799999999994,1,0,1
26444324216,702884383,14989130,1699518462,1699518462,2023-11-09,0.106119271,-72.3297,31.9428,-80.9165,4.3117,0.01,0.0003,0.0004,80830,2,2,0,2023-11-09,0,9,11,3,-53.3597,-60.9598,0.328625549,0.244752524,-62.21640000000003,-61.3839,0.0,1863,-18.970000000000006,0,1,0
26444324215,702884383,14989130,1699518430,1699518430,2023-11-09,0.134497289,-69.7931,24.2242,-80.6388,4.3065,0.0039,0.0003,0.0,80830,2,2,0,2023-11-09,0,9,11,3,-72.3297,-53.3597,0.106119271,0.328625549,-65.16083333333336,-64.85925999999999,0.0,1864,2.536600000000007,0,1,0
26444324210,702884380,14989130,1699517796,1699517796,2023-11-09,0.170657492,-66.7493,9.7058,-80.4846,4.2227,0.0087,0.0002,0.0004,80830,2,30,1,2023-11-09,0,9,11,3,-69.7931,-72.3297,0.134497289,0.106119271,-69.62403333333337,-64.63832,0.0,1865,3.0437999999999903,0,1,1
26444324209,702884380,14989130,1699517733,1699517733,2023-11-09,0.239148471,-61.3521,14.3319,-80.6361,4.007,0.0032,0.0003,0.0003,80830,2,30,1,2023-11-09,0,9,11,3,-66.7493,-69.7931,0.170657492,0.134497289,-65.96483333333336,-64.71678,0.0,1866,5.397200000000005,0,1,1
26444324207,702884380,14989130,1699517701,1699517701,2023-11-09,0.126242539,-70.628,21.184,-80.8325,3.996,0.0089,0.0003,0.0001,80830,2,30,1,2023-11-09,0,9,11,3,-61.3521,-66.7493,0.239148471,0.170657492,-66.24313333333336,-68.17044000000001,0.0,1867,-9.2759,0,1,0
26444324223,702884386,14989130,1699518652,1699518652,2023-11-09,0.268614526,-58.863,13.3598,-80.4815,4.3145,0.0023,0.0002,0.0001,80830,2,4,1,2023-11-09,0,9,11,3,-70.628,-61.3521,0.126242539,0.239148471,-63.614366666666704,-65.4771,0.0,1868,11.765,0,0,1
26444324170,702884380,14989130,1699517353,1699517353,2023-11-09,0.496719904,-32.5895,15.0909,-64.7542,3.8935,0.0023,0.0004,0.0004,80830,2,30,1,2023-11-09,0,9,11,3,-58.863,-70.628,0.268614526,0.126242539,-54.026833333333364,-58.03638000000001,0.0,1869,26.2735,0,0,1
26444324087,702884375,14989130,1699516529,1699516529,2023-11-09,0.144879314,-67.3334,10.6752,-78.7414,3.8838,0.0078,0.0002,0.0003,80830,3,6,1,2023-11-09,0,9,11,3,-58.4379,-70.0661,0.275264345,0.111520694,-65.27913333333335,-64.96742,0.0,1870,-34.7439,0,1,0
26444324109,702884380,14989130,1699516814,1699516814,2023-11-09,0.132953293,-69.9496,24.6948,-80.6757,3.9585,0.0116,0.0003,0.0,80830,2,30,1,2023-11-09,0,9,11,3,-32.5895,-58.863,0.496719904,0.268614526,-53.80070000000003,-58.67644,0.0,1871,-2.6162000000000063,1,1,0
26444324112,702884380,14989130,1699516877,1699516877,2023-11-09,0.244752524,-60.9598,32.729,-80.715,3.9535,0.0068,0.0003,0.0003,80830,2,30,1,2023-11-09,0,9,11,3,-67.854,-52.4163,0.159268625,0.337547362,-60.41003333333336,-64.13573999999998,0.0,1872,8.989800000000002,1,1,1
26444324073,702884370,14989130,1699513644,1699513644,2023-11-09,0.097741433,-70.6565,10.1525,-78.3107,3.8965,0.0103,0.0003,0.0004,80830,3,3,0,2023-11-09,0,9,11,3,-68.3507,-61.0572,0.130211203,0.22290907,-66.68813333333337,-67.49774,0.0,1873,-9.696699999999993,0,1,0
26444324245,702884385,14989130,1699518938,1699518938,2023-11-09,0.146728565,-67.1976,12.6391,-78.7529,4.096,0.0263,0.0004,0.0004,80830,3,15,1,2023-11-09,0,9,11,3,-43.4699,-69.9496,0.417790707,0.132953293,-60.205700000000036,-54.413920000000005,0.0,1874,3.4589,0,1,0
26444324220,702884385,14989130,1699518557,1699518557,2023-11-09,0.148265884,-66.9038,29.0285,-78.5501,4.2995,0.0132,0.0006,0.0,80830,3,15,1,2023-11-09,0,9,11,3,-52.9588,-69.2229,0.318779023,0.11367914,-63.02850000000003,-56.36605999999999,0.0,1875,0.2937999999999903,1,1,0
26444324122,702884379,14989130,1699516972,1699516972,2023-11-09,0.576593687,-23.899,19.7632,-56.4446,3.918,0.003,0.0003,0.0003,80830,3,27,1,2023-11-09,0,9,11,3,-24.2315,-61.7085,0.575396234,0.213398428,-36.613000000000035,-44.101299999999995,0.0,1876,43.0048,0,0,1
26444324126,702884379,14989130,1699517004,1699517004,2023-11-09,0.555104822,-25.5974,0.8886,-57.5358,3.899,0.0016,0.0003,0.0001,80830,3,27,1,2023-11-09,0,9,11,3,-23.899,-24.2315,0.576593687,0.575396234,-24.5759666666667,-40.526799999999994,0.0,1877,-1.6983999999999995,0,0,1
26444324130,702884379,14989130,1699517036,1699517036,2023-11-09,0.559554413,-26.5224,0.8273,-60.2172,3.8808,0.0025,0.0002,0.0001,80830,3,27,1,2023-11-09,0,9,11,3,-25.5974,-23.899,0.555104822,0.576593687,-25.339600000000036,-32.39176,0.0,1878,-0.9250000000000007,0,0,1
26444324139,702884379,14989130,1699517099,1699517099,2023-11-09,0.519035684,-29.4948,1.1697,-61.3243,3.8908,0.0023,0.0003,0.0001,80830,3,27,1,2023-11-09,0,9,11,3,-27.3424,-26.5224,0.538865784,0.559554413,-27.786533333333367,-26.571199999999997,0.0,1879,-2.9724000000000004,0,0,1
26444324143,702884379,14989130,1699517131,1699517131,2023-11-09,0.488934298,-35.165,0.5454,-68.8072,3.8895,0.0023,0.0002,0.0001,80830,3,27,1,2023-11-09,0,9,11,3,-29.4948,-27.3424,0.519035684,0.538865784,-30.667400000000033,-28.824400000000004,0.0,1880,-5.670199999999998,0,0,1
26444324147,702884379,14989130,1699517163,1699517163,2023-11-09,0.314921464,-40.148,41.2847,-58.6035,3.8095,0.1397,0.0003,0.0003,80830,3,27,1,2023-11-09,0,9,11,3,-35.165,-29.4948,0.488934298,0.519035684,-34.93593333333337,-31.734519999999996,0.0,1881,-4.983000000000004,1,0,1
26444324151,702884379,14989130,1699517194,1699517194,2023-11-09,0.436352742,-39.9795,1.673,-70.93,3.8848,0.0016,0.0003,0.0001,80830,3,27,1,2023-11-09,0,9,11,3,-40.148,-35.165,0.314921464,0.488934298,-38.43083333333337,-34.425940000000004,0.0,1882,0.16850000000000165,0,0,1
26444324175,702884380,14989130,1699517384,1699517384,2023-11-09,0.354623282,-37.9113,49.7721,-58.7429,3.8235,0.149,0.0003,0.0002,80830,2,30,1,2023-11-09,0,9,11,3,-39.9795,-40.148,0.436352742,0.314921464,-39.3462666666667,-36.53972,0.0,1883,2.0682000000000045,1,0,1
26444324159,702884379,14989130,1699517258,1699517258,2023-11-09,0.507371954,-31.6448,1.0713,-64.2367,3.8992,0.0011,0.0003,0.0003,80830,3,27,1,2023-11-09,0,9,11,3,-37.9113,-39.9795,0.354623282,0.436352742,-36.5118666666667,-36.96972,0.0,1884,6.266499999999997,0,0,1
26444324134,702884379,14989130,1699517067,1699517067,2023-11-09,0.538865784,-27.3424,0.9251,-59.2938,3.8777,0.0011,0.0003,0.0003,80830,3,27,1,2023-11-09,0,9,11,3,-26.5224,-25.5974,0.559554413,0.555104822,-26.487400000000036,-25.51854,0.0,1885,4.302399999999999,0,0,1
26444324155,702884379,14989130,1699517226,1699517226,2023-11-09,0.453369211,-39.5524,0.925,-72.3567,3.8948,0.0016,0.0002,0.0001,80830,3,27,1,2023-11-09,0,9,11,3,-31.6448,-37.9113,0.507371954,0.354623282,-36.36950000000004,-37.8472,0.0,1886,-12.209999999999997,0,0,1
26444324184,702884379,14989130,1699517480,1699517480,2023-11-09,0.291476071,-55.2502,3.7416,-77.9793,3.9213,0.002,0.0003,0.0003,80830,3,27,1,2023-11-09,0,9,11,3,-39.5524,-31.6448,0.453369211,0.507371954,-42.14913333333337,-40.867639999999994,0.0,1887,-15.6978,0,0,1
26444324180,702884379,14989130,1699517448,1699517448,2023-11-09,0.305259403,-54.1378,21.3791,-77.9252,3.901,0.002,0.0003,0.0003,80830,3,27,1,2023-11-09,0,9,11,3,-55.2502,-39.5524,0.291476071,0.453369211,-49.646800000000034,-43.6993,0.0,1888,1.112400000000001,1,0,1
26444324177,702884379,14989130,1699517416,1699517416,2023-11-09,0.431639499,-41.7051,5.4923,-73.3779,3.932,0.002,0.0002,0.0001,80830,3,27,1,2023-11-09,0,9,11,3,-54.1378,-55.2502,0.305259403,0.291476071,-50.364366666666704,-44.45806,0.0,1889,12.432699999999997,0,0,1
26444324188,702884379,14989130,1699517511,1699517511,2023-11-09,0.240113016,-59.3838,4.736,-78.1482,3.9848,0.0041,0.0002,0.0001,80830,3,27,1,2023-11-09,0,9,11,3,-41.7051,-54.1378,0.431639499,0.305259403,-51.74223333333337,-50.00586,0.0,1890,-17.6787,0,0,1
26444324173,702884379,14989130,1699517384,1699517384,2023-11-09,0.253747541,-58.6541,74.6712,-78.5982,3.8855,0.0025,0.0004,0.0004,80830,3,27,1,2023-11-09,0,9,11,3,-59.3838,-41.7051,0.240113016,0.431639499,-53.2476666666667,-53.82620000000001,0.0,1891,0.7297000000000011,1,0,1
26444324169,702884379,14989130,1699517353,1699517353,2023-11-09,0.415835415,-42.8445,19.6113,-73.3432,3.8812,0.003,0.0003,0.0004,80830,3,27,1,2023-11-09,0,9,11,3,-58.6541,-59.3838,0.253747541,0.240113016,-53.6274666666667,-51.345060000000004,0.0,1892,15.809600000000003,0,0,1
26444324167,702884379,14989130,1699517321,1699517321,2023-11-09,0.444883597,-40.5905,3.5165,-73.1207,3.8985,0.0011,0.0003,0.0001,80830,3,27,1,2023-11-09,0,9,11,3,-42.8445,-58.6541,0.415835415,0.253747541,-47.36303333333336,-48.6356,0.0,1893,2.253999999999998,0,0,1
26444324163,702884379,14989130,1699517289,1699517289,2023-11-09,0.432641256,-40.4895,1.6639,-71.3649,3.8912,0.0016,0.0003,0.0003,80830,3,27,1,2023-11-09,0,9,11,3,-40.5905,-42.8445,0.444883597,0.415835415,-41.3081666666667,-48.39248,0.0,1894,0.10099999999999909,0,0,1
26444324088,702884375,14989130,1699516560,1699516560,2023-11-09,0.154321889,-66.5788,17.4911,-78.7283,3.922,0.0039,0.0003,0.0003,80830,3,6,1,2023-11-09,0,9,11,3,-40.4895,-40.5905,0.432641256,0.444883597,-49.219600000000035,-49.83148,0.0,1895,-26.0893,0,1,0
26444324192,702884379,14989130,1699517543,1699517543,2023-11-09,0.162779391,-65.9549,47.089,-78.7784,4.0548,0.0084,0.0006,0.0003,80830,3,27,1,2023-11-09,0,9,11,3,-62.9021,-65.6414,0.199419376,0.163217541,-64.83280000000003,-65.43003999999999,0.0,1896,0.6239000000000061,1,1,1
26444324118,702884379,14989130,1699516941,1699516941,2023-11-09,0.575396234,-24.2315,2.4551,-57.0685,3.979,0.0023,0.0002,0.0003,80830,3,27,1,2023-11-09,0,9,11,3,-61.7085,-67.1976,0.213398428,0.146728565,-51.045866666666704,-53.31142000000001,0.0,1897,41.7234,0,0,1
26444324107,702884379,14989130,1699516846,1699516846,2023-11-09,0.213398428,-61.7085,8.3288,-78.4495,3.9585,0.0046,0.0003,0.0003,80830,3,27,1,2023-11-09,0,9,11,3,-67.1976,-43.4699,0.146728565,0.417790707,-57.458666666666694,-54.983019999999996,0.0,1898,-37.477000000000004,0,1,1
26444324104,702884379,14989130,1699516782,1699516782,2023-11-09,0.154607744,-66.6875,10.6618,-78.8835,3.903,0.0046,0.0003,0.0,80830,3,27,1,2023-11-09,0,9,11,3,-26.0573,-66.5788,0.544955574,0.154321889,-53.1078666666667,-48.08072,0.0,1899,-4.978999999999999,0,1,0
26444324247,702884385,14989130,1699519001,1699519001,2023-11-09,0.144596713,-67.3814,23.7527,-78.7715,3.9155,0.0098,0.0001,0.0002,80830,3,15,1,2023-11-09,0,9,11,3,-67.1889,-58.6067,0.144880206,0.253875014,-64.39233333333338,-62.52858,0.0,1900,-0.6938999999999993,1,1,0
26444324221,702884385,14989130,1699518621,1699518621,2023-11-09,0.197875373,-63.2525,44.3212,-78.8562,4.2962,0.006,0.0003,0.0004,80830,3,15,1,2023-11-09,0,9,11,3,-66.9038,-52.9588,0.148265884,0.318779023,-61.0383666666667,-63.805099999999996,0.0,1901,4.128900000000002,1,1,1
26444324227,702884385,14989130,1699518652,1699518652,2023-11-09,0.168165781,-65.3098,17.7649,-78.513,4.3035,0.0032,0.0004,0.0001,80830,3,15,1,2023-11-09,0,9,11,3,-63.2525,-66.9038,0.197875373,0.148265884,-65.1553666666667,-63.52955999999999,0.0,1902,-2.057299999999998,0,1,1
26444324230,702884385,14989130,1699518684,1699518684,2023-11-09,0.154723112,-66.1217,20.5131,-78.2249,4.3,0.0032,0.0003,0.0004,80830,3,15,1,2023-11-09,0,9,11,3,-65.3098,-63.2525,0.168165781,0.197875373,-64.89466666666671,-62.90932,0.0,1903,-0.8119000000000085,0,1,0
26444324231,702884385,14989130,1699518716,1699518716,2023-11-09,0.275274096,-56.7414,2.5872,-78.2936,4.3155,0.0,0.0003,0.0003,80830,3,15,1,2023-11-09,0,9,11,3,-66.1217,-65.3098,0.154723112,0.168165781,-62.72430000000003,-63.66584,0.0,1904,9.380300000000005,0,0,1
26444324234,702884385,14989130,1699518747,1699518747,2023-11-09,0.301972308,-54.3966,2.3161,-77.929,4.2992,0.0023,0.0003,0.0002,80830,3,15,1,2023-11-09,0,9,11,3,-56.7414,-66.1217,0.275274096,0.154723112,-59.0865666666667,-61.1644,0.0,1905,2.3447999999999993,0,0,1
26444324235,702884385,14989130,1699518779,1699518779,2023-11-09,0.276033538,-56.8242,2.173,-78.4901,4.144,0.0115,0.0002,8.94e-06,80830,3,15,1,2023-11-09,0,9,11,3,-54.3966,-56.7414,0.301972308,0.275274096,-55.98740000000004,-59.87874000000001,0.0,1906,-2.427599999999998,0,0,1
26444324238,702884385,14989130,1699518811,1699518811,2023-11-09,0.318806157,-53.115,19.9183,-77.9734,3.948,0.0025,0.0006,0.0004,80830,3,15,1,2023-11-09,0,9,11,3,-56.8242,-54.3966,0.276033538,0.301972308,-54.77860000000003,-57.439780000000006,0.0,1907,3.7091999999999956,1,0,1
26444324239,702884385,14989130,1699518842,1699518842,2023-11-09,0.294661901,-55.0941,2.3131,-78.1102,4.1922,0.0032,0.0004,0.0004,80830,3,15,1,2023-11-09,0,9,11,3,-53.115,-56.8242,0.318806157,0.276033538,-55.01110000000003,-55.23425999999999,0.0,1908,-1.9790999999999954,0,0,1
26444324202,702884379,14989130,1699517638,1699517638,2023-11-09,0.182604191,-64.3718,4.4285,-78.7523,4.1925,0.0057,0.0002,0.0003,80830,3,27,1,2023-11-09,0,9,11,3,-55.0941,-53.115,0.294661901,0.318806157,-57.5269666666667,-56.76034,0.0,1909,-9.277699999999996,0,1,1
26444324105,702884379,14989130,1699516814,1699516814,2023-11-09,0.253875014,-58.6067,8.027,-78.5481,3.9342,0.0034,0.0002,0.0001,80830,3,27,1,2023-11-09,0,9,11,3,-64.3718,-55.0941,0.182604191,0.294661901,-59.35753333333336,-57.60236,0.0,1910,5.765099999999997,0,0,1
26444324246,702884385,14989130,1699518969,1699518969,2023-11-09,0.144880206,-67.1889,18.7604,-78.5725,3.9502,0.0063,0.0003,0.0001,80830,3,15,1,2023-11-09,0,9,11,3,-58.6067,-64.3718,0.253875014,0.182604191,-63.38913333333337,-59.67529999999999,0.0,1911,-8.582200000000007,1,1,0
26444324248,702884385,14989130,1699519033,1699519033,2023-11-09,0.251040961,-58.7282,28.109,-78.4131,3.9312,0.0028,0.0006,0.0004,80830,3,15,1,2023-11-09,0,9,11,3,-67.3814,-67.1889,0.144596713,0.144880206,-64.43283333333338,-63.255399999999995,0.0,1912,8.460700000000003,1,0,1
26444324249,702884389,14989130,1699535610,1699535610,2023-11-09,0.1478414,-66.5391,15.1542,-78.083,3.9195,0.0076,0.0002,0.0,80830,3,3,0,2023-11-09,0,9,11,3,-58.7282,-67.3814,0.251040961,0.144596713,-64.21623333333338,-63.68886,0.0,1913,-7.810900000000004,0,1,0
26444324250,702884389,14989130,1699535641,1699535641,2023-11-09,0.15167856,-66.1197,12.5754,-77.9418,3.907,0.0059,0.0004,0.0004,80830,3,3,0,2023-11-09,0,9,11,3,-66.5391,-58.7282,0.1478414,0.251040961,-63.795666666666705,-65.19146,0.0,1914,0.4194000000000102,0,1,0
26444324251,702884389,14989130,1699535673,1699535673,2023-11-09,0.115016715,-69.0656,16.6887,-78.0417,3.8888,0.0065,0.0004,0.0004,80830,3,3,0,2023-11-09,0,9,11,3,-66.1197,-66.5391,0.15167856,0.1478414,-67.24146666666671,-65.56680000000001,0.0,1915,-2.945900000000009,0,1,0
26444324252,702884390,14989130,1699535958,1699535958,2023-11-09,0.141939292,-67.4567,45.2838,-78.6153,3.8918,0.0042,0.0002,0.0,80830,3,2,0,2023-11-09,0,9,11,3,-69.0656,-66.1197,0.115016715,0.15167856,-67.54733333333337,-65.58185999999999,0.0,1916,1.6089000000000055,1,1,0
26444324253,702884390,14989130,1699535990,1699535990,2023-11-09,0.163342672,-65.1951,12.0007,-77.9233,3.901,0.003,0.0002,0.0003,80830,3,2,0,2023-11-09,0,9,11,3,-67.4567,-69.0656,0.141939292,0.115016715,-67.23913333333337,-66.87524,0.0,1917,2.2616000000000014,0,1,1
26444324244,702884385,14989130,1699518906,1699518906,2023-11-09,0.163217541,-65.6414,18.4089,-78.445,4.1535,0.0238,0.0002,0.0003,80830,3,15,1,2023-11-09,0,9,11,3,-65.1951,-67.4567,0.163342672,0.141939292,-66.09773333333337,-66.6957,0.0,1918,-0.4463000000000079,0,1,1
26444324199,702884379,14989130,1699517606,1699517606,2023-11-09,0.199419376,-62.9021,9.6356,-78.5706,4.1585,0.0255,0.0002,0.0001,80830,3,27,1,2023-11-09,0,9,11,3,-65.6414,-65.1951,0.163217541,0.163342672,-64.57953333333337,-66.05217999999999,0.0,1919,2.739300000000007,0,1,1
26444324243,702884385,14989130,1699518874,1699518874,2023-11-09,0.318779023,-52.9588,15.9888,-77.741,4.1297,0.0084,0.0002,0.0001,80830,3,15,1,2023-11-09,0,9,11,3,-69.2229,-66.6875,0.11367914,0.154607744,-62.95640000000003,-56.30105999999999,0.0,1920,9.9433,0,0,1
26444324196,702884379,14989130,1699517575,1699517575,2023-11-09,0.11367914,-69.2229,27.1532,-78.1014,3.995,0.011,0.0003,0.0004,80830,3,27,1,2023-11-09,0,9,11,3,-66.6875,-26.0573,0.154607744,0.544955574,-53.98923333333337,-53.8072,0.0,1921,-16.2641,1,1,0
26444324115,702884379,14989130,1699516909,1699516909,2023-11-09,0.544955574,-26.0573,34.0792,-57.2632,3.9657,0.0011,0.0002,0.0004,80830,3,27,1,2023-11-09,0,9,11,3,-66.5788,-40.4895,0.154321889,0.432641256,-44.375200000000035,-43.31212000000001,0.0,1922,43.1656,1,0,1
26444324166,702884381,14989130,1699517321,1699517321,2023-11-09,0.390339917,-47.2817,5.8563,-77.5542,3.9185,0.0,0.0006,0.0004,80830,4,30,1,2023-11-09,0,9,11,3,-45.5422,-64.0473,0.399076359,0.208703516,-52.29040000000004,-55.21054,0.0,1923,-21.2244,0,0,1
26444324110,702884380,14989130,1699516846,1699516846,2023-11-09,0.159268625,-67.854,19.875,-80.7083,3.9765,0.003,0.0002,0.0004,80830,2,30,1,2023-11-09,0,9,11,3,-52.4163,-68.7921,0.337547362,0.149851021,-63.02080000000003,-65.61392,0.0,1924,-20.5723,0,1,1
26444324168,702884376,14989130,1699517321,1699517321,2023-11-09,0.429830357,-42.5468,2.036,-74.6213,3.888,0.0016,0.0006,0.0004,80830,1,27,1,2023-11-09,0,9,11,3,-64.8005,-50.7153,0.176615815,0.360813425,-52.68753333333337,-53.180640000000004,0.0,1925,25.3072,0,0,1
26444324121,702884381,14989130,1699516972,1699516972,2023-11-09,0.445767439,-39.8256,19.1009,-71.8572,3.94,0.003,0.0003,0.0003,80830,4,30,1,2023-11-09,0,9,11,3,-40.0992,-69.2977,0.448018402,0.118040177,-49.74083333333338,-56.38038,0.0,1926,2.721199999999996,1,0,1
26444324125,702884381,14989130,1699517004,1699517004,2023-11-09,0.430335763,-41.4621,1.6503,-72.7834,3.9185,0.0,0.0003,0.0001,80830,4,30,1,2023-11-09,0,9,11,3,-39.8256,-40.0992,0.445767439,0.448018402,-40.462300000000035,-50.77852,0.0,1927,-1.636499999999998,0,0,1
26444324129,702884381,14989130,1699517036,1699517036,2023-11-09,0.428895334,-42.4172,1.4268,-74.2722,3.902,0.0011,0.0002,0.0001,80830,4,30,1,2023-11-09,0,9,11,3,-41.4621,-39.8256,0.430335763,0.445767439,-41.23496666666671,-46.62036,0.0,1928,-0.9551000000000016,0,0,1
26444324133,702884381,14989130,1699517067,1699517067,2023-11-09,0.424410803,-42.637,1.7925,-74.0754,3.899,0.0,0.0003,0.0003,80830,4,30,1,2023-11-09,0,9,11,3,-42.4172,-41.4621,0.428895334,0.430335763,-42.172100000000036,-41.28822,0.0,1929,-0.21979999999999933,0,0,1
26444324138,702884381,14989130,1699517099,1699517099,2023-11-09,0.41168257,-44.662,1.6615,-75.9148,3.9105,0.002,0.0002,0.0001,80830,4,30,1,2023-11-09,0,9,11,3,-42.637,-42.4172,0.424410803,0.428895334,-43.23873333333338,-42.20078,0.0,1930,-2.0249999999999986,0,0,1
26444324217,702884384,14989130,1699518557,1699518557,2023-11-09,0.124448696,-71.4864,25.5081,-81.6473,4.322,0.0023,0.0003,0.0,80830,4,9,1,2023-11-09,0,9,11,3,-44.662,-42.637,0.41168257,0.424410803,-52.92846666666671,-48.53294,0.0,1931,-26.824400000000004,1,1,0
26444324146,702884381,14989130,1699517163,1699517163,2023-11-09,0.295144151,-56.7865,4.6224,-80.5647,3.9008,0.0016,0.0004,0.0004,80830,4,30,1,2023-11-09,0,9,11,3,-71.4864,-44.662,0.124448696,0.41168257,-57.644966666666704,-51.59782,0.0,1932,14.699900000000007,0,0,1
26444324090,702884375,14989130,1699516624,1699516624,2023-11-09,0.20566417,-62.395,5.5524,-78.5499,3.961,0.0054,0.0002,0.0001,80830,3,6,1,2023-11-09,0,9,11,3,-56.7865,-71.4864,0.295144151,0.124448696,-63.555966666666706,-55.59338,0.0,1933,-5.6085000000000065,0,1,1
26444324078,702884372,14989130,1699515705,1699515705,2023-11-09,0.197481019,-63.208,26.2364,-78.762,3.9845,0.0064,0.0002,0.0001,80830,3,5,1,2023-11-09,0,9,11,3,-69.4714,-65.9549,0.116228776,0.162779391,-66.21143333333337,-65.43556,0.0,1934,-0.8129999999999953,1,1,1
26444324102,702884378,14989130,1699516719,1699516719,2023-11-09,0.109846884,-72.4371,12.5584,-81.376,3.9177,0.003,0.0003,0.0005,80830,4,2,0,2023-11-09,0,9,11,3,-69.5112,-57.5342,0.146598176,0.291891127,-66.49416666666671,-59.56924,0.0,1935,-9.229100000000003,0,1,0
26444324135,702884376,14989130,1699517067,1699517067,2023-11-09,0.298569771,-57.1108,3.2128,-81.4205,3.862,0.0032,0.0003,0.0001,80830,1,27,1,2023-11-09,0,9,11,3,-73.1588,-65.0501,0.115148671,0.200850868,-65.1065666666667,-62.712379999999996,0.0,1936,15.326300000000003,0,0,1
26444324242,702884384,14989130,1699518874,1699518874,2023-11-09,0.145560425,-69.401,18.8327,-81.224,4.2125,0.0138,0.0003,0.0005,80830,4,9,1,2023-11-09,0,9,11,3,-71.312,-47.2817,0.133035397,0.390339917,-62.664900000000024,-59.51684,0.0,1937,-12.290199999999999,1,1,0
26444324226,702884384,14989130,1699518652,1699518652,2023-11-09,0.217449179,-63.6098,10.8445,-81.2852,4.324,0.0,0.0003,0.0002,80830,4,9,1,2023-11-09,0,9,11,3,-69.401,-71.312,0.145560425,0.133035397,-68.10760000000003,-59.42934,0.0,1938,5.791199999999996,0,1,1
26444324131,702884376,14989130,1699517036,1699517036,2023-11-09,0.402565419,-45.5094,1.9664,-76.1747,3.8672,0.0011,0.0003,0.0003,80830,1,27,1,2023-11-09,0,9,11,3,-63.6098,-69.401,0.217449179,0.145560425,-59.506733333333365,-59.42278,0.0,1939,18.1004,0,0,1
26444324127,702884376,14989130,1699517004,1699517004,2023-11-09,0.406971612,-45.5514,2.6371,-76.8115,3.888,0.0016,0.0003,0.0003,80830,1,27,1,2023-11-09,0,9,11,3,-45.5094,-63.6098,0.402565419,0.217449179,-51.55686666666671,-59.07672,0.0,1940,-0.04200000000000159,0,0,1
26444324123,702884376,14989130,1699516972,1699516972,2023-11-09,0.423188471,-43.854,21.762,-76.0283,3.9072,0.0025,0.0002,0.0001,80830,1,27,1,2023-11-09,0,9,11,3,-45.5514,-45.5094,0.406971612,0.402565419,-44.97160000000003,-53.585119999999996,0.0,1941,1.6974000000000018,1,0,1
26444324119,702884376,14989130,1699516941,1699516941,2023-11-09,0.403859395,-45.3694,1.9374,-76.1052,3.9592,0.0028,0.0003,0.0004,80830,1,27,1,2023-11-09,0,9,11,3,-43.854,-45.5514,0.423188471,0.406971612,-44.92493333333337,-48.7788,0.0,1942,-1.5153999999999996,0,0,1
26444324111,702884376,14989130,1699516877,1699516877,2023-11-09,0.195963983,-65.8725,13.8046,-81.9273,3.9255,0.0028,0.0003,0.0003,80830,1,27,1,2023-11-09,0,9,11,3,-45.3694,-43.854,0.403859395,0.423188471,-51.69863333333337,-49.23134,0.0,1943,-20.503100000000003,1,1,1
26444324108,702884376,14989130,1699516846,1699516846,2023-11-09,0.291168527,-57.8432,3.2982,-81.6036,3.9385,0.0011,0.0002,0.0001,80830,1,27,1,2023-11-09,0,9,11,3,-65.8725,-45.3694,0.195963983,0.403859395,-56.36170000000004,-51.6981,0.0,1944,8.0293,0,0,1
26444324116,702884381,14989130,1699516909,1699516909,2023-11-09,0.432183,-40.5205,32.6647,-71.3619,4.0135,0.0039,0.0003,0.0001,80830,4,30,1,2023-11-09,0,9,11,3,-57.8432,-65.8725,0.291168527,0.195963983,-54.74540000000004,-50.691919999999996,0.0,1945,17.322700000000005,1,0,1
26444324106,702884376,14989130,1699516814,1699516814,2023-11-09,0.291891127,-57.5342,4.544,-81.2505,3.9215,0.0011,0.0004,0.0004,80830,1,27,1,2023-11-09,0,9,11,3,-40.5205,-57.8432,0.432183,0.291168527,-51.9659666666667,-53.42796,0.0,1946,-17.0137,0,0,1
26444324117,702884381,14989130,1699516941,1699516941,2023-11-09,0.448018402,-40.0992,2.2136,-72.6459,4.0408,0.0042,0.0002,0.0001,80830,4,30,1,2023-11-09,0,9,11,3,-69.2977,-63.208,0.118040177,0.197481019,-57.5349666666667,-61.60624,0.0,1947,17.434999999999995,0,0,1
26444324218,702884384,14989130,1699518589,1699518589,2023-11-09,0.133035397,-71.312,51.9733,-82.2548,4.3208,0.0062,0.0005,0.0004,80830,4,9,1,2023-11-09,0,9,11,3,-47.2817,-45.5422,0.390339917,0.399076359,-54.711966666666704,-58.115640000000006,0.0,1948,-31.212799999999994,1,1,0
26444324114,702884381,14989130,1699516877,1699516877,2023-11-09,0.146598176,-69.5112,44.8215,-81.4519,3.9715,0.0094,0.0005,0.0007,80830,4,30,1,2023-11-09,0,9,11,3,-57.5342,-40.5205,0.291891127,0.432183,-55.855300000000035,-58.25632,0.0,1949,1.8007999999999953,1,1,0
26444324198,702884381,14989130,1699517606,1699517606,2023-11-09,0.278264476,-58.4766,2.413,-81.0222,4.2233,0.0,0.0006,0.0004,80830,4,30,1,2023-11-09,0,9,11,3,-72.4371,-69.5112,0.109846884,0.146598176,-66.80830000000005,-59.69592,0.0,1950,11.034600000000005,0,0,1
26444324206,702884381,14989130,1699517701,1699517701,2023-11-09,0.156988407,-68.5854,5.3165,-81.3576,4.0168,0.0136,0.0006,0.0004,80830,4,30,1,2023-11-09,0,9,11,3,-70.4757,-73.6014,0.133295866,0.095913632,-70.88750000000003,-67.55368,86400.0,1951,-10.10880000000001,0,1,0
26444324204,702884381,14989130,1699517670,1699517670,2023-11-09,0.133295866,-70.4757,24.3399,-81.3146,4.2378,0.0048,0.0003,0.0002,80830,4,30,1,2023-11-09,0,9,11,3,-73.6014,-66.3657,0.095913632,0.184709581,-70.14760000000003,-65.09956,0.0,1952,-1.8902999999999963,0,1,0
26444324212,702884382,14989130,1699518399,1699518399,2023-11-09,0.095913632,-73.6014,11.4997,-81.4097,4.2862,0.0045,0.0003,0.0,80830,4,3,0,2023-11-09,0,9,11,3,-66.3657,-58.7402,0.184709581,0.2740335,-66.2357666666667,-61.95518,0.0,1953,-3.125699999999995,0,1,0
26444324187,702884381,14989130,1699517480,1699517480,2023-11-09,0.31987335,-54.7538,4.693,-80.5053,3.945,0.0016,0.0002,0.0001,80830,4,30,1,2023-11-09,0,9,11,3,-48.1436,-43.5333,0.380774578,0.414809717,-48.81023333333337,-55.46888,0.0,1954,18.8476,0,0,1
26444324194,702884381,14989130,1699517543,1699517543,2023-11-09,0.2740335,-58.7402,5.4684,-80.9131,4.1833,0.011,0.0003,0.0001,80830,4,30,1,2023-11-09,0,9,11,3,-56.3148,-54.7538,0.301866489,0.31987335,-56.60293333333337,-52.29714,0.0,1955,-3.9864000000000033,0,0,1
26444324191,702884381,14989130,1699517511,1699517511,2023-11-09,0.301866489,-56.3148,5.7227,-80.6648,4.046,0.0053,0.0003,0.0003,80830,4,30,1,2023-11-09,0,9,11,3,-54.7538,-48.1436,0.31987335,0.380774578,-53.07073333333337,-52.244420000000005,0.0,1956,2.4254000000000033,0,0,1
26444324208,702884381,14989130,1699517733,1699517733,2023-11-09,0.262776438,-59.8512,17.1134,-81.1846,4.0427,0.0057,0.0003,0.0002,80830,4,30,1,2023-11-09,0,9,11,3,-68.5854,-70.4757,0.156988407,0.133295866,-66.30410000000005,-67.77588,0.0,1957,-3.5364000000000004,1,0,1
26444324183,702884381,14989130,1699517448,1699517448,2023-11-09,0.380774578,-48.1436,8.4682,-77.7481,3.9215,0.0,0.0003,0.0001,80830,4,30,1,2023-11-09,0,9,11,3,-43.5333,-58.4766,0.414809717,0.278264476,-50.05116666666671,-58.42036,0.0,1958,11.7076,0,0,1
26444324195,702884381,14989130,1699517575,1699517575,2023-11-09,0.184709581,-66.3657,60.8655,-81.4013,4.041,0.021,0.0003,0.0002,80830,4,30,1,2023-11-09,0,9,11,3,-58.7402,-56.3148,0.2740335,0.301866489,-60.473566666666706,-56.86361999999999,0.0,1959,-18.222100000000005,1,1,1
26444324113,702884381,14989130,1699516814,1699516814,2023-11-09,0.115148671,-73.1588,60.9236,-82.6792,3.9613,0.0096,0.0003,0.0,80830,4,30,1,2023-11-09,0,9,11,3,-65.0501,-71.2173,0.200850868,0.124428773,-69.80873333333336,-59.31822,0.0,1960,-6.7930999999999955,1,1,0
26444324214,702884382,14989130,1699518462,1699518462,2023-11-09,0.15962871,-68.499,21.6393,-81.5104,4.3232,0.0042,0.0003,0.0001,80830,4,3,0,2023-11-09,0,9,11,3,-67.3843,-40.4144,0.172844568,0.447144507,-58.76590000000002,-60.59246,0.0,1961,4.659800000000004,0,1,1
26444324176,702884381,14989130,1699517384,1699517384,2023-11-09,0.447144507,-40.4144,40.3639,-73.1012,3.906,0.0023,0.0002,0.0001,80830,4,30,1,2023-11-09,0,9,11,3,-66.8134,-59.8512,0.180056795,0.262776438,-55.69300000000004,-61.22802,0.0,1962,28.084599999999995,0,0,1
26444324213,702884382,14989130,1699518430,1699518430,2023-11-09,0.172844568,-67.3843,18.7887,-81.4651,4.3115,0.0048,0.0004,0.0001,80830,4,3,0,2023-11-09,0,9,11,3,-40.4144,-66.8134,0.447144507,0.180056795,-58.20403333333337,-60.60974,0.0,1963,-26.969899999999996,0,1,1
26444324201,702884381,14989130,1699517638,1699517638,2023-11-09,0.263887538,-59.8045,1.787,-81.2437,4.2385,0.0023,0.0004,0.0002,80830,4,30,1,2023-11-09,0,9,11,3,-68.499,-67.3843,0.15962871,0.172844568,-65.2292666666667,-60.583119999999994,0.0,1964,7.579799999999999,0,0,1
26444324171,702884381,14989130,1699517353,1699517353,2023-11-09,0.42472266,-42.5692,13.8181,-73.9977,3.902,0.0023,0.0003,0.0002,80830,4,30,1,2023-11-09,0,9,11,3,-59.8045,-68.499,0.263887538,0.15962871,-56.9575666666667,-55.73428,0.0,1965,17.235299999999995,0,0,1
26444324142,702884381,14989130,1699517131,1699517131,2023-11-09,0.443747705,-40.14,0.4593,-72.1615,3.9093,0.0016,0.0006,0.0004,80830,4,30,1,2023-11-09,0,9,11,3,-42.5692,-59.8045,0.42472266,0.263887538,-47.5045666666667,-55.6794,0.0,1966,2.4292000000000016,0,0,1
26444324162,702884381,14989130,1699517289,1699517289,2023-11-09,0.397955669,-47.0249,0.8951,-78.1087,3.9108,0.0011,0.0003,0.0002,80830,4,30,1,2023-11-09,0,9,11,3,-40.14,-42.5692,0.443747705,0.42472266,-43.244700000000044,-51.60752,0.0,1967,-6.884900000000002,0,0,1
26444324085,702884374,14989130,1699516529,1699516529,2023-11-09,0.124428773,-71.2173,20.1899,-81.3381,3.9065,0.0048,0.0003,0.0001,80830,4,2,0,2023-11-09,0,9,11,3,-47.0249,-40.14,0.397955669,0.443747705,-52.7940666666667,-52.15118,0.0,1968,-24.192399999999992,1,1,0
26444324101,702884378,14989130,1699516655,1699516655,2023-11-09,0.200850868,-65.0501,36.3615,-81.3992,4.0527,0.0136,0.0002,0.0,80830,4,2,0,2023-11-09,0,9,11,3,-71.2173,-47.0249,0.124428773,0.397955669,-61.09743333333336,-53.200300000000006,0.0,1969,6.167199999999994,1,1,1
26444324179,702884381,14989130,1699517416,1699517416,2023-11-09,0.414809717,-43.5333,30.0925,-74.3917,3.959,0.0023,0.0003,0.0003,80830,4,30,1,2023-11-09,0,9,11,3,-58.4766,-72.4371,0.278264476,0.109846884,-58.149000000000036,-60.29848,0.0,1970,21.516800000000003,1,0,1
26444324211,702884381,14989130,1699517796,1699517796,2023-11-09,0.180056795,-66.8134,21.5284,-81.4854,4.2428,0.0076,0.0003,0.0004,80830,4,30,1,2023-11-09,0,9,11,3,-59.8512,-68.5854,0.262776438,0.156988407,-65.08333333333337,-67.86542,0.0,1971,-23.280100000000004,0,1,1
26444324158,702884381,14989130,1699517258,1699517258,2023-11-09,0.399076359,-45.5422,1.2757,-75.787,3.9185,0.0,0.0004,0.0003,80830,4,30,1,2023-11-09,0,9,11,3,-64.0473,-62.395,0.208703516,0.20566417,-57.32816666666671,-60.051480000000005,0.0,1972,21.2712,0,0,1
26444324150,702884381,14989130,1699517194,1699517194,2023-11-09,0.270080499,-59.2645,9.5122,-81.1932,3.9053,0.0016,0.0003,0.0002,80830,4,30,1,2023-11-09,0,9,11,3,-57.1108,-73.1588,0.298569771,0.115148671,-63.17803333333336,-65.16029999999999,0.0,1973,-13.722299999999997,0,0,1
26444324154,702884381,14989130,1699517226,1699517226,2023-11-09,0.208703516,-64.0473,4.0279,-80.9397,3.9137,0.002,0.0005,0.0004,80830,4,30,1,2023-11-09,0,9,11,3,-62.395,-56.7865,0.20566417,0.295144151,-61.076266666666704,-59.875440000000005,0.0,1974,-4.782800000000009,0,1,1
26444324152,702884376,14989130,1699517194,1699517194,2023-11-09,0.365550602,-50.6014,2.5927,-79.7564,3.872,0.002,0.0003,0.0001,80830,1,27,1,2023-11-09,0,9,11,3,-70.7169,-59.2645,0.144660546,0.270080499,-60.1942666666667,-62.17048,0.0,1975,13.445900000000009,0,0,1
26444324181,702884376,14989130,1699517448,1699517448,2023-11-09,0.257231905,-60.6049,7.872,-81.5933,3.8897,0.0011,0.0004,0.0007,80830,1,27,1,2023-11-09,0,9,11,3,-50.6014,-70.7169,0.365550602,0.144660546,-60.641066666666696,-59.6597,0.0,1976,-10.003500000000003,1,1,1
26444324103,702884376,14989130,1699516782,1699516782,2023-11-09,0.215366009,-64.4241,12.8051,-82.1072,3.89,0.003,0.0004,0.0004,80830,1,27,1,2023-11-09,0,9,11,3,-60.6049,-50.6014,0.257231905,0.365550602,-58.543466666666696,-61.12236,0.0,1977,-3.819199999999995,1,1,1
26444324065,702884369,14989130,1699512662,1699512662,2023-11-09,0.107001931,-70.0198,14.4914,-78.4098,4.2717,0.0103,0.0003,0.0004,80830,3,12,1,2023-11-09,0,9,11,3,-64.4241,-60.6049,0.215366009,0.257231905,-65.0162666666667,-63.27342,0.0,1978,-5.595700000000008,1,1,0
26444324205,702884380,14989130,1699517670,1699517670,2023-11-09,0.109307775,-72.1059,20.0647,-80.9549,4.2293,0.0265,0.0003,0.0004,80830,2,30,1,2023-11-09,0,9,11,3,-70.0198,-64.4241,0.107001931,0.215366009,-68.84993333333337,-63.55122,0.0,1979,-2.086100000000002,1,1,0
26444324098,702884377,14989130,1699516687,1699516687,2023-11-09,0.099587103,-72.6834,32.0243,-80.7223,3.9625,0.0095,0.0003,0.0004,80830,2,4,1,2023-11-09,0,9,11,3,-72.1059,-70.0198,0.109307775,0.107001931,-71.60303333333337,-67.96762,0.0,1980,-0.5775000000000006,1,1,0
26444324094,702884377,14989130,1699516655,1699516655,2023-11-09,0.179266066,-66.1656,14.1642,-80.6176,4.0237,0.0071,0.0003,0.0004,80830,2,4,1,2023-11-09,0,9,11,3,-72.6834,-72.1059,0.099587103,0.109307775,-70.31830000000004,-69.07976,0.0,1981,6.517800000000008,0,1,1
26444324093,702884377,14989130,1699516624,1699516624,2023-11-09,0.124663762,-70.6476,26.754,-80.7091,3.9878,0.0144,0.0003,0.0,80830,2,4,1,2023-11-09,0,9,11,3,-66.1656,-72.6834,0.179266066,0.099587103,-69.83220000000003,-70.32446,0.0,1982,-4.481999999999999,1,1,0
26444324057,702884368,14989130,1699512345,1699512345,2023-11-09,0.17497754,-65.0187,11.6398,-78.8084,4.0285,0.0108,0.0004,0.0,80830,3,2,0,2023-11-09,0,9,11,3,-70.6476,-66.1656,0.124663762,0.179266066,-67.27730000000004,-69.32424,0.0,1983,5.628900000000002,0,1,1
26444324058,702884368,14989130,1699512376,1699512376,2023-11-09,0.178356407,-64.9879,9.4494,-79.095,4.0965,0.0143,0.0006,0.0004,80830,3,2,0,2023-11-09,0,9,11,3,-65.0187,-70.6476,0.17497754,0.124663762,-66.88473333333336,-67.90064,0.0,1984,0.030799999999999272,0,1,1
26444324059,702884369,14989130,1699512472,1699512472,2023-11-09,0.142934116,-67.6033,3.2154,-78.8776,4.2313,0.0087,0.0006,0.0,80830,3,12,1,2023-11-09,0,9,11,3,-64.9879,-65.0187,0.178356407,0.17497754,-65.8699666666667,-66.88462,0.0,1985,-2.615400000000008,0,1,0
26444324060,702884369,14989130,1699512503,1699512503,2023-11-09,0.191061173,-63.4856,3.4181,-78.4801,4.246,0.0039,0.0004,0.0004,80830,3,12,1,2023-11-09,0,9,11,3,-67.6033,-64.9879,0.142934116,0.178356407,-65.35893333333335,-66.34862000000001,0.0,1986,4.117700000000006,0,1,1
26444324062,702884369,14989130,1699512567,1699512567,2023-11-09,0.112763736,-70.2637,41.7621,-79.1939,4.1013,0.0561,0.0003,8.94e-06,80830,3,12,1,2023-11-09,0,9,11,3,-71.6349,-63.4856,0.130901772,0.191061173,-68.46140000000004,-67.59508000000001,0.0,1987,-6.778100000000002,1,1,0
26444324099,702884376,14989130,1699516719,1699516719,2023-11-09,0.130901772,-71.6349,51.1834,-82.4244,3.8848,0.005,0.0003,0.0002,80830,1,27,1,2023-11-09,0,9,11,3,-63.4856,-67.6033,0.191061173,0.142934116,-67.57460000000003,-66.54608,0.0,1988,-1.3712000000000018,1,1,0
26444324064,702884369,14989130,1699512630,1699512630,2023-11-09,0.192297247,-63.6452,5.42,-78.7978,4.2583,0.0103,0.0003,0.0001,80830,3,12,1,2023-11-09,0,9,11,3,-66.8147,-70.2637,0.149677318,0.112763736,-66.9078666666667,-67.16882000000001,0.0,1989,7.989699999999999,0,1,1
26444324066,702884369,14989130,1699512693,1699512693,2023-11-09,0.118141532,-69.4908,26.1433,-78.8004,4.227,0.0078,0.0004,0.0004,80830,3,12,1,2023-11-09,0,9,11,3,-63.6452,-66.8147,0.192297247,0.149677318,-66.65023333333336,-68.36985999999999,0.0,1990,-5.84559999999999,0,1,0
26444324067,702884369,14989130,1699512757,1699512757,2023-11-09,0.148322632,-67.1063,15.8856,-78.7931,4.1963,0.0152,0.0002,0.0004,80830,3,12,1,2023-11-09,0,9,11,3,-69.4908,-63.6452,0.118141532,0.192297247,-66.74743333333338,-67.46414,0.0,1991,2.3844999999999885,0,1,0
26444324068,702884369,14989130,1699512789,1699512789,2023-11-09,0.170291223,-65.2517,9.1086,-78.6441,4.2268,0.0115,0.0003,0.0003,80830,3,12,1,2023-11-09,0,9,11,3,-67.1063,-69.4908,0.148322632,0.118141532,-67.28293333333336,-66.46173999999999,0.0,1992,1.854600000000005,0,1,1
26444324069,702884369,14989130,1699512820,1699512820,2023-11-09,0.195721139,-63.4572,50.3572,-78.8995,4.0682,0.0068,0.0003,0.0003,80830,3,12,1,2023-11-09,0,9,11,3,-65.2517,-67.1063,0.170291223,0.148322632,-65.27173333333337,-65.79024,0.0,1993,1.7944999999999993,1,1,1
26444324070,702884369,14989130,1699512852,1699512852,2023-11-09,0.186284642,-64.011,10.0629,-78.6651,4.0903,0.0202,0.0003,0.0001,80830,3,12,1,2023-11-09,0,9,11,3,-63.4572,-65.2517,0.195721139,0.170291223,-64.2399666666667,-65.8634,0.0,1994,-0.5537999999999954,0,1,1
26444324156,702884376,14989130,1699517226,1699517226,2023-11-09,0.414542924,-43.8296,1.4941,-74.8639,3.8832,0.002,0.0003,0.0004,80830,1,27,1,2023-11-09,0,9,11,3,-64.011,-63.4572,0.186284642,0.195721139,-57.0992666666667,-60.73116,0.0,1995,20.181399999999996,0,0,1
26444324160,702884376,14989130,1699517258,1699517258,2023-11-09,0.360813425,-50.7153,3.6871,-79.3435,3.8883,0.0016,0.0003,0.0001,80830,1,27,1,2023-11-09,0,9,11,3,-43.8296,-64.011,0.414542924,0.186284642,-52.851966666666705,-57.45296,0.0,1996,-6.8857,0,0,1
26444324061,702884369,14989130,1699512535,1699512535,2023-11-09,0.176615815,-64.8005,8.7437,-78.7002,4.0522,0.0191,0.0004,0.0001,80830,3,12,1,2023-11-09,0,9,11,3,-50.7153,-43.8296,0.360813425,0.414542924,-53.11513333333337,-57.36272,0.0,1997,-14.0852,0,1,1
26444324164,702884376,14989130,1699517289,1699517289,2023-11-09,0.438537729,-42.2424,0.6357,-75.2364,3.879,0.0028,0.0003,0.0001,80830,1,27,1,2023-11-09,0,9,11,3,-42.5468,-64.8005,0.429830357,0.176615815,-49.86323333333337,-48.826919999999994,0.0,1998,22.558099999999996,0,0,1
26444324063,702884369,14989130,1699512598,1699512598,2023-11-09,0.149677318,-66.8147,5.6436,-78.5757,4.247,0.0068,0.0004,0.0004,80830,3,12,1,2023-11-09,0,9,11,3,-70.2637,-71.6349,0.112763736,0.130901772,-69.57110000000004,-67.96044,0.0,1999,-24.5723,0,1,0
26444324092,702884376,14989130,1699516624,1699516624,2023-11-09,0.116319103,-73.2028,53.3025,-82.8385,3.9448,0.0025,0.0003,0.0004,80830,1,27,1,2023-11-09,0,9,11,3,-42.2424,-42.5468,0.438537729,0.429830357,-52.66400000000004,-54.70155999999999,0.0,2000,-6.388099999999994,1,1,0
26444324096,702884376,14989130,1699516655,1699516655,2023-11-09,0.144660546,-70.7169,55.5427,-82.677,3.9653,0.0109,0.0006,0.0004,80830,1,27,1,2023-11-09,0,9,11,3,-59.2645,-57.1108,0.270080499,0.298569771,-62.3640666666667,-65.06022,0.0,2001,2.485900000000001,1,1,0
26444324091,702884376,14989130,1699516560,1699516560,2023-11-09,0.098935391,-74.5831,52.8258,-82.7722,3.9188,0.0066,0.0005,0.0,80830,1,27,1,2023-11-09,0,9,11,3,-73.2028,-42.2424,0.116319103,0.438537729,-63.342766666666705,-59.47511999999999,0.0,2002,-3.8662000000000063,1,1,0
26444324083,702884373,14989130,1699516180,1699516180,2023-11-09,0.105466265,-73.3888,25.6587,-82.0414,3.866,0.0075,0.0003,0.0004,80830,1,3,0,2023-11-09,0,9,11,3,-74.5831,-73.2028,0.098935391,0.116319103,-73.72490000000003,-61.19277999999999,0.0,2003,1.1942999999999984,0,1,0
26444324082,702884373,14989130,1699516148,1699516148,2023-11-09,0.1180363,-72.4273,21.3806,-82.1205,3.8715,0.0068,0.0006,0.0004,80830,1,3,0,2023-11-09,0,9,11,3,-73.3888,-74.5831,0.105466265,0.098935391,-73.46640000000004,-67.16887999999999,0.0,2004,0.9615000000000009,0,1,0
26444324084,702884374,14989130,1699516497,1699516497,2023-11-09,0.126776169,-71.0103,18.3097,-81.3197,3.9135,0.0077,0.0003,0.0,80830,4,2,0,2023-11-09,0,9,11,3,-72.4273,-73.3888,0.1180363,0.105466265,-72.2754666666667,-72.92246,0.0,2005,1.4170000000000016,0,1,0
26444324219,702884384,14989130,1699518621,1699518621,2023-11-09,0.451267659,-39.2224,29.5686,-71.4782,4.316,0.0028,0.0002,0.0003,80830,4,9,1,2023-11-09,0,9,11,3,-72.1617,-71.0103,0.118767036,0.126776169,-60.79813333333337,-65.6421,0.0,2006,31.7879,0,0,1
26444324140,702884376,14989130,1699517099,1699517099,2023-11-09,0.298962573,-57.0465,4.6228,-81.3744,3.8795,0.0034,0.0003,0.0004,80830,1,27,1,2023-11-09,0,9,11,3,-39.2224,-72.1617,0.451267659,0.118767036,-56.14353333333337,-62.37364,0.0,2007,-17.8241,0,0,1
26444324148,702884376,14989130,1699517163,1699517163,2023-11-09,0.349961632,-52.0123,1.0669,-80.0142,3.8657,0.0011,0.0003,0.0001,80830,1,27,1,2023-11-09,0,9,11,3,-57.0465,-39.2224,0.298962573,0.451267659,-49.42706666666671,-58.290639999999996,0.0,2008,5.0341999999999985,0,0,1
26444324229,702884384,14989130,1699518684,1699518684,2023-11-09,0.108635619,-72.3352,21.0266,-81.1511,4.3282,0.0028,0.0002,0.0004,80830,4,9,1,2023-11-09,0,9,11,3,-52.0123,-57.0465,0.349961632,0.298962573,-60.46466666666671,-58.55562,0.0,2009,-20.322899999999997,1,1,0
26444324081,702884373,14989130,1699516117,1699516117,2023-11-09,0.120380792,-72.3668,28.8545,-82.2706,3.8582,0.0122,0.0005,0.0,80830,1,3,0,2023-11-09,0,9,11,3,-72.3352,-52.0123,0.108635619,0.349961632,-65.57143333333336,-58.59664,0.0,2010,-0.03159999999999741,1,1,0
26444324233,702884384,14989130,1699518747,1699518747,2023-11-09,0.120318512,-71.6534,6.2406,-81.4538,4.325,0.0023,0.0003,0.0004,80830,4,9,1,2023-11-09,0,9,11,3,-72.3668,-72.3352,0.120380792,0.108635619,-72.11846666666669,-65.08284,0.0,2011,0.7133999999999929,0,1,0
26444324097,702884376,14989130,1699516687,1699516687,2023-11-09,0.118767036,-72.1617,25.9562,-81.8872,3.934,0.0073,0.0006,0.0004,80830,1,27,1,2023-11-09,0,9,11,3,-71.0103,-72.4273,0.126776169,0.1180363,-71.86643333333338,-72.71423999999999,0.0,2012,-0.5082999999999913,1,1,0
26444324236,702884384,14989130,1699518779,1699518779,2023-11-09,0.096896227,-74.1478,41.4372,-82.1033,4.2355,0.0121,0.0003,0.0001,80830,4,9,1,2023-11-09,0,9,11,3,-71.6534,-72.3668,0.120318512,0.120380792,-72.72266666666671,-68.5031,0.0,2013,-1.9861000000000075,1,1,0
26444324237,702884384,14989130,1699518811,1699518811,2023-11-09,0.147746477,-69.4919,10.3576,-81.539,3.9893,0.0101,0.0006,0.0002,80830,4,9,1,2023-11-09,0,9,11,3,-74.1478,-71.6534,0.096896227,0.120318512,-71.7643666666667,-71.99902,0.0,2014,4.655900000000003,0,1,0
26444324225,702884387,14989130,1699518652,1699518652,2023-11-09,0.117462356,-72.9653,39.5956,-82.6767,4.2932,0.0081,0.0004,0.0004,80830,1,2,0,2023-11-09,0,9,11,3,-69.4919,-74.1478,0.147746477,0.096896227,-72.20166666666671,-72.12504,0.0,2015,-3.473399999999998,1,1,0
26444324224,702884387,14989130,1699518621,1699518621,2023-11-09,0.162371351,-68.5037,51.799,-81.7829,4.2808,0.0117,0.0004,0.0,80830,1,2,0,2023-11-09,0,9,11,3,-72.9653,-69.4919,0.117462356,0.147746477,-70.32030000000003,-71.35242,0.0,2016,4.461600000000004,1,1,1
26444324189,702884376,14989130,1699517511,1699517511,2023-11-09,0.242710786,-62.0026,5.5274,-81.8744,3.9595,0.0011,0.0003,0.0002,80830,1,27,1,2023-11-09,0,9,11,3,-68.5037,-72.9653,0.162371351,0.117462356,-67.82386666666672,-69.42226000000001,0.0,2017,6.501099999999994,0,1,1
26444324144,702884376,14989130,1699517131,1699517131,2023-11-09,0.431602552,-41.8224,0.6049,-73.5795,3.8775,0.0,0.0003,0.0003,80830,1,27,1,2023-11-09,0,9,11,3,-62.0026,-68.5037,0.242710786,0.162371351,-57.44290000000004,-62.957179999999994,0.0,2018,20.1802,0,0,1
26444324185,702884376,14989130,1699517480,1699517480,2023-11-09,0.328581901,-54.3143,4.4621,-80.8949,3.911,0.0016,0.0004,0.0002,80830,1,27,1,2023-11-09,0,9,11,3,-41.8224,-62.0026,0.431602552,0.242710786,-52.71310000000003,-59.921659999999996,0.0,2019,-12.491900000000001,0,0,1
26444324174,702884376,14989130,1699517384,1699517384,2023-11-09,0.376083217,-49.3331,21.657,-79.07,3.8725,0.0039,0.0003,0.0002,80830,1,27,1,2023-11-09,0,9,11,3,-54.3143,-41.8224,0.328581901,0.431602552,-48.489933333333376,-55.19521999999999,0.0,2020,4.981200000000001,1,0,1
26444324172,702884376,14989130,1699517353,1699517353,2023-11-09,0.419791756,-43.1972,14.8929,-74.4512,3.8678,0.0025,0.0004,0.0004,80830,1,27,1,2023-11-09,0,9,11,3,-49.3331,-54.3143,0.376083217,0.328581901,-48.94820000000004,-50.13392,0.0,2021,6.1358999999999995,1,0,1
26444324071,702884370,14989130,1699513549,1699513549,2023-11-09,0.118040177,-69.2977,11.3143,-78.5724,3.9028,0.006,0.0003,0.0,80830,3,3,0,2023-11-09,0,9,11,3,-63.208,-69.4714,0.197481019,0.116228776,-67.32570000000004,-66.16682,0.0,2022,-26.100500000000004,0,1,0
26444324299,702884400,14989130,1699671680,1699671680,2023-11-10,0.297321371,-55.9309,19.0669,-79.5967,4.2977,0.0028,0.0003,0.0001,80830,3,7,1,2023-11-10,0,10,11,4,-67.9099,-71.1685,0.168044074,0.128668832,-65.00310000000003,-68.06577999999999,0.0,2023,13.366800000000005,1,0,1
26444324296,702884399,14989130,1699671649,1699671649,2023-11-10,0.168044074,-67.9099,11.9029,-81.6268,4.1915,0.0334,0.0003,0.0003,80830,1,3,0,2023-11-10,0,10,11,4,-71.1685,-72.8561,0.128668832,0.109003145,-70.64483333333337,-70.40408,0.0,2024,-11.978999999999992,0,1,1
26444324309,702884402,14989130,1699672092,1699672092,2023-11-10,0.128668832,-71.1685,21.608,-81.6779,4.107,0.0428,0.0004,0.0,80830,1,2,0,2023-11-10,0,10,11,4,-72.8561,-72.4635,0.109003145,0.115707814,-72.16270000000003,-70.6729,0.0,2025,-3.2586000000000013,1,1,0
26444324310,702884402,14989130,1699672124,1699672124,2023-11-10,0.109003145,-72.8561,10.7216,-81.7692,4.2395,0.0086,0.0003,0.0001,80830,1,2,0,2023-11-10,0,10,11,4,-72.4635,-67.6224,0.115707814,0.162038546,-70.98066666666669,-70.71144000000001,0.0,2026,-1.6876000000000033,0,1,0
26444324306,702884401,14989130,1699671775,1699671775,2023-11-10,0.115707814,-72.4635,6.3301,-81.9452,4.3273,0.005,0.0003,0.0003,80830,1,2,0,2023-11-10,0,10,11,4,-67.6224,-69.254,0.162038546,0.144496931,-69.77996666666671,-70.29086,0.0,2027,0.3926000000000016,0,1,0
26444324301,702884398,14989130,1699671680,1699671680,2023-11-10,0.162038546,-67.6224,13.0894,-80.6987,4.318,0.0053,0.0006,0.0004,80830,4,5,1,2023-11-10,0,10,11,4,-69.254,-71.3612,0.144496931,0.119171522,-69.41253333333337,-69.37612,0.0,2028,4.841099999999997,0,1,1
26444324323,702884405,14989130,1699672631,1699672631,2023-11-10,0.181455854,-65.7611,6.1642,-80.3391,4.3395,0.0032,0.0006,0.0,80830,3,3,0,2023-11-10,0,10,11,4,-43.1972,-49.3331,0.419791756,0.376083217,-52.76380000000004,-50.88562,0.0,2029,1.8613,0,1,1
26444324290,702884398,14989130,1699671585,1699671585,2023-11-10,0.133357668,-70.7532,39.3699,-81.6406,4.3273,0.0045,0.0005,0.0,80830,4,5,1,2023-11-10,0,10,11,4,-67.8898,-65.7611,0.129563267,0.181455854,-68.13470000000004,-59.38688,0.0,2030,-4.992100000000008,1,1,0
26444324324,702884405,14989130,1699672695,1699672695,2023-11-10,0.129563267,-67.8898,18.0101,-77.9951,4.343,0.0113,0.0002,0.0004,80830,3,3,0,2023-11-10,0,10,11,4,-65.7611,-43.1972,0.181455854,0.419791756,-58.9493666666667,-56.0991,0.0,2031,2.863400000000013,0,1,0
26444324320,702884404,14989130,1699672473,1699672473,2023-11-10,0.142380434,-68.7491,9.0762,-80.1627,4.2592,0.009,0.0002,0.0001,80830,3,8,1,2023-11-10,0,10,11,4,-64.1214,-61.0414,0.20393653,0.232084157,-64.63730000000004,-64.5297,0.0,2032,-0.8593000000000046,0,1,0
26444324293,702884399,14989130,1699671617,1699671617,2023-11-10,0.218655394,-63.7485,3.0788,-81.5882,4.2835,0.0023,0.0002,0.0004,80830,1,3,0,2023-11-10,0,10,11,4,-71.7847,-68.7491,0.110974743,0.142380434,-68.09410000000004,-65.88901999999999,0.0,2033,5.000599999999999,0,1,1
26444324305,702884401,14989130,1699671744,1699671744,2023-11-10,0.091981109,-74.8687,28.3689,-82.4528,4.4115,0.0315,0.0003,0.0,80830,1,2,0,2023-11-10,0,10,11,4,-55.9309,-67.9099,0.297321371,0.168044074,-66.23650000000004,-68.54682,0.0,2034,-11.120200000000004,1,1,0
26444324291,702884398,14989130,1699671617,1699671617,2023-11-10,0.119171522,-71.3612,11.219,-81.016,4.3098,0.007,0.0003,0.0003,80830,4,5,1,2023-11-10,0,10,11,4,-70.7532,-67.8898,0.133357668,0.129563267,-70.00140000000003,-63.7925,0.0,2035,3.5075000000000074,0,1,0
26444324302,702884398,14989130,1699671712,1699671712,2023-11-10,0.132114067,-70.175,3.9224,-80.8574,4.4097,0.0192,0.0003,0.0001,80830,4,5,1,2023-11-10,0,10,11,4,-74.8687,-55.9309,0.091981109,0.297321371,-66.99153333333338,-68.0106,0.0,2036,1.1861999999999995,0,1,0
26444324308,702884400,14989130,1699671839,1699671839,2023-11-10,0.103499613,-71.8996,14.4974,-80.2003,4.6835,0.0094,0.0002,0.0006,80830,3,7,1,2023-11-10,0,10,11,4,-62.8417,-61.6986,0.21227509,0.233310137,-65.47996666666671,-66.62582,0.0,2037,-1.7246000000000095,1,1,0
26444324295,702884398,14989130,1699671649,1699671649,2023-11-10,0.144496931,-69.254,12.6654,-80.9512,4.2652,0.006,0.0002,0.0001,80830,4,5,1,2023-11-10,0,10,11,4,-71.3612,-70.7532,0.119171522,0.133357668,-70.45613333333337,-69.00386,0.0,2038,2.6456000000000017,0,1,0
26444324294,702884397,14989130,1699671649,1699671649,2023-11-10,0.175897737,-67.1317,40.1674,-81.4604,4.2523,0.0039,0.0003,0.0003,80830,2,4,1,2023-11-10,0,10,11,4,-69.5575,-62.7215,0.127695169,0.214555669,-66.47023333333337,-68.89088,0.0,2039,2.12230000000001,1,1,1
26444324319,702884404,14989130,1699672441,1699672441,2023-11-10,0.232084157,-61.0414,16.2752,-79.4897,4.1945,0.006,0.0003,0.0001,80830,3,8,1,2023-11-10,0,10,11,4,-66.5114,-62.2252,0.16945673,0.223195816,-63.259333333333366,-62.50286,0.0,2040,6.090299999999992,0,1,1
26444324318,702884404,14989130,1699672409,1699672409,2023-11-10,0.16945673,-66.5114,25.8826,-80.0818,4.0302,0.0282,0.0004,0.0003,80830,3,8,1,2023-11-10,0,10,11,4,-62.2252,-58.685,0.223195816,0.263150229,-62.47386666666671,-62.64064,0.0,2041,-5.469999999999992,1,1,1
26444324316,702884404,14989130,1699672314,1699672314,2023-11-10,0.223195816,-62.2252,5.3447,-80.1041,4.0723,0.0172,0.0003,0.0001,80830,3,8,1,2023-11-10,0,10,11,4,-58.685,-64.0513,0.263150229,0.199219614,-61.653833333333374,-61.7654,0.0,2042,4.286199999999994,0,1,1
26444324315,702884404,14989130,1699672283,1699672283,2023-11-10,0.263150229,-58.685,6.7833,-79.6431,4.2635,0.0032,0.0005,0.0,80830,3,8,1,2023-11-10,0,10,11,4,-64.0513,-61.7303,0.199219614,0.224937724,-61.4888666666667,-61.796820000000004,0.0,2043,3.5401999999999987,0,0,1
26444324314,702884403,14989130,1699672188,1699672188,2023-11-10,0.199219614,-64.0513,57.1693,-79.9861,4.2345,0.005,0.0004,0.0004,80830,3,4,1,2023-11-10,0,10,11,4,-61.7303,-62.1352,0.224937724,0.222303856,-62.63893333333337,-64.43974,0.0,2044,-5.366299999999995,1,1,1
26444324307,702884400,14989130,1699671775,1699671775,2023-11-10,0.20393653,-64.1214,35.8448,-80.5481,4.3392,0.0016,0.0004,0.0004,80830,3,7,1,2023-11-10,0,10,11,4,-61.0414,-66.5114,0.232084157,0.16945673,-63.89140000000003,-62.51687999999999,0.0,2045,-0.0700999999999965,1,1,1
26444324312,702884403,14989130,1699672124,1699672124,2023-11-10,0.222303856,-62.1352,7.5701,-79.8965,4.2428,0.0053,0.0002,0.0001,80830,3,4,1,2023-11-10,0,10,11,4,-62.3823,-71.8996,0.219452411,0.103499613,-65.4723666666667,-64.19148,0.0,2046,1.9861999999999966,0,1,1
26444324311,702884403,14989130,1699672092,1699672092,2023-11-10,0.219452411,-62.3823,4.0751,-79.9212,4.1647,0.0225,0.0003,0.0,80830,3,4,1,2023-11-10,0,10,11,4,-71.8996,-62.8417,0.103499613,0.21227509,-65.7078666666667,-65.19077999999999,0.0,2047,-0.2471000000000032,0,1,1
26444324322,702884404,14989130,1699672536,1699672536,2023-11-10,0.21227509,-62.8417,24.7398,-79.7762,4.277,0.0036,0.0003,0.0003,80830,3,8,1,2023-11-10,0,10,11,4,-61.6986,-67.1317,0.233310137,0.175897737,-63.890666666666704,-64.7902,0.0,2048,-0.45940000000000225,0,1,1
26444324300,702884397,14989130,1699671680,1699671680,2023-11-10,0.233310137,-61.6986,17.0073,-80.474,4.3083,0.0023,0.0003,0.0001,80830,2,4,1,2023-11-10,0,10,11,4,-67.1317,-69.5575,0.175897737,0.127695169,-66.12926666666671,-66.25686,0.0,2049,1.143100000000004,0,1,1
26444324313,702884403,14989130,1699672156,1699672156,2023-11-10,0.224937724,-61.7303,3.7421,-79.6456,4.2865,0.0,0.0003,0.0003,80830,3,4,1,2023-11-10,0,10,11,4,-62.1352,-62.3823,0.222303856,0.219452411,-62.082600000000035,-64.19782000000001,0.0,2050,-0.03170000000000073,0,1,1
26444324317,702884404,14989130,1699672378,1699672378,2023-11-10,0.127695169,-69.5575,14.8912,-79.7399,4.2272,0.014,0.0005,0.0005,80830,3,8,1,2023-11-10,0,10,11,4,-62.7215,-70.175,0.214555669,0.132114067,-67.48466666666671,-66.65072,0.0,2051,-7.827200000000005,1,1,0
26444324321,702884404,14989130,1699672504,1699672504,2023-11-10,0.214555669,-62.7215,22.6824,-79.8548,4.0793,0.0197,0.0003,0.0003,80830,3,8,1,2023-11-10,0,10,11,4,-70.175,-74.8687,0.132114067,0.091981109,-69.2550666666667,-66.3212,0.0,2052,6.836000000000006,1,1,1
26444324289,702884397,14989130,1699671617,1699671617,2023-11-10,0.110974743,-71.7847,10.2237,-80.7454,4.3055,0.0055,0.0003,0.0004,80830,2,4,1,2023-11-10,0,10,11,4,-68.7491,-64.1214,0.142380434,0.20393653,-68.21840000000003,-66.44160000000001,0.0,2053,-9.063200000000002,0,1,0
26444324274,702884394,14989130,1699670761,1699670761,2023-11-10,0.243392276,-60.455,13.064,-79.9027,4.382,0.0045,0.0002,0.0004,80830,3,10,1,2023-11-10,0,10,11,4,-58.8679,-65.7338,0.261469461,0.177663463,-61.685566666666695,-63.047259999999994,0.0,2054,11.329700000000003,0,1,1
26444324273,702884394,14989130,1699670729,1699670729,2023-11-10,0.184065519,-65.4049,19.1443,-80.1595,4.275,0.0042,0.0004,0.0004,80830,3,10,1,2023-11-10,0,10,11,4,-69.3055,-68.3661,0.134828683,0.151783255,-67.6921666666667,-66.6152,0.0,2055,-4.9498999999999995,1,1,1
26444324287,702884396,14989130,1699671490,1699671490,2023-11-10,0.172570819,-67.7571,5.8404,-81.8887,4.2435,0.0073,0.0006,0.0004,80830,1,2,0,2023-11-10,0,10,11,4,-63.7485,-71.7847,0.218655394,0.110974743,-67.76343333333337,-67.23216,0.0,2056,-2.3521999999999963,0,1,1
26444324277,702884394,14989130,1699670888,1699670888,2023-11-10,0.14825437,-66.3756,3.3871,-77.9289,4.3472,0.0083,0.0006,0.0007,80830,3,10,1,2023-11-10,0,10,11,4,-63.804,-67.3886,0.203216904,0.157359162,-65.85606666666669,-65.61316000000001,86400.0,2057,1.3814999999999884,0,1,0
26444324298,702884400,14989130,1699671649,1699671649,2023-11-10,0.203216904,-63.804,41.2345,-80.077,4.231,0.0053,0.0004,0.0007,80830,3,7,1,2023-11-10,0,10,11,4,-67.3886,-58.8523,0.157359162,0.260820363,-63.34830000000003,-64.75048,0.0,2058,2.5716000000000037,1,1,1
26444324279,702884395,14989130,1699671205,1699671205,2023-11-10,0.157359162,-67.3886,15.4636,-79.9731,4.2873,0.005,0.0003,0.0,80830,3,7,1,2023-11-10,0,10,11,4,-58.8523,-71.6453,0.260820363,0.106157748,-65.9620666666667,-64.19754,0.0,2059,-3.5845999999999947,0,1,0
26444324280,702884395,14989130,1699671237,1699671237,2023-11-10,0.260820363,-58.8523,1.0529,-79.6184,4.326,0.0036,0.0006,0.0004,80830,3,7,1,2023-11-10,0,10,11,4,-71.6453,-62.0622,0.106157748,0.223796558,-64.18660000000004,-64.77134,0.0,2060,8.536299999999997,0,0,1
26444324282,702884395,14989130,1699671332,1699671332,2023-11-10,0.223796558,-62.0622,17.4054,-79.9561,4.3567,0.0042,0.0002,0.0004,80830,3,7,1,2023-11-10,0,10,11,4,-61.0393,-70.2576,0.241251105,0.120798591,-64.45303333333335,-66.23670000000001,0.0,2061,-3.2098999999999975,0,1,1
26444324297,702884400,14989130,1699671585,1699671585,2023-11-10,0.114451501,-70.7826,3.8336,-79.9308,4.308,0.0081,0.0002,0.0,80830,3,7,1,2023-11-10,0,10,11,4,-68.9178,-70.1857,0.156923431,0.148202852,-69.96203333333337,-68.27834,0.0,2062,-8.720400000000005,0,1,0
26444324285,702884395,14989130,1699671458,1699671458,2023-11-10,0.120798591,-70.2576,9.6715,-79.9107,4.2925,0.01,0.0003,0.0005,80830,3,7,1,2023-11-10,0,10,11,4,-67.0418,-70.7826,0.161904167,0.114451501,-69.36066666666669,-69.43710000000002,0.0,2063,0.5250000000000057,0,1,0
26444324278,702884394,14989130,1699670920,1699670920,2023-11-10,0.161904167,-67.0418,5.9207,-79.993,4.3585,0.0016,0.0003,0.0002,80830,3,10,1,2023-11-10,0,10,11,4,-70.7826,-68.9178,0.114451501,0.156923431,-68.9140666666667,-68.937,0.0,2064,3.2158000000000015,0,1,1
26444324286,702884396,14989130,1699671458,1699671458,2023-11-10,0.148202852,-70.1857,41.7918,-82.3972,4.281,0.0042,0.0001,0.0,80830,1,2,0,2023-11-10,0,10,11,4,-67.7571,-63.7485,0.172570819,0.218655394,-67.23043333333335,-68.44502,0.0,2065,-3.143900000000002,1,1,0
26444324292,702884399,14989130,1699671585,1699671585,2023-11-10,0.156923431,-68.9178,5.4066,-81.7456,4.2962,0.0045,0.0003,0.0,80830,1,3,0,2023-11-10,0,10,11,4,-70.1857,-67.7571,0.148202852,0.172570819,-68.95353333333337,-68.47876,0.0,2066,1.2678999999999974,0,1,0
26444324272,702884394,14989130,1699670698,1699670698,2023-11-10,0.177663463,-65.7338,4.7251,-79.9354,4.2555,0.005,0.0002,0.0002,80830,3,10,1,2023-11-10,0,10,11,4,-66.3756,-63.804,0.14825437,0.203216904,-65.3044666666667,-64.43086000000001,0.0,2067,3.1839999999999975,0,1,1
26444324284,702884395,14989130,1699671395,1699671395,2023-11-10,0.241251105,-61.0393,42.8903,-80.4473,4.3125,0.0,0.0003,0.0003,80830,3,7,1,2023-11-10,0,10,11,4,-70.2576,-67.0418,0.120798591,0.161904167,-66.11290000000002,-67.60782,0.0,2068,4.694500000000005,1,1,1
26444324275,702884394,14989130,1699670793,1699670793,2023-11-10,0.261469461,-58.8679,6.623,-79.7095,4.4538,0.015,0.0003,0.0002,80830,3,10,1,2023-11-10,0,10,11,4,-65.7338,-66.3756,0.177663463,0.14825437,-63.65910000000003,-64.43397999999999,0.0,2069,2.1713999999999984,0,0,1
26444324281,702884395,14989130,1699671268,1699671268,2023-11-10,0.106157748,-71.6453,16.7667,-80.1543,4.3202,0.0053,0.0003,0.0002,80830,3,7,1,2023-11-10,0,10,11,4,-62.0622,-61.0393,0.223796558,0.241251105,-64.91560000000003,-66.40924,0.0,2070,-12.777400000000007,0,1,0
26444324283,702884395,14989130,1699671363,1699671363,2023-11-10,0.122812056,-69.0332,28.1615,-78.6983,4.3158,0.0098,0.0002,0.0003,80830,3,7,1,2023-11-10,0,10,11,4,-60.455,-58.8679,0.243392276,0.261469461,-62.7853666666667,-64.0931,0.0,2071,2.6121000000000123,1,1,0
26444324270,702884394,14989130,1699670634,1699670634,2023-11-10,0.151783255,-68.3661,46.3539,-80.5998,4.138,0.0434,0.0004,0.0004,80830,3,10,1,2023-11-10,0,10,11,4,-67.8352,-62.1643,0.149733458,0.22252447,-66.12186666666669,-67.63573999999998,0.0,2072,0.6670999999999907,1,1,0
26444324269,702884394,14989130,1699670603,1699670603,2023-11-10,0.149733458,-67.8352,6.6143,-79.7811,4.215,0.0023,0.0003,0.0,80830,3,10,1,2023-11-10,0,10,11,4,-62.1643,-69.8526,0.22252447,0.128960215,-66.61736666666668,-67.85726,0.0,2073,0.5309000000000026,0,1,0
26444324267,702884393,14989130,1699670159,1699670159,2023-11-10,0.128960215,-69.8526,5.499,-80.1945,4.361,0.0068,0.0003,0.0004,80830,3,5,1,2023-11-10,0,10,11,4,-69.9605,-69.4737,0.125370209,0.129110868,-69.76226666666669,-65.49112,0.0,2074,-2.017399999999995,0,1,0
26444324266,702884393,14989130,1699670127,1699670127,2023-11-10,0.125370209,-69.9605,5.2828,-79.9887,4.4135,0.0281,0.0006,0.0005,80830,3,5,1,2023-11-10,0,10,11,4,-69.4737,-57.288,0.129110868,0.281456954,-65.5740666666667,-64.31685999999999,0.0,2075,-0.10790000000000077,0,1,0
26444324325,702884405,14989130,1699672726,1699672726,2023-11-10,0.129110868,-69.4737,15.9074,-79.7733,4.313,0.005,0.0003,0.0004,80830,3,3,0,2023-11-10,0,10,11,4,-57.288,-60.8808,0.281456954,0.237585251,-62.54750000000002,-59.97929999999999,0.0,2076,0.48680000000000234,0,1,0
26444324264,702884393,14989130,1699670000,1699670000,2023-11-10,0.134828683,-69.3055,18.0097,-80.1061,4.2047,0.0145,0.0002,0.0,80830,3,5,1,2023-11-10,0,10,11,4,-68.3661,-67.8352,0.151783255,0.149733458,-68.5022666666667,-67.50474,0.0,2077,0.1681999999999988,1,1,0
26444324276,702884394,14989130,1699670825,1699670825,2023-11-10,0.237585251,-60.8808,11.711,-79.8526,4.4997,0.0161,0.0002,0.0001,80830,3,10,1,2023-11-10,0,10,11,4,-63.9813,-48.2727,0.200359693,0.382107067,-57.71160000000003,-62.34882,0.0,2078,8.424699999999994,0,1,1
26444324265,702884393,14989130,1699670064,1699670064,2023-11-10,0.200359693,-63.9813,25.7532,-80.0126,4.31,0.0055,0.0003,0.0004,80830,3,5,1,2023-11-10,0,10,11,4,-48.2727,-70.5847,0.382107067,0.130815929,-60.94623333333336,-63.9793,0.0,2079,-3.1004999999999967,1,1,1
26444324303,702884400,14989130,1699671712,1699671712,2023-11-10,0.382107067,-48.2727,3.7858,-78.1247,4.3578,0.0016,0.0003,0.0001,80830,3,7,1,2023-11-10,0,10,11,4,-70.5847,-68.0246,0.130815929,0.151991663,-62.29400000000003,-63.27404,0.0,2080,15.708599999999997,0,0,1
26444324288,702884397,14989130,1699671585,1699671585,2023-11-10,0.130815929,-70.5847,35.8854,-81.208,4.3202,0.0048,0.0003,0.0,80830,2,4,1,2023-11-10,0,10,11,4,-68.0246,-69.0332,0.151991663,0.122812056,-69.2141666666667,-65.39308000000001,0.0,2081,-22.311999999999998,1,1,0
26444324271,702884394,14989130,1699670666,1699670666,2023-11-10,0.151991663,-68.0246,11.184,-80.2169,4.2592,0.0064,0.0002,0.0002,80830,3,10,1,2023-11-10,0,10,11,4,-69.0332,-60.455,0.122812056,0.243392276,-65.83760000000002,-64.4229,0.0,2082,2.5600999999999914,0,1,0
26444324304,702884400,14989130,1699671744,1699671744,2023-11-10,0.281456954,-57.288,3.5056,-79.728,4.476,0.0114,0.0006,0.0004,80830,3,7,1,2023-11-10,0,10,11,4,-60.8808,-63.9813,0.237585251,0.200359693,-60.716700000000024,-60.201499999999996,0.0,2083,10.73660000000001,0,0,1
26444324268,702884393,14989130,1699670191,1699670191,2023-11-10,0.22252447,-62.1643,18.8553,-79.9566,4.369,0.0045,0.0003,0.0003,80830,3,5,1,2023-11-10,0,10,11,4,-69.8526,-69.9605,0.128960215,0.125370209,-67.32580000000003,-65.74782,0.0,2084,-4.8763000000000005,1,1,1
26444324327,702884406,14989130,1699869970,1699869970,2023-11-13,0.116037706,-70.2834,23.2905,-79.5095,3.9248,0.0044,0.0002,0.0001,80830,3,2,0,2023-11-13,0,13,11,0,-65.4049,-69.3055,0.184065519,0.134828683,-68.33126666666669,-68.23902,0.0,2085,-8.119100000000003,1,1,0
26444324326,702884406,14989130,1699869939,1699869939,2023-11-13,0.126572543,-70.1847,5.7256,-80.3555,3.897,0.0076,0.0005,0.0,80830,3,2,0,2023-11-13,0,13,11,0,-70.2834,-65.4049,0.116037706,0.184065519,-68.62433333333337,-68.70892,259200.0,2086,0.09869999999999379,0,1,0
26444324328,702884407,14989130,1700099893,1700099893,2023-11-15,0.131202664,-67.049,5.9604,-77.1745,3.9842,0.024,0.0002,0.0,80830,3,3,0,2023-11-15,0,15,11,2,-68.7119,-70.1847,0.111535368,0.126572543,-68.64853333333336,-68.32678000000001,0.0,2087,3.1357,0,1,0
26444324329,702884407,14989130,1700099924,1700099924,2023-11-15,0.130937818,-66.9947,14.3023,-77.0885,3.93,0.0081,0.0002,0.0001,80830,3,3,0,2023-11-15,0,15,11,2,-67.049,-68.7119,0.131202664,0.111535368,-67.58520000000003,-68.64474,172800.0,2088,0.054300000000012005,0,1,0
26444324330,702884407,14989130,1700099956,1700099956,2023-11-15,0.111535368,-68.7119,8.8936,-77.3378,3.8958,0.0054,0.0004,0.0004,80830,3,3,0,2023-11-15,0,15,11,2,-70.1847,-70.2834,0.126572543,0.116037706,-69.7266666666667,-68.77808,0.0,2089,-1.7172000000000054,0,1,0
26444324350,702884412,14989130,1700132952,1700132952,2023-11-16,0.178542966,-65.6598,15.7228,-79.9309,3.9442,0.0032,0.0004,0.0004,80830,3,5,1,2023-11-16,0,16,11,3,-62.9721,-68.7833,0.21289696,0.144353289,-65.80506666666669,-66.72304,0.0,2090,3.052099999999996,1,1,1
26444324344,702884410,14989130,1700131874,1700131874,2023-11-16,0.149141729,-67.9629,5.3147,-79.8757,4.2315,0.0064,0.0006,0.0004,80830,3,3,0,2023-11-16,0,16,11,3,-71.3303,-70.8324,0.118495331,0.11512703,-70.0418666666667,-69.18227999999999,0.0,2091,-2.3031000000000006,0,1,0
26444324346,702884411,14989130,1700132001,1700132001,2023-11-16,0.11512703,-70.8324,8.0057,-80.0481,4.338,0.009,0.0002,0.0004,80830,3,3,0,2023-11-16,0,16,11,3,-70.1566,-65.6292,0.125564154,0.18063258,-68.87273333333337,-68.78038000000001,0.0,2092,-2.869500000000002,0,1,0
26444324347,702884411,14989130,1700132032,1700132032,2023-11-16,0.125564154,-70.1566,5.9589,-80.2307,4.2895,0.0023,0.0004,0.0001,80830,3,3,0,2023-11-16,0,16,11,3,-65.6292,-71.6239,0.18063258,0.1054806,-69.1365666666667,-67.20832,0.0,2093,0.6758000000000095,0,1,0
26444324348,702884412,14989130,1700132888,1700132888,2023-11-16,0.18063258,-65.6292,13.3396,-80.0974,3.9533,0.007,0.0003,0.0,80830,3,5,1,2023-11-16,0,16,11,3,-71.6239,-65.6598,0.1054806,0.178542966,-67.63763333333337,-66.93366,0.0,2094,4.5274,1,1,1
26444324342,702884410,14989130,1700131779,1700131779,2023-11-16,0.1054806,-71.6239,11.3255,-80.0697,4.352,0.0068,0.0004,0.0,80830,3,3,0,2023-11-16,0,16,11,3,-65.6598,-62.9721,0.178542966,0.21289696,-66.75193333333335,-67.40416,0.0,2095,-5.994700000000009,1,1,0
26444324354,702884413,14989130,1700133173,1700133173,2023-11-16,0.154730865,-67.9817,4.5263,-80.4261,4.3027,0.0092,0.0003,0.0004,80830,3,5,1,2023-11-16,0,16,11,3,-68.2183,-67.5287,0.152759252,0.158078142,-67.90956666666669,-67.62478,0.0,2096,3.6422000000000025,0,1,0
26444324349,702884412,14989130,1700132920,1700132920,2023-11-16,0.21289696,-62.9721,1.6254,-80.0049,3.9735,0.0023,0.0003,0.0004,80830,3,5,1,2023-11-16,0,16,11,3,-68.7833,-67.9817,0.144353289,0.154730865,-66.57903333333337,-67.09682000000001,0.0,2097,5.009600000000006,0,1,1
26444324356,702884413,14989130,1700133237,1700133237,2023-11-16,0.144353289,-68.7833,6.4246,-80.3875,4.2157,0.0145,0.0003,0.0004,80830,3,5,1,2023-11-16,0,16,11,3,-67.9817,-68.2183,0.154730865,0.152759252,-68.3277666666667,-67.98249999999999,0.0,2098,-5.8111999999999995,0,1,0
26444324341,702884409,14989130,1700131557,1700131557,2023-11-16,0.137874569,-69.0753,7.6116,-80.1221,4.326,0.0075,0.0003,0.0004,80830,3,2,0,2023-11-16,0,16,11,3,-67.9629,-71.3303,0.149141729,0.118495331,-69.45616666666669,-69.8715,0.0,2099,-0.2920000000000016,0,1,0
26444324352,702884412,14989130,1700133015,1700133015,2023-11-16,0.152759252,-68.2183,7.4295,-80.5182,4.0075,0.014,0.0006,0.0004,80830,3,5,1,2023-11-16,0,16,11,3,-67.5287,-67.4005,0.158078142,0.161296223,-67.71583333333336,-67.43824,0.0,2100,0.8569999999999993,0,1,0
26444324343,702884410,14989130,1700131842,1700131842,2023-11-16,0.158078142,-67.5287,6.154,-80.2078,4.2737,0.0053,0.0002,0.0004,80830,3,3,0,2023-11-16,0,16,11,3,-67.4005,-66.9947,0.161296223,0.130937818,-67.30796666666669,-67.53696,0.0,2101,0.6895999999999987,0,1,1
26444324351,702884412,14989130,1700132983,1700132983,2023-11-16,0.161296223,-67.4005,7.6826,-80.3627,4.0853,0.0301,0.0003,0.0001,80830,3,5,1,2023-11-16,0,16,11,3,-66.9947,-67.049,0.130937818,0.131202664,-67.1480666666667,-68.06816,0.0,2102,0.12820000000000675,0,1,1
26444324353,702884413,14989130,1700133142,1700133142,2023-11-16,0.117388827,-70.9517,22.8692,-80.3884,4.2595,0.0093,0.0003,0.0,80830,3,5,1,2023-11-16,0,16,11,3,-70.7679,-66.3952,0.122594875,0.173036037,-69.37160000000003,-66.94216,0.0,2103,-3.5512000000000086,1,1,0
26444324345,702884411,14989130,1700131969,1700131969,2023-11-16,0.118495331,-71.3303,38.3859,-80.9188,4.2485,0.0193,0.0006,0.0,80830,3,3,0,2023-11-16,0,16,11,3,-70.8324,-70.1566,0.11512703,0.125564154,-70.77310000000001,-69.91448,0.0,2104,-0.3785999999999916,1,1,0
26444324340,702884409,14989130,1700131525,1700131525,2023-11-16,0.099287743,-72.3598,15.1225,-80.3362,4.2915,0.0108,0.0002,0.0,80830,3,2,0,2023-11-16,0,16,11,3,-71.1741,-67.7087,0.113906889,0.155778186,-70.41420000000004,-69.65616,0.0,2105,-1.029500000000013,0,1,0
26444324332,702884408,14989130,1700131208,1700131208,2023-11-16,0.188645475,-65.1869,1.9789,-80.3433,4.6178,0.0036,0.0003,0.0004,80830,3,9,1,2023-11-16,0,16,11,3,-70.9517,-70.7679,0.117388827,0.122594875,-68.96883333333336,-67.28726,86400.0,2106,7.172900000000013,0,1,1
26444324357,702884413,14989130,1700133269,1700133269,2023-11-16,0.113906889,-71.1741,7.3359,-80.3235,4.3115,0.0036,0.0004,0.0004,80830,3,5,1,2023-11-16,0,16,11,3,-67.7087,-69.0753,0.155778186,0.137874569,-69.31936666666668,-69.45025999999999,0.0,2107,-5.987200000000001,0,1,0
26444324359,702884414,14989130,1700133522,1700133522,2023-11-16,0.122594875,-70.7679,10.2677,-80.6559,4.268,0.0064,0.0003,0.0001,80830,3,2,0,2023-11-16,0,16,11,3,-66.3952,-63.1346,0.173036037,0.208702758,-66.76590000000003,-65.64868,0.0,2108,0.40619999999999834,0,1,0
26444324355,702884413,14989130,1700133205,1700133205,2023-11-16,0.155778186,-67.7087,2.8531,-80.2025,4.2882,0.0028,0.0003,0.0001,80830,3,5,1,2023-11-16,0,16,11,3,-69.0753,-67.9629,0.137874569,0.149141729,-68.24896666666669,-69.38192,0.0,2109,3.059200000000004,0,1,0
26444324339,702884408,14989130,1700131430,1700131430,2023-11-16,0.208702758,-63.1346,5.7292,-79.7862,4.3033,0.0,0.0003,0.0002,80830,3,9,1,2023-11-16,0,16,11,3,-63.4614,-64.4843,0.202953503,0.198067182,-63.69343333333336,-65.80744,0.0,2110,4.574099999999994,0,1,1
26444324338,702884408,14989130,1700131398,1700131398,2023-11-16,0.202953503,-63.4614,4.7248,-79.6207,4.3133,0.0039,0.0004,0.0004,80830,3,9,1,2023-11-16,0,16,11,3,-64.4843,-71.4382,0.198067182,0.110006204,-66.46130000000002,-67.25424000000001,0.0,2111,-0.32679999999999865,0,1,1
26444324333,702884408,14989130,1700131240,1700131240,2023-11-16,0.173036037,-66.3952,5.4603,-80.2879,4.609,0.0073,0.0003,0.0003,80830,3,9,1,2023-11-16,0,16,11,3,-63.1346,-63.4614,0.208702758,0.202953503,-64.33040000000004,-65.78274,0.0,2112,-2.933800000000005,0,1,1
26444324331,702884408,14989130,1700131177,1700131177,2023-11-16,0.110006204,-71.4382,10.1862,-80.2682,4.669,0.0118,0.0006,0.0,80830,3,9,1,2023-11-16,0,16,11,3,-66.5187,-70.3686,0.168087815,0.122130681,-69.44183333333336,-68.58076,0.0,2113,-5.042999999999992,1,1,0
26444324334,702884408,14989130,1700131272,1700131272,2023-11-16,0.168087815,-66.5187,22.5978,-79.9588,4.4695,0.015,0.0003,0.0001,80830,3,9,1,2023-11-16,0,16,11,3,-70.3686,-70.4869,0.122130681,0.122521284,-69.12473333333337,-68.76508,0.0,2114,4.919499999999999,1,1,1
26444324358,702884414,14989130,1700133490,1700133490,2023-11-16,0.122130681,-70.3686,4.8402,-80.1584,4.289,0.0076,0.0003,0.0,80830,3,2,0,2023-11-16,0,16,11,3,-70.4869,-64.0914,0.122521284,0.197478166,-68.31563333333337,-69.69616,0.0,2115,-3.849900000000005,0,1,0
26444324336,702884408,14989130,1700131335,1700131335,2023-11-16,0.122521284,-70.4869,10.4369,-80.3289,4.5693,0.0235,0.0003,0.0004,80830,3,9,1,2023-11-16,0,16,11,3,-64.0914,-72.3598,0.197478166,0.099287743,-68.97936666666669,-69.16418,0.0,2116,-0.11830000000000496,0,1,0
26444324337,702884408,14989130,1700131367,1700131367,2023-11-16,0.197478166,-64.0914,8.0696,-79.8625,4.3518,0.0036,0.0005,0.0004,80830,3,9,1,2023-11-16,0,16,11,3,-72.3598,-71.1741,0.099287743,0.113906889,-69.20843333333336,-68.88186,0.0,2117,6.395500000000013,0,1,1
26444324335,702884408,14989130,1700131303,1700131303,2023-11-16,0.198067182,-64.4843,8.8325,-80.4111,4.5217,0.0217,0.0004,0.0001,80830,3,9,1,2023-11-16,0,16,11,3,-71.4382,-66.5187,0.110006204,0.168087815,-67.48040000000002,-68.65934,0.0,2118,-0.3929000000000116,0,1,1
26444324430,702884428,14989130,1700311749,1700311749,2023-11-18,0.173771372,-66.1805,9.8981,-80.0995,4.238,0.0108,0.0003,0.0003,80830,3,8,1,2023-11-18,0,18,11,5,-68.0347,-70.4459,0.147341878,0.11903422,-68.22036666666669,-67.48154,0.0,2119,-1.6961999999999904,0,1,1
26444324429,702884428,14989130,1700311717,1700311717,2023-11-18,0.147341878,-68.0347,23.3729,-79.7913,3.9405,0.0057,0.0002,0.0001,80830,3,8,1,2023-11-18,0,18,11,5,-70.4459,-68.9622,0.11903422,0.137430159,-69.14760000000003,-67.41141999999999,0.0,2120,-1.8542000000000058,1,1,0
26444324428,702884428,14989130,1700311685,1700311685,2023-11-18,0.11903422,-70.4459,18.47,-79.9644,3.954,0.0135,0.0004,0.0008,80830,3,8,1,2023-11-18,0,18,11,5,-68.9622,-63.7844,0.137430159,0.203761959,-67.73083333333336,-66.81943999999999,0.0,2121,-2.411199999999994,1,1,0
26444324427,702884428,14989130,1700311622,1700311622,2023-11-18,0.137430159,-68.9622,35.4686,-79.9497,3.995,0.0219,0.0003,0.0004,80830,3,8,1,2023-11-18,0,18,11,5,-63.7844,-65.8299,0.203761959,0.177642279,-66.1921666666667,-65.53742,0.0,2122,1.483699999999999,1,1,0
26444324431,702884428,14989130,1700311780,1700311780,2023-11-18,0.203761959,-63.7844,5.8832,-80.1072,4.145,0.0205,0.0003,0.0001,80830,3,8,1,2023-11-18,0,18,11,5,-65.8299,-65.0748,0.177642279,0.187972852,-64.89636666666671,-64.71888,0.0,2123,5.177799999999998,0,1,1
26444324466,702884433,14989130,1700313587,1700313587,2023-11-18,0.120586282,-70.4333,19.6973,-80.0912,3.8815,0.005,0.0004,0.0004,80830,3,17,1,2023-11-18,0,18,11,5,-61.3101,-67.6715,0.207778514,0.125164505,-66.47163333333337,-66.89918,0.0,2124,-6.648900000000005,0,1,0
26444324424,702884427,14989130,1700310988,1700310988,2023-11-18,0.187972852,-65.0748,5.5832,-80.1387,3.9257,0.0052,0.0004,0.0004,80830,3,4,1,2023-11-18,0,18,11,5,-64.0358,-64.8695,0.20179048,0.188013754,-64.66003333333337,-65.96921999999999,0.0,2125,5.3585000000000065,0,1,1
26444324423,702884427,14989130,1700310956,1700310956,2023-11-18,0.20179048,-64.0358,46.072,-80.2243,3.9365,0.0081,0.0006,0.0004,80830,3,4,1,2023-11-18,0,18,11,5,-64.8695,-70.6791,0.188013754,0.117761823,-66.52813333333337,-67.1446,0.0,2126,1.0390000000000015,1,1,1
26444324422,702884427,14989130,1700310924,1700310924,2023-11-18,0.188013754,-64.8695,24.3538,-79.8899,3.9305,0.0053,0.0003,0.0,80830,3,4,1,2023-11-18,0,18,11,5,-70.6791,-65.1869,0.117761823,0.188645475,-66.91183333333336,-68.49102,0.0,2127,-0.8337000000000074,1,1,1
26444324446,702884431,14989130,1700312604,1700312604,2023-11-18,0.117761823,-70.6791,13.322,-80.1134,3.9462,0.0135,0.0004,0.0004,80830,3,4,1,2023-11-18,0,18,11,5,-65.1869,-70.9517,0.188645475,0.117388827,-68.93923333333338,-68.79616,0.0,2128,-5.809600000000003,0,1,0
26444324448,702884432,14989130,1700312890,1700312890,2023-11-18,0.135677566,-68.9005,30.5377,-79.7162,3.948,0.0088,0.0002,0.0003,80830,3,3,0,2023-11-18,0,18,11,5,-66.1805,-68.0347,0.173771372,0.147341878,-67.70523333333337,-68.50475999999999,0.0,2129,1.7786000000000115,1,1,0
26444324425,702884427,14989130,1700311020,1700311020,2023-11-18,0.177642279,-65.8299,5.6636,-80.0502,3.9208,0.0025,0.0003,0.0002,80830,3,4,1,2023-11-18,0,18,11,5,-65.0748,-64.0358,0.187972852,0.20179048,-64.98016666666669,-66.09782,0.0,2130,3.070599999999999,0,1,1
26444324426,702884428,14989130,1700311558,1700311558,2023-11-18,0.125164505,-67.6715,14.1662,-77.3534,3.939,0.0129,0.0003,0.0,80830,3,8,1,2023-11-18,0,18,11,5,-68.9005,-66.1805,0.135677566,0.173771372,-67.5841666666667,-68.24662000000001,0.0,2131,-1.8415999999999997,0,1,0
26444324432,702884428,14989130,1700311812,1700311812,2023-11-18,0.200424671,-63.7144,18.32,-79.6853,3.97,0.0124,0.0002,0.0001,80830,3,8,1,2023-11-18,0,18,11,5,-71.5536,-71.601,0.106704436,0.106181864,-68.95633333333338,-68.31642,0.0,2132,3.957099999999997,0,1,1
26444324447,702884432,14989130,1700312858,1700312858,2023-11-18,0.12982214,-70.1044,45.2854,-80.5633,4.0222,0.0299,0.0002,0.0,80830,3,3,0,2023-11-18,0,18,11,5,-63.0021,-64.084,0.185625871,0.197439179,-65.7301666666667,-66.80004,0.0,2133,-6.390000000000001,1,1,0
26444324470,702884435,14989130,1700314348,1700314348,2023-11-18,0.134739605,-69.2936,25.4819,-80.0841,3.895,0.0077,0.0003,0.0004,80830,3,2,0,2023-11-18,0,18,11,5,-66.7795,-70.4333,0.165657777,0.120586282,-68.8354666666667,-67.0976,0.0,2134,0.8108000000000004,1,1,0
26444324469,702884435,14989130,1700314316,1700314316,2023-11-18,0.181764286,-65.4195,17.537,-79.9519,3.8828,0.0053,0.0003,0.0,80830,3,2,0,2023-11-18,0,18,11,5,-69.2936,-66.7795,0.134739605,0.165657777,-67.16420000000004,-66.64720000000001,0.0,2135,3.8740999999999985,0,1,1
26444324468,702884434,14989130,1700313777,1700313777,2023-11-18,0.106181864,-71.601,12.8343,-80.1069,3.905,0.0052,0.0006,0.0004,80830,3,2,0,2023-11-18,0,18,11,5,-65.4195,-69.2936,0.181764286,0.134739605,-68.77136666666671,-68.70538,0.0,2136,-6.1815,0,1,0
26444324467,702884434,14989130,1700313714,1700313714,2023-11-18,0.106704436,-71.5536,13.5752,-80.1007,3.8908,0.0076,0.0003,0.0,80830,3,2,0,2023-11-18,0,18,11,5,-71.601,-65.4195,0.106181864,0.181764286,-69.52470000000004,-68.92944,0.0,2137,0.04739999999999611,0,1,0
26444324440,702884430,14989130,1700312319,1700312319,2023-11-18,0.106282971,-71.6627,20.6955,-80.185,3.954,0.0114,0.0003,0.0007,80830,3,4,1,2023-11-18,0,18,11,5,-70.1044,-63.0021,0.12982214,0.185625871,-68.25640000000004,-67.00752,0.0,2138,-0.10909999999999798,1,1,0
26444324465,702884433,14989130,1700313555,1700313555,2023-11-18,0.14493768,-68.5341,23.6352,-80.151,3.8782,0.0067,0.0003,0.0002,80830,3,17,1,2023-11-18,0,18,11,5,-63.7144,-71.5536,0.200424671,0.106704436,-67.93403333333337,-68.16452000000001,0.0,2139,3.128600000000006,1,1,0
26444324418,702884425,14989130,1700309910,1700309910,2023-11-18,0.117193239,-70.0644,21.4367,-79.3655,3.8952,0.0134,0.0004,0.0001,80830,3,4,1,2023-11-18,0,18,11,5,-68.5341,-63.7144,0.14493768,0.200424671,-67.43763333333338,-69.09349999999999,0.0,2140,-1.530300000000011,1,1,0
26444324464,702884433,14989130,1700313524,1700313524,2023-11-18,0.196973553,-62.7892,12.0944,-78.1907,3.876,0.0034,0.0003,0.0001,80830,3,17,1,2023-11-18,0,18,11,5,-70.0644,-68.5341,0.117193239,0.14493768,-67.12923333333337,-67.33113999999999,0.0,2141,7.275200000000005,0,1,1
26444324463,702884433,14989130,1700313492,1700313492,2023-11-18,0.116900604,-70.8304,22.6679,-80.2066,3.8945,0.0062,0.0004,0.0004,80830,3,17,1,2023-11-18,0,18,11,5,-62.7892,-70.0644,0.196973553,0.117193239,-67.89466666666671,-67.1865,0.0,2142,-8.041199999999996,1,1,0
26444324419,702884425,14989130,1700309974,1700309974,2023-11-18,0.122370247,-69.6121,12.5907,-79.3183,3.8952,0.0055,0.0003,0.0005,80830,3,4,1,2023-11-18,0,18,11,5,-70.8304,-62.7892,0.116900604,0.196973553,-67.74390000000004,-68.36604,0.0,2143,1.2182999999999993,0,1,0
26444324449,702884432,14989130,1700312921,1700312921,2023-11-18,0.123295476,-70.6253,28.4739,-80.5577,3.923,0.0065,0.0003,0.0003,80830,3,3,0,2023-11-18,0,18,11,5,-69.6121,-70.8304,0.122370247,0.116900604,-70.35593333333337,-68.78428,0.0,2144,-1.0131999999999977,1,1,0
26444324459,702884433,14989130,1700313333,1700313333,2023-11-18,0.197439179,-64.084,9.8507,-79.8494,3.8985,0.0036,0.0003,0.0001,80830,3,17,1,2023-11-18,0,18,11,5,-66.1844,-70.6253,0.170040166,0.123295476,-66.9645666666667,-68.26724,0.0,2145,6.541299999999993,0,1,1
26444324472,702884436,14989130,1700314474,1700314474,2023-11-18,0.185625871,-63.0021,14.49,-77.3626,3.9128,0.006,0.0003,0.0001,80830,3,10,1,2023-11-18,0,18,11,5,-64.084,-66.1844,0.197439179,0.170040166,-64.42350000000003,-66.70158,0.0,2146,1.0819000000000045,0,1,1
26444324471,702884436,14989130,1700314443,1700314443,2023-11-18,0.165657777,-66.7795,25.4557,-80.0385,3.9382,0.0036,0.0003,0.0,80830,3,10,1,2023-11-18,0,18,11,5,-70.4333,-61.3101,0.120586282,0.207778514,-66.17430000000003,-67.01898,0.0,2147,-3.7774,1,1,1
26444324460,702884433,14989130,1700313365,1700313365,2023-11-18,0.170040166,-66.1844,7.0009,-79.7441,3.9013,0.0044,0.0002,0.0001,80830,3,17,1,2023-11-18,0,18,11,5,-70.6253,-69.6121,0.123295476,0.122370247,-68.8072666666667,-68.00828,0.0,2148,0.5951000000000022,0,1,1
26444324442,702884430,14989130,1700312414,1700312414,2023-11-18,0.101622628,-71.9974,21.0029,-80.1416,4.2058,0.0076,0.0002,0.0004,80830,3,4,1,2023-11-18,0,18,11,5,-68.5061,-70.2139,0.128239225,0.124804148,-70.23913333333337,-69.21284,0.0,2149,-5.813000000000002,1,1,0
26444324436,702884429,14989130,1700312066,1700312066,2023-11-18,0.155163362,-67.4292,25.6799,-79.8133,4.2012,0.0083,0.0003,0.0004,80830,3,5,1,2023-11-18,0,18,11,5,-67.8116,-68.1933,0.154978791,0.145712861,-67.8113666666667,-68.75399999999999,0.0,2150,4.5682000000000045,1,1,0
26444324413,702884424,14989130,1700307248,1700307248,2023-11-18,0.151618187,-68.3162,55.6012,-80.5253,4.2373,0.0053,0.0006,0.0005,80830,3,5,1,2023-11-18,0,18,11,5,-67.4292,-67.8116,0.155163362,0.154978791,-67.85233333333336,-68.24116,0.0,2151,-0.8870000000000005,1,1,0
26444324420,702884426,14989130,1700310639,1700310639,2023-11-18,0.137451406,-69.1814,8.3385,-80.2058,4.0103,0.0195,0.0003,0.0,80830,3,2,0,2023-11-18,0,18,11,5,-60.6559,-71.8194,0.239853374,0.10166797,-67.21890000000003,-66.91418,0.0,2152,-0.8652000000000015,0,1,0
26444324414,702884424,14989130,1700307279,1700307279,2023-11-18,0.198515814,-64.0567,18.6395,-79.9226,4.1875,0.0086,0.0003,0.0001,80830,3,5,1,2023-11-18,0,18,11,5,-71.348,-70.829,0.10748061,0.113110942,-68.7445666666667,-68.9574,0.0,2153,5.12469999999999,0,1,1
26444324415,702884424,14989130,1700307311,1700307311,2023-11-18,0.10748061,-71.348,23.6717,-79.94,4.2668,0.0075,0.0007,0.0001,80830,3,5,1,2023-11-18,0,18,11,5,-70.829,-70.0803,0.113110942,0.120801462,-70.75243333333337,-69.98234,0.0,2154,-7.291299999999993,0,1,0
26444324421,702884426,14989130,1700310671,1700310671,2023-11-18,0.113110942,-70.829,26.9198,-79.8623,3.998,0.013,0.0005,0.0004,80830,3,2,0,2023-11-18,0,18,11,5,-70.0803,-68.473,0.120801462,0.112848684,-69.79410000000003,-67.84392,0.0,2155,0.5190000000000055,0,1,0
26444324417,702884425,14989130,1700309878,1700309878,2023-11-18,0.120801462,-70.0803,28.6798,-79.7093,3.8963,0.0128,0.0003,0.0005,80830,3,4,1,2023-11-18,0,18,11,5,-68.473,-69.1814,0.112848684,0.137451406,-69.24490000000004,-68.042,0.0,2156,0.7486999999999995,1,1,0
26444324416,702884425,14989130,1700309815,1700309815,2023-11-18,0.112848684,-68.473,28.4502,-77.183,3.916,0.0086,0.0004,0.0,80830,3,4,1,2023-11-18,0,18,11,5,-69.1814,-60.6559,0.137451406,0.239853374,-66.10343333333337,-67.28242,0.0,2157,1.607299999999995,1,1,0
26444324482,702884437,14989130,1700352890,1700352890,2023-11-18,0.10166797,-71.8194,15.7995,-79.9475,3.9053,0.0159,0.0004,0.0004,80830,3,2,0,2023-11-18,0,18,11,5,-66.2824,-66.6318,0.147670839,0.13987081,-68.24453333333338,-68.38158,0.0,2158,-3.3464000000000027,0,1,0
26444324477,702884436,14989130,1700314633,1700314633,2023-11-18,0.239853374,-60.6559,28.0611,-79.795,4.078,0.0096,0.0003,0.0003,80830,3,10,1,2023-11-18,0,18,11,5,-71.8194,-66.2824,0.10166797,0.147670839,-66.25256666666671,-66.14182,0.0,2159,11.163499999999999,1,1,1
26444324478,702884436,14989130,1700314665,1700314665,2023-11-18,0.147670839,-66.2824,40.5631,-77.7662,4.2415,0.0057,0.0003,0.0003,80830,3,10,1,2023-11-18,0,18,11,5,-66.6318,-65.3196,0.13987081,0.158667822,-66.07793333333336,-67.44323999999999,0.0,2160,-5.626499999999993,1,1,0
26444324479,702884436,14989130,1700314696,1700314696,2023-11-18,0.13987081,-66.6318,16.1614,-77.4672,4.086,0.056,0.0002,0.0001,80830,3,10,1,2023-11-18,0,18,11,5,-65.3196,-71.8547,0.158667822,0.100668478,-67.9353666666667,-68.22616,0.0,2161,-0.3494000000000028,0,1,0
26444324433,702884428,14989130,1700311844,1700311844,2023-11-18,0.124506081,-70.5473,47.6461,-80.58,4.0777,0.04,0.0003,0.0003,80830,3,8,1,2023-11-18,0,18,11,5,-64.0567,-71.348,0.198515814,0.10748061,-68.65066666666671,-69.37226000000001,0.0,2162,-3.9155000000000086,1,1,0
26444324480,702884436,14989130,1700314728,1700314728,2023-11-18,0.158667822,-65.3196,1.6014,-77.6383,3.9608,0.0069,0.0002,0.0003,80830,3,10,1,2023-11-18,0,18,11,5,-71.8547,-67.1277,0.100668478,0.161322041,-68.1006666666667,-69.23234,0.0,2163,5.227700000000013,0,1,1
26444324458,702884433,14989130,1700313302,1700313302,2023-11-18,0.161322041,-67.1277,13.502,-80.0399,3.8998,0.0045,0.0003,0.0003,80830,3,17,1,2023-11-18,0,18,11,5,-70.197,-71.6627,0.120373619,0.106282971,-69.66246666666672,-68.41878,0.0,2164,-1.8081000000000103,0,1,1
26444324481,702884437,14989130,1700352858,1700352858,2023-11-18,0.100668478,-71.8547,15.0956,-79.8979,3.8832,0.0106,0.0004,0.0,80830,3,2,0,2023-11-18,0,18,11,5,-67.1277,-70.197,0.161322041,0.120373619,-69.7264666666667,-70.1893,0.0,2165,-4.72699999999999,0,1,0
26444324474,702884436,14989130,1700314538,1700314538,2023-11-18,0.176556944,-63.9434,14.3662,-77.6537,3.9155,0.0036,0.0004,0.0004,80830,3,10,1,2023-11-18,0,18,11,5,-65.8729,-66.6096,0.180722007,0.153175579,-65.47530000000005,-66.99682,0.0,2166,7.911299999999997,0,1,1
26444324410,702884423,14989130,1700306994,1700306994,2023-11-18,0.150104908,-68.0109,9.3485,-80.0227,4.2205,0.0129,0.0002,0.0001,80830,3,2,0,2023-11-18,0,18,11,5,-70.5473,-64.0567,0.124506081,0.198515814,-67.53830000000005,-68.95838,0.0,2167,-4.06750000000001,0,1,0
26444324476,702884436,14989130,1700314601,1700314601,2023-11-18,0.153175579,-66.6096,9.1327,-78.6581,3.9712,0.007,0.0002,0.0001,80830,3,10,1,2023-11-18,0,18,11,5,-68.0109,-70.5473,0.150104908,0.124506081,-68.3892666666667,-68.1145,0.0,2168,1.4013000000000062,0,1,0
26444324475,702884436,14989130,1700314569,1700314569,2023-11-18,0.180722007,-65.8729,50.5201,-80.4036,3.924,0.0,0.0003,0.0001,80830,3,10,1,2023-11-18,0,18,11,5,-66.6096,-68.0109,0.153175579,0.150104908,-66.83113333333337,-67.01948,0.0,2169,0.736699999999999,1,1,1
26444324435,702884429,14989130,1700312034,1700312034,2023-11-18,0.120373619,-70.197,8.9799,-79.8032,4.153,0.0342,0.0002,0.0001,80830,3,5,1,2023-11-18,0,18,11,5,-71.6627,-70.1044,0.106282971,0.12982214,-70.65470000000005,-67.81004,0.0,2170,-4.324100000000001,0,1,0
26444324434,702884429,14989130,1700312002,1700312002,2023-11-18,0.190512082,-64.6538,2.714,-79.87,4.2205,0.0057,0.0004,0.0,80830,3,5,1,2023-11-18,0,18,11,5,-63.9434,-65.8729,0.176556944,0.180722007,-64.8233666666667,-65.81812,0.0,2171,5.543199999999999,0,1,1
26444324445,702884431,14989130,1700312573,1700312573,2023-11-18,0.122512816,-70.693,40.7311,-80.563,3.9465,0.0068,0.0006,0.0004,80830,3,4,1,2023-11-18,0,18,11,5,-64.6538,-63.9434,0.190512082,0.176556944,-66.4300666666667,-66.35454,0.0,2172,-6.039199999999994,1,1,0
26444324444,702884431,14989130,1700312541,1700312541,2023-11-18,0.124804148,-70.2139,52.149,-80.2265,4.022,0.0267,0.0003,0.0001,80830,3,4,1,2023-11-18,0,18,11,5,-70.693,-64.6538,0.122512816,0.190512082,-68.52023333333337,-67.07539999999999,0.0,2173,0.4791000000000025,1,1,0
26444324443,702884431,14989130,1700312509,1700312509,2023-11-18,0.128239225,-68.5061,37.9214,-78.5836,4.196,0.0106,0.0003,0.0,80830,3,4,1,2023-11-18,0,18,11,5,-70.2139,-70.693,0.124804148,0.122512816,-69.80433333333337,-67.60204000000002,0.0,2174,1.7077999999999918,1,1,0
26444324441,702884430,14989130,1700312382,1700312382,2023-11-18,0.117221555,-70.8804,22.5332,-80.2924,4.038,0.0431,0.0006,0.0004,80830,3,4,1,2023-11-18,0,18,11,5,-71.9974,-68.5061,0.101622628,0.128239225,-70.46130000000004,-70.45815999999999,0.0,2175,-2.374299999999991,0,1,0
26444324439,702884430,14989130,1700312256,1700312256,2023-11-18,0.13278187,-69.4555,37.9315,-80.09,3.9395,0.0076,0.0003,0.0,80830,3,4,1,2023-11-18,0,18,11,5,-70.8804,-71.9974,0.117221555,0.101622628,-70.77776666666671,-70.21065999999999,0.0,2176,1.4248999999999938,0,1,0
26444324438,702884429,14989130,1700312129,1700312129,2023-11-18,0.145712861,-68.1933,20.9427,-79.8248,3.9453,0.0036,0.0003,0.0001,80830,3,5,1,2023-11-18,0,18,11,5,-69.4555,-70.8804,0.13278187,0.117221555,-69.50973333333337,-69.80654,0.0,2177,1.262200000000007,0,1,0
26444324437,702884429,14989130,1700312097,1700312097,2023-11-18,0.154978791,-67.8116,49.9451,-80.2484,4.047,0.0189,0.0004,0.0004,80830,3,5,1,2023-11-18,0,18,11,5,-68.1933,-69.4555,0.145712861,0.13278187,-68.48680000000003,-69.66764,0.0,2178,0.38169999999999504,1,1,0
26444324457,702884433,14989130,1700313270,1700313270,2023-11-18,0.207846329,-63.0708,9.1901,-79.6194,3.8958,0.002,0.0003,0.0002,80830,3,17,1,2023-11-18,0,18,11,5,-68.3162,-67.4292,0.151618187,0.155163362,-66.2720666666667,-66.96422,0.0,2179,4.7408,0,1,1
26444324399,702884420,14989130,1700306107,1700306107,2023-11-18,0.143129314,-68.7673,8.8186,-80.254,4.3102,0.0,0.0003,0.0001,80830,3,3,0,2023-11-18,0,18,11,5,-67.9156,-74.149,0.15109214,0.093592844,-70.27730000000004,-68.53884000000001,0.0,2180,-5.6965000000000074,0,1,0
26444324473,702884436,14989130,1700314506,1700314506,2023-11-18,0.207778514,-61.3101,16.0588,-77.3901,3.906,0.0028,0.0002,0.0001,80830,3,10,1,2023-11-18,0,18,11,5,-67.6715,-68.9005,0.125164505,0.135677566,-65.96070000000005,-66.41945999999999,0.0,2181,7.457200000000007,0,1,1
26444324456,702884433,14989130,1700313238,1700313238,2023-11-18,0.212930934,-63.0048,8.6839,-80.0499,3.8948,0.0039,0.0003,0.0001,80830,3,17,1,2023-11-18,0,18,11,5,-67.9048,-64.5456,0.146750972,0.189905192,-65.15173333333335,-66.59322,0.0,2182,-1.6947000000000045,0,1,1
26444324401,702884421,14989130,1700306582,1700306582,2023-11-18,0.15109214,-67.9156,5.2368,-80.0035,3.8923,0.0023,0.0003,0.0,80830,3,6,1,2023-11-18,0,18,11,5,-74.149,-65.0031,0.093592844,0.187944423,-69.0225666666667,-67.52000000000001,0.0,2183,-4.910799999999995,0,1,0
26444324363,702884416,14989130,1700303920,1700303920,2023-11-18,0.172870651,-65.9012,4.8371,-79.6746,3.967,0.0041,0.0003,0.0001,80830,3,2,0,2023-11-18,0,18,11,5,-63.2375,-66.184,0.212084098,0.1436527,-65.1075666666667,-65.34194,0.0,2184,2.014399999999995,0,1,1
26444324377,702884417,14989130,1700304585,1700304585,2023-11-18,0.181048117,-65.2979,10.9796,-79.7335,3.877,0.0034,0.0006,0.0004,80830,3,14,1,2023-11-18,0,18,11,5,-59.4594,-65.9012,0.253719204,0.172870651,-63.552833333333375,-64.01599999999999,0.0,2185,0.6033000000000044,0,1,1
26444324386,702884418,14989130,1700305061,1700305061,2023-11-18,0.232571788,-61.1991,9.7221,-79.7457,4.0038,0.0083,0.0004,0.0004,80830,3,12,1,2023-11-18,0,18,11,5,-65.2979,-59.4594,0.181048117,0.253719204,-61.9854666666667,-63.01902,0.0,2186,4.098799999999997,0,1,1
26444324398,702884420,14989130,1700306075,1700306075,2023-11-18,0.169403767,-66.5889,19.45,-80.17,4.2687,0.008,0.0003,0.0,80830,3,3,0,2023-11-18,0,18,11,5,-61.1991,-65.2979,0.232571788,0.181048117,-64.3619666666667,-63.6893,0.0,2187,-5.389799999999994,1,1,1
26444324408,702884422,14989130,1700306867,1700306867,2023-11-18,0.244043823,-60.3281,15.0532,-79.8037,3.9568,0.0023,0.0003,0.0001,80830,3,2,0,2023-11-18,0,18,11,5,-66.5889,-61.1991,0.169403767,0.232571788,-62.7053666666667,-62.57468,0.0,2188,6.260799999999996,1,1,1
26444324407,702884422,14989130,1700306836,1700306836,2023-11-18,0.187383296,-64.8434,15.2535,-79.7958,3.891,0.0046,0.0003,0.0,80830,3,2,0,2023-11-18,0,18,11,5,-60.3281,-66.5889,0.244043823,0.169403767,-63.920133333333375,-63.65147999999999,0.0,2189,-4.515300000000003,0,1,1
26444324406,702884421,14989130,1700306741,1700306741,2023-11-18,0.187064974,-65.2295,10.8471,-80.2395,3.8857,0.0069,0.0003,0.0003,80830,3,6,1,2023-11-18,0,18,11,5,-64.8434,-60.3281,0.187383296,0.244043823,-63.46700000000004,-63.637800000000006,0.0,2190,-0.386099999999999,0,1,1
26444324361,702884415,14989130,1700303508,1700303508,2023-11-18,0.134269159,-70.807,29.2582,-81.7887,3.8977,0.007,0.0006,0.0005,80830,1,2,0,2023-11-18,0,18,11,5,-72.444,-69.7568,0.094627679,0.129535024,-71.00260000000003,-69.72840000000001,0.0,2191,-5.577500000000001,1,1,0
26444324387,702884418,14989130,1700305124,1700305124,2023-11-18,0.208297176,-63.499,4.5555,-80.2056,3.946,0.0032,0.0003,0.0005,80830,3,12,1,2023-11-18,0,18,11,5,-68.7086,-65.2295,0.144244613,0.187064974,-65.8123666666667,-64.52172,0.0,2192,7.308,0,1,1
26444324404,702884421,14989130,1700306677,1700306677,2023-11-18,0.206661625,-63.6731,8.6504,-80.2597,3.8857,0.0011,0.0003,0.0001,80830,3,6,1,2023-11-18,0,18,11,5,-63.499,-68.7086,0.208297176,0.144244613,-65.2935666666667,-65.19072,0.0,2193,-0.1740999999999957,0,1,1
26444324403,702884421,14989130,1700306646,1700306646,2023-11-18,0.164329987,-66.8592,10.9148,-80.0067,3.894,0.006,0.0003,0.0003,80830,3,6,1,2023-11-18,0,18,11,5,-63.6731,-63.499,0.206661625,0.208297176,-64.67710000000004,-65.59387999999998,0.0,2194,-3.1861000000000033,0,1,1
26444324402,702884421,14989130,1700306614,1700306614,2023-11-18,0.187944423,-65.0031,14.0685,-80.0476,3.8942,0.007,0.0002,0.0001,80830,3,6,1,2023-11-18,0,18,11,5,-66.8592,-63.6731,0.164329987,0.206661625,-65.1784666666667,-65.5486,0.0,2195,1.8560999999999979,0,1,1
26444324384,702884418,14989130,1700304934,1700304934,2023-11-18,0.16220046,-66.9871,8.0096,-79.956,3.8772,0.0041,0.0003,0.0002,80830,3,12,1,2023-11-18,0,18,11,5,-70.807,-72.444,0.134269159,0.094627679,-70.0793666666667,-68.9722,0.0,2196,-1.9839999999999947,0,1,1
26444324360,702884415,14989130,1700303444,1700303444,2023-11-18,0.093592844,-74.149,5.9965,-81.8054,3.8908,0.0055,0.0002,0.0,80830,1,2,0,2023-11-18,0,18,11,5,-65.0031,-66.8592,0.187944423,0.164329987,-68.67043333333338,-66.63668,0.0,2197,-7.161900000000003,0,1,0
26444324409,702884423,14989130,1700306962,1700306962,2023-11-18,0.137038009,-69.0896,21.9946,-80.061,4.1855,0.0157,0.0003,0.0,80830,3,2,0,2023-11-18,0,18,11,5,-68.7673,-67.9156,0.143129314,0.15109214,-68.59083333333336,-68.98492000000002,0.0,2198,5.059399999999997,1,1,0
26444324392,702884419,14989130,1700305790,1700305790,2023-11-18,0.193154237,-65.0567,44.8735,-80.6309,4.11,0.0152,0.0003,0.0002,80830,3,8,1,2023-11-18,0,18,11,5,-68.5862,-71.6362,0.144207578,0.104083863,-68.42636666666671,-68.07562,0.0,2199,4.032899999999998,1,1,1
26444324397,702884419,14989130,1700305948,1700305948,2023-11-18,0.107952985,-70.157,6.9312,-78.6472,3.9013,0.0095,0.0004,0.0004,80830,3,8,1,2023-11-18,0,18,11,5,-69.0896,-68.7673,0.137038009,0.143129314,-69.3379666666667,-70.01570000000001,0.0,2200,-5.10029999999999,0,1,0
26444324390,702884419,14989130,1700305726,1700305726,2023-11-18,0.129535024,-69.7568,8.039,-80.1374,4.035,0.0237,0.0006,0.0,80830,3,8,1,2023-11-18,0,18,11,5,-64.8661,-70.7681,0.191270382,0.120170724,-68.4636666666667,-67.08261999999999,0.0,2201,0.4001999999999981,0,1,0
26444324389,702884418,14989130,1700305187,1700305187,2023-11-18,0.191270382,-64.8661,13.7146,-80.2074,4.2865,0.0016,0.0003,0.0003,80830,3,12,1,2023-11-18,0,18,11,5,-70.7681,-64.9654,0.120170724,0.187540488,-66.86653333333338,-66.8485,0.0,2202,4.890699999999995,0,1,1
26444324396,702884419,14989130,1700305916,1700305916,2023-11-18,0.120170724,-70.7681,31.562,-80.4339,3.9213,0.0112,0.0006,0.0004,80830,3,8,1,2023-11-18,0,18,11,5,-64.9654,-65.0567,0.187540488,0.193154237,-66.93006666666669,-68.20252,0.0,2203,-5.902000000000001,1,1,0
26444324388,702884418,14989130,1700305156,1700305156,2023-11-18,0.187540488,-64.9654,38.5019,-79.9614,3.9968,0.0053,0.0003,0.0001,80830,3,12,1,2023-11-18,0,18,11,5,-65.0567,-68.5862,0.193154237,0.144207578,-66.2027666666667,-67.68522,0.0,2204,5.8027000000000015,1,1,1
26444324400,702884420,14989130,1700306138,1700306138,2023-11-18,0.094627679,-72.444,9.0459,-80.0157,4.2172,0.0172,0.0002,0.0001,80830,3,3,0,2023-11-18,0,18,11,5,-69.7568,-64.8661,0.129535024,0.191270382,-69.02230000000003,-68.56008,0.0,2205,-7.4786,0,1,0
26444324411,702884424,14989130,1700307153,1700307153,2023-11-18,0.144207578,-68.5862,11.7907,-80.1435,3.985,0.0154,0.0004,0.0,80830,3,5,1,2023-11-18,0,18,11,5,-71.6362,-68.1816,0.104083863,0.150005859,-69.46800000000003,-68.3271,0.0,2206,3.8577999999999975,0,1,0
26444324393,702884419,14989130,1700305821,1700305821,2023-11-18,0.104083863,-71.6362,13.4556,-79.9586,4.0438,0.0533,0.0006,0.0004,80830,3,8,1,2023-11-18,0,18,11,5,-68.1816,-66.9174,0.150005859,0.170099091,-68.91173333333337,-68.64126,0.0,2207,-3.049999999999997,0,1,0
26444324394,702884419,14989130,1700305853,1700305853,2023-11-18,0.150005859,-68.1816,11.3886,-80.2142,3.991,0.0118,0.0004,0.0004,80830,3,8,1,2023-11-18,0,18,11,5,-66.9174,-66.3141,0.170099091,0.171648419,-67.13770000000004,-68.13194,0.0,2208,3.4545999999999992,0,1,0
26444324395,702884419,14989130,1700305885,1700305885,2023-11-18,0.170099091,-66.9174,50.6104,-80.633,3.9682,0.0034,0.0002,0.0001,80830,3,8,1,2023-11-18,0,18,11,5,-66.3141,-70.157,0.171648419,0.107952985,-67.79616666666669,-68.24907999999999,0.0,2209,1.2642000000000024,1,1,1
26444324391,702884419,14989130,1700305758,1700305758,2023-11-18,0.171648419,-66.3141,6.0156,-80.0555,4.1575,0.0166,0.0003,0.0001,80830,3,8,1,2023-11-18,0,18,11,5,-70.157,-69.0896,0.107952985,0.137038009,-68.52023333333337,-68.44872000000001,172800.0,2210,0.6033000000000044,0,1,1
26444324405,702884421,14989130,1700306709,1700306709,2023-11-18,0.144244613,-68.7086,13.7272,-80.29,3.8937,0.0074,0.0003,0.0001,80830,3,6,1,2023-11-18,0,18,11,5,-65.2295,-64.8434,0.187064974,0.187383296,-66.26050000000004,-65.1397,0.0,2211,-2.394500000000008,0,1,0
26444324461,702884433,14989130,1700313397,1700313397,2023-11-18,0.176611488,-65.9661,8.1652,-80.1154,3.9028,0.0046,0.0003,0.0003,80830,3,17,1,2023-11-18,0,18,11,5,-69.5071,-65.2267,0.124725796,0.18394302,-66.89996666666669,-65.46318,0.0,2212,2.742500000000007,0,1,1
26444324362,702884416,14989130,1700303888,1700303888,2023-11-18,0.253719204,-59.4594,7.0396,-79.6743,4.0003,0.0071,0.0003,0.0,80830,3,2,0,2023-11-18,0,18,11,5,-65.9012,-63.2375,0.172870651,0.212084098,-62.86603333333337,-63.57058000000001,0.0,2213,6.506699999999995,0,0,1
26444324455,702884433,14989130,1700313207,1700313207,2023-11-18,0.212084098,-63.2375,6.7844,-80.2592,3.8973,0.0016,0.0006,0.0004,80830,3,17,1,2023-11-18,0,18,11,5,-66.184,-63.0708,0.1436527,0.207846329,-64.16410000000003,-65.64753999999999,0.0,2214,-3.778099999999995,0,1,1
26444324453,702884433,14989130,1700313143,1700313143,2023-11-18,0.225095699,-61.7825,10.0287,-79.7292,3.9045,0.0023,0.0004,0.0004,80830,3,17,1,2023-11-18,0,18,11,5,-62.8577,-72.713,0.215481025,0.114531388,-65.78440000000003,-67.02946,0.0,2215,1.4549999999999983,0,1,1
26444324452,702884433,14989130,1700313111,1700313111,2023-11-18,0.190075304,-64.8335,9.7749,-80.0488,3.9265,0.0064,0.0006,0.0004,80830,3,17,1,2023-11-18,0,18,11,5,-61.7825,-62.8577,0.225095699,0.215481025,-63.15790000000004,-65.83475999999999,0.0,2216,-3.051000000000002,0,1,1
26444324451,702884433,14989130,1700313080,1700313080,2023-11-18,0.18394302,-65.2267,11.061,-79.9291,3.997,0.0135,0.0002,0.0004,80830,3,17,1,2023-11-18,0,18,11,5,-64.8335,-61.7825,0.190075304,0.225095699,-63.947566666666695,-65.48267999999999,0.0,2217,-0.3931999999999931,1,1,1
26444324450,702884433,14989130,1700313016,1700313016,2023-11-18,0.124725796,-69.5071,23.0507,-79.4118,4.228,0.0122,0.0003,0.0,80830,3,17,1,2023-11-18,0,18,11,5,-65.2267,-64.8335,0.18394302,0.190075304,-66.52243333333337,-64.8415,0.0,2218,-4.2804,1,1,0
26444324412,702884424,14989130,1700307184,1700307184,2023-11-18,0.115223836,-71.4547,62.3345,-80.7602,4.0273,0.0177,0.0003,0.0001,80830,3,5,1,2023-11-18,0,18,11,5,-65.9661,-69.5071,0.176611488,0.124725796,-68.9759666666667,-67.39762,0.0,2219,-1.9476000000000084,1,1,0
26444324368,702884417,14989130,1700304205,1700304205,2023-11-18,0.153523929,-67.6546,14.5896,-79.925,3.9355,0.0057,0.0004,0.0007,80830,3,14,1,2023-11-18,0,18,11,5,-71.4547,-65.9661,0.115223836,0.176611488,-68.3584666666667,-67.96184,0.0,2220,3.8001000000000005,0,1,0
26444324371,702884417,14989130,1700304395,1700304395,2023-11-18,0.22376879,-61.779,8.9173,-79.5884,3.9352,0.0034,0.0006,0.0004,80830,3,14,1,2023-11-18,0,18,11,5,-67.6546,-71.4547,0.153523929,0.115223836,-66.9627666666667,-67.2723,0.0,2221,5.875599999999999,0,1,1
26444324383,702884418,14989130,1700304902,1700304902,2023-11-18,0.162520117,-66.8185,22.0399,-79.7852,3.8758,0.0062,0.0004,0.0004,80830,3,12,1,2023-11-18,0,18,11,5,-61.779,-67.6546,0.22376879,0.153523929,-65.4173666666667,-66.73458000000001,0.0,2222,-5.039499999999997,0,1,1
26444324483,702884438,14989130,1700372319,1700372319,2023-11-18,0.101371385,-74.0718,32.301,-82.4276,4.4265,0.0189,0.0004,0.0,80830,1,2,0,2023-11-18,0,18,11,5,-66.8185,-61.779,0.162520117,0.22376879,-67.55643333333336,-68.35572,0.0,2223,-7.253299999999996,1,1,0
26444324381,702884418,14989130,1700304839,1700304839,2023-11-18,0.145369948,-68.3281,12.7342,-79.9505,3.8862,0.0037,0.0003,0.0002,80830,3,12,1,2023-11-18,0,18,11,5,-74.0718,-66.8185,0.101371385,0.162520117,-69.7394666666667,-67.7304,0.0,2224,5.74369999999999,0,1,0
26444324454,702884433,14989130,1700313175,1700313175,2023-11-18,0.215481025,-62.8577,9.4339,-80.1226,3.9005,0.0057,0.0004,0.0001,80830,3,17,1,2023-11-18,0,18,11,5,-72.713,-66.9871,0.114531388,0.16220046,-67.5192666666667,-69.16176,0.0,2225,5.470400000000005,0,1,1
26444324379,702884418,14989130,1700304775,1700304775,2023-11-18,0.189905192,-64.5456,11.162,-79.6766,3.8872,0.0023,0.0006,0.0004,80830,3,12,1,2023-11-18,0,18,11,5,-69.1828,-68.3281,0.133009593,0.145369948,-67.35216666666669,-68.58936000000001,0.0,2226,-1.687899999999992,0,1,1
26444324382,702884418,14989130,1700304871,1700304871,2023-11-18,0.146750972,-67.9048,25.1275,-79.5838,3.8805,0.0048,0.0003,0.0004,80830,3,12,1,2023-11-18,0,18,11,5,-64.5456,-69.1828,0.189905192,0.133009593,-67.2110666666667,-68.80662,0.0,2227,-3.3592000000000013,1,1,0
26444324364,702884417,14989130,1700304015,1700304015,2023-11-18,0.188453645,-64.9681,13.7788,-80.0547,3.941,0.006,0.0003,0.0,80830,3,14,1,2023-11-18,0,18,11,5,-63.0048,-67.9048,0.212930934,0.146750972,-65.2925666666667,-65.92121999999999,0.0,2228,2.9366999999999877,0,1,1
26444324380,702884418,14989130,1700304807,1700304807,2023-11-18,0.133009593,-69.1828,20.3601,-79.7965,3.8893,0.0145,0.0002,0.0004,80830,3,12,1,2023-11-18,0,18,11,5,-68.3281,-74.0718,0.145369948,0.101371385,-70.5275666666667,-68.03604,0.0,2229,-4.2146999999999935,1,1,0
26444324462,702884433,14989130,1700313428,1700313428,2023-11-18,0.1436527,-66.184,19.2685,-77.2864,3.896,0.0089,0.0003,0.0002,80830,3,17,1,2023-11-18,0,18,11,5,-63.0708,-68.3162,0.207846329,0.151618187,-65.85700000000004,-66.56235999999998,0.0,2230,2.998800000000003,0,1,0
26444324370,702884417,14989130,1700304332,1700304332,2023-11-18,0.116853464,-70.7048,44.4222,-80.0601,3.9962,0.0182,0.0004,0.0004,80830,3,14,1,2023-11-18,0,18,11,5,-62.4899,-68.061,0.213937814,0.144121486,-67.08523333333336,-67.65482,0.0,2231,-4.520800000000008,1,1,0
26444324376,702884417,14989130,1700304554,1700304554,2023-11-18,0.213937814,-62.4899,9.387,-79.4974,3.884,0.0016,0.0003,0.0001,80830,3,14,1,2023-11-18,0,18,11,5,-68.061,-68.2871,0.144121486,0.143112232,-66.27933333333335,-67.46616,0.0,2232,8.214900000000007,0,1,1
26444324484,702884438,14989130,1700372351,1700372351,2023-11-18,0.114531388,-72.713,50.6245,-82.1181,4.6487,0.0078,0.0004,0.0004,80830,1,2,0,2023-11-18,0,18,11,5,-66.9871,-70.807,0.16220046,0.134269159,-70.16903333333336,-70.54158,0.0,2233,-10.223099999999995,1,1,0
26444324375,702884417,14989130,1700304522,1700304522,2023-11-18,0.144121486,-68.061,54.4574,-79.5218,3.8853,0.0048,0.0003,0.0001,80830,3,14,1,2023-11-18,0,18,11,5,-68.2871,-68.7313,0.143112232,0.133700954,-68.35980000000002,-67.8974,0.0,2234,4.651999999999987,1,1,0
26444324374,702884417,14989130,1700304490,1700304490,2023-11-18,0.143112232,-68.2871,10.4554,-79.692,3.891,0.0034,0.0006,0.0004,80830,3,14,1,2023-11-18,0,18,11,5,-68.7313,-69.7615,0.133700954,0.119740925,-68.92663333333337,-67.36972,0.0,2235,-0.2260999999999882,0,1,0
26444324372,702884417,14989130,1700304427,1700304427,2023-11-18,0.119740925,-69.7615,6.0627,-79.2511,3.9262,0.005,0.0004,0.0004,80830,3,14,1,2023-11-18,0,18,11,5,-64.6461,-65.4226,0.185965014,0.182086634,-66.6100666666667,-66.79734,0.0,2236,-1.4744000000000028,0,1,0
26444324373,702884417,14989130,1700304458,1700304458,2023-11-18,0.133700954,-68.7313,12.9364,-79.339,3.9055,0.0076,0.0003,0.0002,80830,3,14,1,2023-11-18,0,18,11,5,-69.7615,-64.6461,0.119740925,0.185965014,-67.7129666666667,-67.4888,0.0,2237,1.0301999999999936,0,1,0
26444324385,702884418,14989130,1700304997,1700304997,2023-11-18,0.182086634,-65.4226,16.5742,-79.9872,3.9122,0.0053,0.0003,0.0007,80830,3,12,1,2023-11-18,0,18,11,5,-68.8825,-65.274,0.14042251,0.182763335,-66.52636666666669,-66.12613999999999,0.0,2238,3.3087000000000018,0,1,1
26444324367,702884417,14989130,1700304142,1700304142,2023-11-18,0.14042251,-68.8825,25.9218,-80.1353,3.9745,0.0125,0.0002,0.0001,80830,3,14,1,2023-11-18,0,18,11,5,-65.274,-64.57,0.182763335,0.190146807,-66.24216666666668,-66.03524,0.0,2239,-3.4598999999999904,1,1,0
26444324366,702884417,14989130,1700304110,1700304110,2023-11-18,0.182763335,-65.274,34.2638,-79.8716,3.9335,0.0039,0.0004,0.0008,80830,3,14,1,2023-11-18,0,18,11,5,-64.57,-66.4816,0.190146807,0.168322975,-65.44186666666668,-64.8597,0.0,2240,3.6084999999999923,1,1,1
26444324378,702884418,14989130,1700304744,1700304744,2023-11-18,0.190146807,-64.57,18.2649,-79.7305,3.8817,0.0037,0.0003,0.0,80830,3,12,1,2023-11-18,0,18,11,5,-66.4816,-64.9681,0.168322975,0.188453645,-65.33990000000004,-65.38586,0.0,2241,0.7040000000000077,0,1,1
26444324365,702884417,14989130,1700304046,1700304046,2023-11-18,0.168322975,-66.4816,15.4446,-79.9368,3.9462,0.0046,0.0003,0.0001,80830,3,14,1,2023-11-18,0,18,11,5,-64.9681,-63.0048,0.188453645,0.212930934,-64.8181666666667,-65.38098,0.0,2242,-1.911600000000007,0,1,1
26444324369,702884417,14989130,1700304268,1700304268,2023-11-18,0.185965014,-64.6461,14.3438,-79.4144,3.9442,0.005,0.0003,0.0005,80830,3,14,1,2023-11-18,0,18,11,5,-65.4226,-68.8825,0.182086634,0.14042251,-66.31706666666669,-65.75904,0.0,2243,1.8354999999999961,0,1,1
26444324490,702884440,14989130,1700710579,1700710579,2023-11-22,0.164254115,-66.5176,5.5071,-79.5907,4.203,0.0141,0.0003,0.0,80830,3,3,0,2023-11-22,0,22,11,2,-66.598,-67.8176,0.161949872,0.147124367,-66.97773333333336,-66.82558,0.0,2244,-1.8714999999999975,0,1,1
26444324492,702884440,14989130,1700710642,1700710642,2023-11-22,0.161949872,-66.598,13.1987,-79.4678,4.1922,0.0093,0.0003,0.0002,80830,3,3,0,2023-11-22,0,22,11,2,-67.8176,-70.7048,0.147124367,0.116853464,-68.37346666666669,-67.13426,0.0,2245,-0.08039999999999736,0,1,1
26444324493,702884441,14989130,1700710800,1700710800,2023-11-22,0.160217201,-66.5328,7.6257,-79.2262,4.15,0.0286,0.0003,0.0,80830,3,3,0,2023-11-22,0,22,11,2,-66.5176,-66.598,0.164254115,0.161949872,-66.5494666666667,-67.63416,0.0,2246,0.06520000000000437,0,1,1
26444324491,702884440,14989130,1700710610,1700710610,2023-11-22,0.147124367,-67.8176,15.5198,-79.5164,4.0172,0.0191,0.0004,0.0004,80830,3,3,0,2023-11-22,0,22,11,2,-70.7048,-62.4899,0.116853464,0.213937814,-67.00410000000002,-67.47208,0.0,2247,-1.2848000000000042,1,1,0
26444324498,702884442,14989130,1700714541,1700714541,2023-11-22,0.120308427,-68.9431,15.3303,-78.3719,4.182,0.0251,0.0002,0.0004,80830,3,3,0,2023-11-22,0,22,11,2,-66.3287,-66.5328,0.137996104,0.160217201,-67.26820000000002,-66.98404,0.0,2248,-1.1255000000000024,1,1,0
26444324488,702884439,14989130,1700648264,1700648264,2023-11-22,0.159755553,-64.5117,14.9785,-76.7773,3.906,0.0048,0.0002,0.0001,80830,3,5,1,2023-11-22,0,22,11,2,-68.9431,-66.3287,0.120308427,0.137996104,-66.59450000000004,-66.56678000000001,0.0,2249,4.4313999999999965,0,1,1
26444324487,702884439,14989130,1700648233,1700648233,2023-11-22,0.107539775,-68.7712,17.6331,-77.058,3.9335,0.014,0.0003,0.0003,80830,3,5,1,2023-11-22,0,22,11,2,-64.5117,-68.9431,0.159755553,0.120308427,-67.40866666666669,-67.0175,0.0,2250,-4.2594999999999885,1,1,0
26444324500,702884443,14989130,1700714667,1700714667,2023-11-22,0.122871049,-68.5878,18.6285,-78.1958,3.9373,0.0104,0.0006,0.0004,80830,3,3,0,2023-11-22,0,22,11,2,-68.6313,-68.7712,0.141009242,0.107539775,-68.66343333333337,-67.88902,0.0,2251,0.1833999999999918,1,1,0
26444324494,702884441,14989130,1700710832,1700710832,2023-11-22,0.141009242,-68.6313,16.8623,-79.8976,4.2405,0.0115,0.0002,0.0001,80830,3,3,0,2023-11-22,0,22,11,2,-68.7712,-64.5117,0.107539775,0.159755553,-67.30473333333336,-67.43719999999999,0.0,2252,-0.04349999999999454,0,1,0
26444324499,702884443,14989130,1700714636,1700714636,2023-11-22,0.110984057,-69.1161,20.6078,-77.7445,3.9832,0.0346,0.0003,0.0,80830,3,3,0,2023-11-22,0,22,11,2,-67.9687,-68.2766,0.14148957,0.123996356,-68.45380000000004,-67.75883999999999,0.0,2253,-0.484800000000007,1,1,0
26444324496,702884442,14989130,1700714477,1700714477,2023-11-22,0.126835718,-68.2205,23.8202,-78.1302,3.9775,0.0113,0.0005,0.0,80830,3,3,0,2023-11-22,0,22,11,2,-68.5878,-68.6313,0.122871049,0.141009242,-68.4798666666667,-67.74449999999999,0.0,2254,0.8956000000000017,1,1,0
26444324502,702884444,14989130,1700714858,1700714858,2023-11-22,0.132775427,-68.5502,10.1154,-79.0455,4.1498,0.0336,0.0003,0.0,80830,3,2,0,2023-11-22,0,22,11,2,-64.8826,-65.57,0.164607453,0.149134406,-66.3342666666667,-67.16222,345600.0,2255,-0.32970000000000255,0,1,0
26444324503,702884444,14989130,1700714921,1700714921,2023-11-22,0.164607453,-64.8826,13.4115,-77.6672,4.014,0.0165,0.0003,0.0007,80830,3,2,0,2023-11-22,0,22,11,2,-65.57,-68.2205,0.149134406,0.126835718,-66.22436666666668,-67.17844,0.0,2256,3.6676000000000073,0,1,1
26444324501,702884443,14989130,1700714699,1700714699,2023-11-22,0.123996356,-68.2766,2.3238,-77.941,3.9255,0.0104,0.0003,0.0001,80830,3,3,0,2023-11-22,0,22,11,2,-68.5502,-64.8826,0.132775427,0.164607453,-67.23646666666669,-67.09997999999999,0.0,2257,-3.3940000000000055,0,1,0
26444324485,702884439,14989130,1700648138,1700648138,2023-11-22,0.149134406,-65.57,44.5006,-77.0627,4.0297,0.0276,0.0004,0.0,80830,3,5,1,2023-11-22,0,22,11,2,-68.2205,-68.5878,0.126835718,0.122871049,-67.45943333333337,-67.95616,0.0,2258,2.7066000000000088,1,1,0
26444324489,702884439,14989130,1700648328,1700648328,2023-11-22,0.137996104,-66.3287,36.1626,-76.9471,3.9432,0.0188,0.0004,0.0007,80830,3,5,1,2023-11-22,0,22,11,2,-66.5328,-66.5176,0.160217201,0.164254115,-66.45970000000001,-66.75894,0.0,2259,-0.7587000000000046,1,1,0
26444324486,702884439,14989130,1700648201,1700648201,2023-11-22,0.11224438,-68.1522,14.0781,-76.7691,4.0255,0.0226,0.0003,0.0005,80830,3,5,1,2023-11-22,0,22,11,2,-69.1161,-67.9687,0.110984057,0.14148957,-68.41233333333336,-68.41276,0.0,2260,-1.8234999999999957,0,1,0
26444324497,702884442,14989130,1700714509,1700714509,2023-11-22,0.145068271,-68.1166,63.3679,-79.6749,4.0812,0.0397,0.0003,0.0001,80830,3,3,0,2023-11-22,0,22,11,2,-68.1522,-69.1161,0.11224438,0.110984057,-68.46163333333335,-68.32604,0.0,2261,0.035599999999988086,1,1,0
26444324495,702884441,14989130,1700710896,1700710896,2023-11-22,0.14148957,-67.9687,36.004,-79.1705,4.2675,0.008,0.0003,0.0007,80830,3,3,0,2023-11-22,0,22,11,2,-68.2766,-68.5502,0.123996356,0.132775427,-68.2651666666667,-67.04962,0.0,2262,0.14790000000000703,0,1,0
26444324542,702884453,14989130,1700800912,1700800912,2023-11-23,0.133576164,-70.6229,11.9703,-81.5108,3.9902,0.0068,0.0003,0.0003,80830,1,12,1,2023-11-23,0,23,11,3,-70.796,-70.8815,0.124456619,0.113949131,-70.76680000000003,-69.64836,0.0,2263,-2.654200000000003,0,1,0
26444324560,702884456,14989130,1700801768,1700801768,2023-11-23,0.168929099,-66.4142,12.5806,-79.914,4.2367,0.0162,0.0002,0.0002,80830,3,5,1,2023-11-23,0,23,11,3,-68.1166,-68.1522,0.145068271,0.11224438,-67.56100000000002,-67.95356000000001,0.0,2264,4.208700000000007,0,1,1
26444324593,702884466,14989130,1700803670,1700803670,2023-11-23,0.179130903,-65.7888,12.1067,-80.1453,4.1887,0.0177,0.0005,0.0,80830,3,2,0,2023-11-23,0,23,11,3,-66.4142,-68.1166,0.168929099,0.145068271,-66.77320000000002,-67.51758,0.0,2265,0.6253999999999991,0,1,1
26444324574,702884460,14989130,1700802592,1700802592,2023-11-23,0.109712623,-71.6749,33.9631,-80.5076,4.3913,0.0152,0.0003,0.0004,80830,3,2,0,2023-11-23,0,23,11,3,-65.7888,-66.4142,0.179130903,0.168929099,-67.95930000000003,-68.02933999999999,0.0,2266,-5.886099999999999,1,1,0
26444324573,702884460,14989130,1700802560,1700802560,2023-11-23,0.119993679,-67.943,3.4782,-77.2074,4.3235,0.0062,0.0006,0.0,80830,3,2,0,2023-11-23,0,23,11,3,-71.6749,-65.7888,0.109712623,0.179130903,-68.46890000000003,-67.9875,0.0,2267,3.731899999999996,0,1,0
26444324569,702884458,14989130,1700802465,1700802465,2023-11-23,0.133861681,-67.3439,10.4282,-77.7519,4.2668,0.009,0.0006,0.0002,80830,3,5,1,2023-11-23,0,23,11,3,-67.943,-71.6749,0.119993679,0.109712623,-68.9872666666667,-67.83295999999999,0.0,2268,0.5990999999999929,0,1,0
26444324568,702884458,14989130,1700802433,1700802433,2023-11-23,0.107325855,-69.6692,5.9577,-78.0455,4.2942,0.006,0.0003,0.0001,80830,3,5,1,2023-11-23,0,23,11,3,-67.3439,-67.943,0.133861681,0.119993679,-68.31870000000004,-68.48396,0.0,2269,-2.3252999999999986,0,1,0
26444324566,702884458,14989130,1700802370,1700802370,2023-11-23,0.113949131,-70.8815,14.8115,-79.9971,4.272,0.0094,0.0006,0.0004,80830,3,5,1,2023-11-23,0,23,11,3,-66.2722,-69.6692,0.173183953,0.107325855,-68.94096666666671,-68.42196,0.0,2270,-1.212299999999999,0,1,0
26444324562,702884456,14989130,1700801800,1700801800,2023-11-23,0.124456619,-70.796,46.5633,-80.8595,4.218,0.0116,0.0003,0.0003,80830,3,5,1,2023-11-23,0,23,11,3,-70.8815,-66.2722,0.113949131,0.173183953,-69.3165666666667,-68.99256,0.0,2271,0.08549999999999613,1,1,0
26444324591,702884465,14989130,1700803606,1700803606,2023-11-23,0.103874825,-73.1248,32.423,-81.6011,3.9735,0.0113,0.0003,0.0,80830,1,3,0,2023-11-23,0,23,11,3,-69.235,-72.6833,0.129418451,0.117824762,-71.68103333333336,-71.73148,0.0,2272,-2.328799999999987,1,1,0
26444324558,702884456,14989130,1700801736,1700801736,2023-11-23,0.226898949,-60.5836,2.9153,-78.3644,4.2477,0.0028,0.0004,0.0004,80830,3,5,1,2023-11-23,0,23,11,3,-70.6229,-70.796,0.133576164,0.124456619,-67.33416666666669,-67.83124,0.0,2273,12.541199999999996,0,1,1
26444324507,702884445,14989130,1700738661,1700738661,2023-11-23,0.121628463,-68.1828,24.1179,-77.6241,3.9488,0.0059,0.0002,0.0001,80830,3,8,1,2023-11-23,0,23,11,3,-62.3322,-66.3733,0.20320751,0.168937565,-65.62943333333335,-64.0621,0.0,2274,-7.599200000000003,0,1,0
26444324556,702884456,14989130,1700801673,1700801673,2023-11-23,0.168937565,-66.3733,9.3065,-79.8656,4.183,0.0106,0.0003,0.0,80830,3,5,1,2023-11-23,0,23,11,3,-62.8386,-60.5836,0.184001184,0.226898949,-63.26516666666669,-66.24288,0.0,2275,1.8094999999999999,0,1,1
26444324517,702884447,14989130,1700739168,1700739168,2023-11-23,0.20320751,-62.3322,11.1392,-78.2289,4.2162,0.0119,0.0003,0.0001,80830,3,3,0,2023-11-23,0,23,11,3,-66.3733,-62.8386,0.168937565,0.184001184,-63.848033333333355,-64.55012,0.0,2276,4.0411,0,1,1
26444324557,702884456,14989130,1700801704,1700801704,2023-11-23,0.132355912,-69.139,8.1432,-79.6859,4.27,0.0086,0.0003,0.0004,80830,3,5,1,2023-11-23,0,23,11,3,-69.2912,-68.8266,0.11689894,0.117157216,-69.08560000000001,-69.1139,0.0,2277,-6.8067999999999955,0,1,0
26444324515,702884447,14989130,1700739105,1700739105,2023-11-23,0.172292169,-64.347,17.7747,-77.7412,4.0025,0.0089,0.0003,0.0,80830,3,3,0,2023-11-23,0,23,11,3,-68.1828,-62.3322,0.121628463,0.20320751,-64.95400000000002,-64.81478,0.0,2278,4.792000000000002,1,1,1
26444324514,702884446,14989130,1700739010,1700739010,2023-11-23,0.122636795,-70.2331,8.5133,-80.0502,3.894,0.009,0.0003,0.0002,80830,3,3,0,2023-11-23,0,23,11,3,-64.347,-68.1828,0.172292169,0.121628463,-67.58763333333336,-66.29368,0.0,2279,-5.886099999999999,0,1,0
26444324513,702884446,14989130,1700738978,1700738978,2023-11-23,0.127121335,-69.8172,22.4924,-79.985,3.893,0.003,0.0003,0.0001,80830,3,3,0,2023-11-23,0,23,11,3,-70.2331,-64.347,0.122636795,0.172292169,-68.13243333333337,-66.98245999999999,0.0,2280,0.4158999999999935,1,1,0
26444324512,702884446,14989130,1700738946,1700738946,2023-11-23,0.113999618,-70.4668,28.4099,-79.5336,3.8792,0.003,0.0002,0.0,80830,3,3,0,2023-11-23,0,23,11,3,-69.8172,-70.2331,0.127121335,0.122636795,-70.17236666666669,-68.60938,0.0,2281,-0.6496000000000066,1,1,0
26444324511,702884445,14989130,1700738851,1700738851,2023-11-23,0.12719252,-69.5055,18.3804,-79.6344,3.8815,0.0085,0.0002,0.0005,80830,3,8,1,2023-11-23,0,23,11,3,-70.4668,-69.8172,0.113999618,0.127121335,-69.92983333333336,-68.87392,0.0,2282,0.9613000000000085,0,1,0
26444324510,702884445,14989130,1700738788,1700738788,2023-11-23,0.102044332,-68.8072,15.3317,-76.6265,3.8763,0.0175,0.0004,0.0005,80830,3,8,1,2023-11-23,0,23,11,3,-69.5055,-70.4668,0.12719252,0.113999618,-69.59316666666669,-69.76596,0.0,2283,0.6983000000000033,0,1,0
26444324509,702884445,14989130,1700738725,1700738725,2023-11-23,0.117157216,-68.8266,4.608,-77.9602,3.9038,0.01,0.0003,0.0002,80830,3,8,1,2023-11-23,0,23,11,3,-68.8072,-69.5055,0.102044332,0.12719252,-69.04643333333335,-69.48465999999999,0.0,2284,-0.019400000000004525,0,1,0
26444324508,702884445,14989130,1700738693,1700738693,2023-11-23,0.11689894,-69.2912,16.5571,-78.4635,3.907,0.0036,0.0003,0.0004,80830,3,8,1,2023-11-23,0,23,11,3,-68.8266,-68.8072,0.117157216,0.102044332,-68.97500000000002,-69.37946,0.0,2285,-0.46460000000000434,0,1,0
26444324516,702884447,14989130,1700739137,1700739137,2023-11-23,0.184001184,-62.8386,7.4978,-77.0082,4.132,0.0335,0.0003,0.0004,80830,3,3,0,2023-11-23,0,23,11,3,-60.5836,-70.6229,0.226898949,0.133576164,-64.68170000000002,-67.14452000000001,0.0,2286,6.452600000000004,0,1,1
26444324506,702884445,14989130,1700738629,1700738629,2023-11-23,0.109269087,-69.2513,25.1882,-77.7466,4.0178,0.0395,0.0003,0.0004,80830,3,8,1,2023-11-23,0,23,11,3,-69.139,-69.2912,0.132355912,0.11689894,-69.22716666666669,-69.06306,0.0,2287,-6.412700000000001,1,1,0
26444324505,702884445,14989130,1700738598,1700738598,2023-11-23,0.116284932,-68.007,24.8333,-76.9558,3.92,0.0067,0.0006,0.0004,80830,3,8,1,2023-11-23,0,23,11,3,-69.2513,-69.139,0.109269087,0.132355912,-68.79910000000002,-68.90302,0.0,2288,1.2442999999999955,1,1,0
26444324504,702884445,14989130,1700738566,1700738566,2023-11-23,0.1024471,-69.1788,6.047,-77.0749,3.9508,0.0052,0.0002,0.0,80830,3,8,1,2023-11-23,0,23,11,3,-68.007,-69.2513,0.116284932,0.109269087,-68.81236666666668,-68.97346,0.0,2289,-1.1717999999999904,0,1,0
26444324565,702884458,14989130,1700802338,1700802338,2023-11-23,0.129418451,-69.235,43.565,-79.5273,4.256,0.0164,0.0002,0.0,80830,3,5,1,2023-11-23,0,23,11,3,-72.6833,-73.322,0.117824762,0.108591547,-71.7467666666667,-71.23432,0.0,2290,-0.056200000000004025,1,1,0
26444324524,702884450,14989130,1700799644,1700799644,2023-11-23,0.140600003,-70.2098,12.7565,-81.6963,4.0085,0.011,0.0003,0.0002,80830,1,3,0,2023-11-23,0,23,11,3,-71.9298,-69.1788,0.117643379,0.1024471,-70.43946666666669,-69.71534,0.0,2291,-0.9748000000000019,0,1,0
26444324541,702884453,14989130,1700800880,1700800880,2023-11-23,0.117643379,-71.9298,26.7163,-81.5201,4.1422,0.0299,0.0002,0.0005,80830,1,12,1,2023-11-23,0,23,11,3,-69.1788,-68.007,0.1024471,0.116284932,-69.70520000000003,-69.50118,0.0,2292,-1.7199999999999989,1,1,0
26444324528,702884451,14989130,1700800183,1700800183,2023-11-23,0.167611543,-68.0093,4.4289,-81.7038,3.9365,0.0023,0.0003,0.0004,80830,1,4,1,2023-11-23,0,23,11,3,-72.9241,-71.7738,0.101873496,0.116177637,-70.90240000000001,-71.04780000000001,0.0,2293,3.920500000000004,0,1,1
26444324520,702884449,14989130,1700797457,1700797457,2023-11-23,0.101873496,-72.9241,25.5529,-81.1958,4.0533,0.0163,0.0003,0.0,80830,1,3,0,2023-11-23,0,23,11,3,-71.7738,-69.7808,0.116177637,0.142813622,-71.49290000000002,-71.41494,0.0,2294,-4.9148,1,1,0
26444324521,702884449,14989130,1700797489,1700797489,2023-11-23,0.116177637,-71.7738,12.1771,-81.2084,4.0137,0.0114,0.0003,0.0002,80830,1,3,0,2023-11-23,0,23,11,3,-69.7808,-72.751,0.142813622,0.112110524,-71.43520000000002,-71.44654,0.0,2295,1.1503000000000014,0,1,0
26444324523,702884450,14989130,1700799613,1700799613,2023-11-23,0.143135453,-69.845,15.5973,-81.5123,4.1258,0.0227,0.0003,0.0,80830,1,3,0,2023-11-23,0,23,11,3,-73.0821,-70.0337,0.111225022,0.14135243,-70.98693333333335,-71.02008,0.0,2296,1.9287999999999954,0,1,0
26444324522,702884449,14989130,1700797521,1700797521,2023-11-23,0.142813622,-69.7808,13.5585,-81.4068,4.0055,0.0032,0.0004,0.0004,80830,1,3,0,2023-11-23,0,23,11,3,-72.751,-69.845,0.112110524,0.143135453,-70.79226666666669,-71.09852000000001,0.0,2297,0.06419999999999959,0,1,0
26444324519,702884448,14989130,1700796792,1700796792,2023-11-23,0.112110524,-72.751,45.2484,-81.937,4.1318,0.0424,0.0005,0.0005,80830,1,2,0,2023-11-23,0,23,11,3,-69.845,-73.0821,0.143135453,0.111225022,-71.89270000000002,-71.18432,0.0,2298,-2.9702000000000055,1,1,0
26444324525,702884450,14989130,1700799676,1700799676,2023-11-23,0.111225022,-73.0821,45.2785,-82.2279,4.227,0.0163,0.0004,0.0004,80830,1,3,0,2023-11-23,0,23,11,3,-70.0337,-70.2098,0.14135243,0.140600003,-71.10853333333336,-70.88683999999999,0.0,2299,-0.3310999999999922,1,1,0
26444324535,702884453,14989130,1700800627,1700800627,2023-11-23,0.179733879,-66.806,11.3783,-81.4443,3.9862,0.01,0.0004,0.0004,80830,1,12,1,2023-11-23,0,23,11,3,-70.0812,-68.0093,0.14211007,0.167611543,-68.29883333333335,-69.91887999999999,0.0,2300,6.2761,0,1,1
26444324527,702884451,14989130,1700800151,1700800151,2023-11-23,0.14211007,-70.0812,21.5184,-81.6902,3.9445,0.0059,0.0006,0.0004,80830,1,4,1,2023-11-23,0,23,11,3,-68.0093,-72.9241,0.167611543,0.101873496,-70.33820000000001,-70.51383999999999,0.0,2301,-3.275199999999998,0,1,0
26444324536,702884453,14989130,1700800658,1700800658,2023-11-23,0.177902505,-67.0543,15.297,-81.5649,3.9512,0.007,0.0003,0.0002,80830,1,12,1,2023-11-23,0,23,11,3,-71.0441,-70.5287,0.128845873,0.133744545,-69.5423666666667,-69.68863999999999,0.0,2302,3.0268999999999977,0,1,1
26444324529,702884451,14989130,1700800246,1700800246,2023-11-23,0.113441044,-72.9646,46.9073,-82.3009,4.0163,0.0154,0.0005,0.0004,80830,1,4,1,2023-11-23,0,23,11,3,-66.806,-70.0812,0.179733879,0.14211007,-69.95060000000002,-70.15704,0.0,2303,-5.9103000000000065,1,1,0
26444324530,702884452,14989130,1700800342,1700800342,2023-11-23,0.169084943,-67.8148,13.5372,-81.6146,4.163,0.0248,0.0004,0.0,80830,1,2,0,2023-11-23,0,23,11,3,-72.9646,-66.806,0.113441044,0.179733879,-69.19513333333336,-69.13517999999999,0.0,2304,5.149799999999999,0,1,1
26444324531,702884452,14989130,1700800373,1700800373,2023-11-23,0.185907236,-66.404,15.8561,-81.5681,3.991,0.0032,0.0003,0.0002,80830,1,2,0,2023-11-23,0,23,11,3,-67.8148,-72.9646,0.169084943,0.113441044,-69.06113333333336,-68.81412,0.0,2305,1.410800000000009,0,1,1
26444324532,702884453,14989130,1700800500,1700800500,2023-11-23,0.107257385,-73.4121,47.7198,-82.2321,3.9328,0.0121,0.0002,0.0,80830,1,12,1,2023-11-23,0,23,11,3,-66.404,-67.8148,0.185907236,0.169084943,-69.21030000000002,-69.4803,0.0,2306,-7.008099999999999,1,1,0
26444324533,702884453,14989130,1700800563,1700800563,2023-11-23,0.133744545,-70.5287,15.6653,-81.4179,3.9278,0.0078,0.0003,0.0004,80830,1,12,1,2023-11-23,0,23,11,3,-73.4121,-66.404,0.107257385,0.185907236,-70.11493333333335,-70.22484,0.0,2307,2.8833999999999946,0,1,0
26444324534,702884453,14989130,1700800595,1700800595,2023-11-23,0.128845873,-71.0441,26.905,-81.5517,3.9242,0.0039,0.0002,0.0004,80830,1,12,1,2023-11-23,0,23,11,3,-70.5287,-73.4121,0.133744545,0.107257385,-71.66163333333337,-69.84074000000001,0.0,2308,-0.5153999999999996,1,1,0
26444324537,702884453,14989130,1700800690,1700800690,2023-11-23,0.133622048,-70.639,24.2799,-81.5337,3.9518,0.0053,0.0002,0.0004,80830,1,12,1,2023-11-23,0,23,11,3,-67.0543,-71.0441,0.177902505,0.128845873,-69.57913333333336,-70.53564,0.0,2309,0.40510000000000446,0,1,0
26444324538,702884453,14989130,1700800722,1700800722,2023-11-23,0.144553446,-70.2923,48.306,-82.1703,3.9895,0.0231,0.0003,0.0003,80830,1,12,1,2023-11-23,0,23,11,3,-70.639,-67.0543,0.133622048,0.177902505,-69.32853333333335,-69.91168,0.0,2310,0.34669999999999845,1,1,0
26444324539,702884453,14989130,1700800754,1700800754,2023-11-23,0.108591547,-73.322,43.1474,-82.2541,4.0235,0.0122,0.0003,0.0004,80830,1,12,1,2023-11-23,0,23,11,3,-70.2923,-70.639,0.144553446,0.133622048,-71.4177666666667,-70.47034,0.0,2311,-3.0297000000000054,1,1,0
26444324540,702884453,14989130,1700800817,1700800817,2023-11-23,0.117824762,-72.6833,44.976,-82.391,3.964,0.0221,0.0003,0.0007,80830,1,12,1,2023-11-23,0,23,11,3,-73.322,-70.2923,0.108591547,0.144553446,-72.09920000000002,-70.79817999999999,0.0,2312,0.6387,1,1,0
26444324567,702884458,14989130,1700802402,1700802402,2023-11-23,0.173183953,-66.2722,28.0084,-80.1535,4.2572,0.0039,0.0003,0.0004,80830,3,5,1,2023-11-23,0,23,11,3,-69.6692,-67.3439,0.107325855,0.133861681,-67.7617666666667,-68.58063999999999,0.0,2313,6.411100000000005,0,1,1
26444324603,702884469,14989130,1700804937,1700804937,2023-11-23,0.112192114,-72.9937,44.1759,-82.2179,4.055,0.0271,0.0003,0.0002,80830,1,9,1,2023-11-23,0,23,11,3,-71.1722,-73.392,0.128598994,0.102284653,-72.51930000000003,-72.01836,0.0,2314,-6.721500000000006,1,1,0
26444324526,702884451,14989130,1700800120,1700800120,2023-11-23,0.14135243,-70.0337,11.3559,-81.5628,3.9765,0.0129,0.0002,0.0,80830,1,4,1,2023-11-23,0,23,11,3,-70.2098,-71.9298,0.140600003,0.117643379,-70.72443333333335,-69.87181999999999,0.0,2315,2.960000000000008,0,1,0
26444324552,702884455,14989130,1700801578,1700801578,2023-11-23,0.134358668,-71.3562,40.8768,-82.4316,4.0752,0.0163,0.0003,0.0002,80830,1,8,1,2023-11-23,0,23,11,3,-70.4366,-71.8274,0.143769541,0.122215962,-71.20673333333336,-71.1797,0.0,2316,-1.3225000000000051,1,1,0
26444324594,702884466,14989130,1700803701,1700803701,2023-11-23,0.154025942,-65.8392,10.6685,-77.8265,4.193,0.0053,0.0003,0.0001,80830,3,2,0,2023-11-23,0,23,11,3,-70.3522,-71.2067,0.144739369,0.12313391,-69.13270000000001,-69.95158,0.0,2317,5.516999999999996,0,1,0
26444324577,702884462,14989130,1700802877,1700802877,2023-11-23,0.125373302,-71.577,11.335,-81.8372,4.1295,0.0384,0.0003,0.0,80830,1,9,1,2023-11-23,0,23,11,3,-65.8392,-70.3522,0.154025942,0.144739369,-69.25613333333335,-70.41998,0.0,2318,-5.737799999999993,0,1,0
26444324554,702884455,14989130,1700801641,1700801641,2023-11-23,0.164235032,-68.3171,4.1817,-81.742,4.1277,0.0426,0.0003,0.0004,80830,1,8,1,2023-11-23,0,23,11,3,-71.577,-65.8392,0.125373302,0.154025942,-68.57776666666669,-69.45844,0.0,2319,3.259900000000002,0,1,1
26444324578,702884462,14989130,1700802909,1700802909,2023-11-23,0.105929238,-73.0699,7.8721,-81.7272,4.1143,0.0515,0.0001,0.0002,80830,1,9,1,2023-11-23,0,23,11,3,-68.3171,-71.577,0.164235032,0.125373302,-70.98800000000001,-69.83108,0.0,2320,-4.752800000000008,0,1,0
26444324576,702884461,14989130,1700802719,1700802719,2023-11-23,0.111157157,-73.9967,53.6232,-83.2506,4.3003,0.0101,0.0003,0.0005,80830,1,2,0,2023-11-23,0,23,11,3,-73.0699,-68.3171,0.105929238,0.164235032,-71.7945666666667,-70.55998,0.0,2321,-0.9268000000000001,1,1,0
26444324575,702884461,14989130,1700802655,1700802655,2023-11-23,0.089543078,-75.5031,44.1708,-82.9288,4.3637,0.0211,0.0004,0.0,80830,1,2,0,2023-11-23,0,23,11,3,-73.9967,-73.0699,0.111157157,0.105929238,-74.18990000000004,-72.49276,0.0,2322,-1.5063999999999993,1,1,0
26444324572,702884459,14989130,1700802560,1700802560,2023-11-23,0.134703549,-70.5895,5.842,-81.5784,4.3208,0.0016,0.0003,0.0001,80830,1,3,0,2023-11-23,0,23,11,3,-75.5031,-73.9967,0.089543078,0.111157157,-73.36310000000003,-72.29526000000001,0.0,2323,4.913600000000002,0,1,0
26444324571,702884459,14989130,1700802529,1700802529,2023-11-23,0.121819312,-71.6577,8.7178,-81.5979,4.3068,0.0064,0.0004,0.0004,80830,1,3,0,2023-11-23,0,23,11,3,-70.5895,-75.5031,0.134703549,0.089543078,-72.58343333333336,-72.96338,0.0,2324,-1.0682000000000045,0,1,0
26444324579,702884462,14989130,1700802941,1700802941,2023-11-23,0.122215962,-71.8274,19.6989,-81.8281,4.0098,0.006,0.0004,0.0004,80830,1,9,1,2023-11-23,0,23,11,3,-72.5218,-69.7565,0.117533536,0.146467254,-71.3685666666667,-71.6236,0.0,2325,-0.16969999999999175,0,1,0
26444324563,702884457,14989130,1700802148,1700802148,2023-11-23,0.129071135,-71.254,37.8818,-81.8138,4.0395,0.0224,0.0003,0.0,80830,1,2,0,2023-11-23,0,23,11,3,-73.7709,-71.6577,0.097085667,0.121819312,-72.22753333333337,-72.55504,0.0,2326,0.5733999999999924,1,1,0
26444324561,702884455,14989130,1700801768,1700801768,2023-11-23,0.103991975,-73.6024,39.1762,-82.1448,4.2135,0.0205,0.0003,0.0002,80830,1,8,1,2023-11-23,0,23,11,3,-71.254,-73.7709,0.129071135,0.097085667,-72.87576666666669,-72.17490000000001,0.0,2327,-2.348399999999998,1,1,0
26444324570,702884459,14989130,1700802497,1700802497,2023-11-23,0.097085667,-73.7709,6.3696,-81.7031,4.2525,0.0136,0.0002,0.0,80830,1,3,0,2023-11-23,0,23,11,3,-71.6577,-70.5895,0.121819312,0.134703549,-72.00603333333335,-73.10358,0.0,2328,-0.16849999999999454,0,1,0
26444324555,702884455,14989130,1700801673,1700801673,2023-11-23,0.170905472,-68.2305,41.2628,-82.2952,4.1807,0.0189,0.0003,0.0002,80830,1,8,1,2023-11-23,0,23,11,3,-70.9781,-73.6024,0.128534209,0.103991975,-70.93700000000003,-71.56718000000001,0.0,2329,5.540399999999991,1,1,1
26444324543,702884453,14989130,1700800944,1700800944,2023-11-23,0.117533536,-72.5218,47.2815,-82.1808,3.939,0.0078,0.0001,0.0002,80830,1,12,1,2023-11-23,0,23,11,3,-69.7565,-71.5328,0.146467254,0.128134686,-71.27036666666669,-71.37321999999999,0.0,2330,-4.291299999999993,1,1,0
26444324553,702884455,14989130,1700801609,1700801609,2023-11-23,0.140948618,-70.7513,45.1759,-82.3598,3.9725,0.0151,0.0004,0.0004,80830,1,8,1,2023-11-23,0,23,11,3,-73.5931,-68.2305,0.104449696,0.170905472,-70.85830000000003,-71.43108,0.0,2331,1.7704999999999984,1,1,0
26444324549,702884454,14989130,1700801356,1700801356,2023-11-23,0.120543504,-71.8771,28.9361,-81.729,3.935,0.0037,0.0005,0.0004,80830,1,6,1,2023-11-23,0,23,11,3,-70.7513,-73.5931,0.140948618,0.104449696,-72.07383333333335,-71.08602,0.0,2332,-1.1257999999999981,0,1,0
26444324547,702884454,14989130,1700801292,1700801292,2023-11-23,0.145401971,-69.6006,16.8221,-81.4425,3.953,0.0063,0.0003,0.0002,80830,1,6,1,2023-11-23,0,23,11,3,-71.5866,-71.8771,0.123274082,0.120543504,-71.02143333333335,-71.48173999999999,0.0,2333,2.2764999999999986,0,1,0
26444324548,702884454,14989130,1700801324,1700801324,2023-11-23,0.135960794,-70.5755,21.2539,-81.6809,3.948,0.0025,0.0002,0.0001,80830,1,6,1,2023-11-23,0,23,11,3,-69.6006,-71.5866,0.145401971,0.123274082,-70.5875666666667,-70.87822,0.0,2334,-0.9749000000000052,0,1,0
26444324545,702884454,14989130,1700801229,1700801229,2023-11-23,0.113563261,-72.4795,29.8559,-81.765,3.9508,0.003,0.0001,0.0002,80830,1,6,1,2023-11-23,0,23,11,3,-70.5755,-69.6006,0.135960794,0.145401971,-70.88520000000001,-71.22386000000002,0.0,2335,-1.9039999999999964,0,1,0
26444324550,702884455,14989130,1700801483,1700801483,2023-11-23,0.128134686,-71.5328,45.4949,-82.0457,4.1945,0.0124,0.0003,0.0,80830,1,8,1,2023-11-23,0,23,11,3,-72.4795,-70.5755,0.113563261,0.135960794,-71.52926666666669,-71.155,0.0,2336,0.946700000000007,1,1,0
26444324551,702884455,14989130,1700801546,1700801546,2023-11-23,0.146467254,-69.7565,12.491,-81.7268,4.1105,0.0156,0.0004,0.0005,80830,1,8,1,2023-11-23,0,23,11,3,-71.5328,-72.4795,0.128134686,0.113563261,-71.25626666666669,-70.78898000000001,0.0,2337,1.776299999999992,0,1,0
26444324564,702884457,14989130,1700802212,1700802212,2023-11-23,0.104449696,-73.5931,37.7101,-82.1764,4.2775,0.0078,0.0003,0.0005,80830,1,2,0,2023-11-23,0,23,11,3,-68.2305,-70.9781,0.170905472,0.128534209,-70.93390000000004,-71.53162,86400.0,2338,-3.8366000000000042,1,1,0
26444324518,702884448,14989130,1700796728,1700796728,2023-11-23,0.12313391,-71.2067,18.8737,-81.2059,3.9848,0.0186,0.0001,0.0,80830,1,2,0,2023-11-23,0,23,11,3,-73.1248,-69.235,0.103874825,0.129418451,-71.18883333333335,-71.91436,0.0,2339,2.386400000000009,0,1,0
26444324559,702884455,14989130,1700801736,1700801736,2023-11-23,0.128534209,-70.9781,5.2865,-81.4468,4.241,0.0094,0.0003,0.0004,80830,1,8,1,2023-11-23,0,23,11,3,-73.6024,-71.254,0.103991975,0.129071135,-71.94483333333335,-72.25262000000001,0.0,2340,0.22860000000000014,0,1,0
26444324608,702884469,14989130,1700805096,1700805096,2023-11-23,0.143769541,-70.4366,43.2789,-82.2636,4.1898,0.0207,0.0004,0.0004,80830,1,9,1,2023-11-23,0,23,11,3,-71.8274,-72.5218,0.122215962,0.117533536,-71.59526666666669,-71.21502000000001,0.0,2341,0.5414999999999992,1,1,0
26444324546,702884454,14989130,1700801261,1700801261,2023-11-23,0.123274082,-71.5866,14.4759,-81.6522,3.9533,0.0042,0.0004,0.0004,80830,1,6,1,2023-11-23,0,23,11,3,-71.8771,-70.7513,0.120543504,0.140948618,-71.40500000000002,-71.20772,0.0,2342,-1.1500000000000057,0,1,0
26444324606,702884469,14989130,1700805033,1700805033,2023-11-23,0.087663038,-76.5864,39.3233,-83.9453,4.0057,0.0149,0.0003,0.0002,80830,1,9,1,2023-11-23,0,23,11,3,-71.3562,-70.4366,0.134358668,0.143769541,-72.79306666666669,-72.54567999999999,0.0,2343,-4.999799999999993,1,1,0
26444324580,702884462,14989130,1700802972,1700802972,2023-11-23,0.116362502,-72.2166,22.3727,-81.7265,3.9582,0.0114,0.0003,0.0004,80830,1,9,1,2023-11-23,0,23,11,3,-76.5864,-71.3562,0.087663038,0.134358668,-73.38640000000002,-72.48464,0.0,2344,4.369799999999998,0,1,0
26444324607,702884469,14989130,1700805064,1700805064,2023-11-23,0.118283521,-71.9888,25.1626,-81.6462,4.1132,0.0537,0.0002,0.0004,80830,1,9,1,2023-11-23,0,23,11,3,-72.2166,-76.5864,0.116362502,0.087663038,-73.5972666666667,-72.51692,0.0,2345,0.227800000000002,0,1,0
26444324581,702884462,14989130,1700803004,1700803004,2023-11-23,0.101517412,-73.4815,23.8098,-81.784,3.9422,0.011,0.0002,0.0001,80830,1,9,1,2023-11-23,0,23,11,3,-71.9888,-72.2166,0.118283521,0.116362502,-72.56230000000002,-73.1259,0.0,2346,-1.4926999999999992,0,1,0
26444324582,702884462,14989130,1700803036,1700803036,2023-11-23,0.113108483,-72.6185,26.3642,-81.8798,3.9142,0.0098,0.0006,0.0004,80830,1,9,1,2023-11-23,0,23,11,3,-73.4815,-71.9888,0.101517412,0.118283521,-72.69626666666669,-73.37836,0.0,2347,0.8629999999999995,0,1,0
26444324583,702884462,14989130,1700803067,1700803067,2023-11-23,0.102140402,-73.3422,16.8781,-81.6856,3.947,0.007,0.0003,0.0004,80830,1,9,1,2023-11-23,0,23,11,3,-72.6185,-73.4815,0.113108483,0.101517412,-73.14740000000002,-72.72952,0.0,2348,-0.723700000000008,0,1,0
26444324586,702884463,14989130,1700803226,1700803226,2023-11-23,0.103902351,-73.2084,16.6697,-81.6969,3.925,0.0076,0.0006,0.0,80830,1,3,0,2023-11-23,0,23,11,3,-68.3055,-73.3422,0.16374675,0.102140402,-71.61870000000003,-72.19122,0.0,2349,0.1338000000000079,0,1,0
26444324587,702884463,14989130,1700803258,1700803258,2023-11-23,0.12633885,-71.6251,24.1953,-81.9827,3.9072,0.0016,0.0003,0.0002,80830,1,3,0,2023-11-23,0,23,11,3,-73.2084,-68.3055,0.103902351,0.16374675,-71.04633333333335,-71.81994,0.0,2350,1.5832999999999942,1,1,0
26444324588,702884463,14989130,1700803321,1700803321,2023-11-23,0.136952483,-70.9312,52.8413,-82.1869,3.9552,0.0093,0.0004,0.0005,80830,1,3,0,2023-11-23,0,23,11,3,-71.6251,-73.2084,0.12633885,0.103902351,-71.92156666666669,-71.48248,0.0,2351,0.6938999999999993,1,1,0
26444324589,702884464,14989130,1700803416,1700803416,2023-11-23,0.106413952,-73.5995,52.5586,-82.3642,3.9562,0.0179,0.0004,0.0,80830,1,2,0,2023-11-23,0,23,11,3,-70.9312,-71.6251,0.136952483,0.12633885,-72.05193333333337,-71.53394,0.0,2352,-2.668300000000002,1,1,0
26444324590,702884464,14989130,1700803479,1700803479,2023-11-23,0.110514231,-73.021,51.7121,-82.0935,3.9775,0.0171,0.0003,0.0005,80830,1,2,0,2023-11-23,0,23,11,3,-73.5995,-70.9312,0.106413952,0.136952483,-72.51723333333337,-72.47704000000002,0.0,2353,0.5785000000000053,1,1,0
26444324584,702884462,14989130,1700803099,1700803099,2023-11-23,0.147225378,-69.5129,10.5581,-81.5138,3.9468,0.0112,0.0002,0.0004,80830,1,9,1,2023-11-23,0,23,11,3,-73.021,-73.5995,0.110514231,0.106413952,-72.04446666666671,-71.73794000000001,0.0,2354,3.508099999999999,0,1,0
26444324585,702884462,14989130,1700803131,1700803131,2023-11-23,0.16374675,-68.3055,25.1219,-81.6804,3.9255,0.0061,0.0004,0.0004,80830,1,9,1,2023-11-23,0,23,11,3,-73.3422,-72.6185,0.102140402,0.113108483,-71.4220666666667,-71.9473,0.0,2355,1.207400000000007,0,1,1
26444324592,702884465,14989130,1700803670,1700803670,2023-11-23,0.128598994,-71.1722,13.5291,-81.6756,4.1203,0.0339,0.0002,0.0005,80830,1,3,0,2023-11-23,0,23,11,3,-73.392,-69.5129,0.102284653,0.147225378,-71.35903333333336,-72.13952,0.0,2356,-2.8667000000000087,0,1,0
26444324596,702884467,14989130,1700804145,1700804145,2023-11-23,0.102284653,-73.392,24.0901,-81.7542,3.9362,0.0054,0.0002,0.0,80830,1,2,0,2023-11-23,0,23,11,3,-69.5129,-73.021,0.147225378,0.110514231,-71.97530000000002,-72.09132,0.0,2357,-2.2197999999999922,0,1,0
26444324605,702884469,14989130,1700805001,1700805001,2023-11-23,0.135102388,-71.0964,46.2345,-82.2021,4.015,0.015,0.0004,0.0004,80830,1,9,1,2023-11-23,0,23,11,3,-73.8538,-71.4371,0.103624641,0.124769514,-72.12910000000002,-72.37882,0.0,2358,2.295599999999993,1,1,0
26444324544,702884454,14989130,1700801197,1700801197,2023-11-23,0.103624641,-73.8538,50.1085,-82.3916,3.9555,0.0114,0.0003,0.0,80830,1,6,1,2023-11-23,0,23,11,3,-71.4371,-72.1532,0.124769514,0.116365195,-72.4813666666667,-72.56566000000001,0.0,2359,-2.757400000000004,1,1,0
26444324598,702884468,14989130,1700804272,1700804272,2023-11-23,0.116365195,-72.1532,23.2211,-81.655,3.9798,0.0104,0.0004,0.0,80830,1,2,0,2023-11-23,0,23,11,3,-73.3536,-72.0306,0.10809894,0.116276787,-72.5124666666667,-72.19262,0.0,2360,1.7006000000000085,0,1,0
26444324601,702884469,14989130,1700804874,1700804874,2023-11-23,0.10809894,-73.3536,43.5354,-82.2441,4.0325,0.0238,0.0002,0.0001,80830,1,9,1,2023-11-23,0,23,11,3,-72.0306,-72.3668,0.116276787,0.113649447,-72.58366666666669,-72.36072,0.0,2361,-1.200400000000002,1,1,0
26444324597,702884467,14989130,1700804177,1700804177,2023-11-23,0.124769514,-71.4371,26.173,-81.6209,3.9893,0.0103,0.0004,0.0004,80830,1,2,0,2023-11-23,0,23,11,3,-72.1532,-73.3536,0.116365195,0.10809894,-72.31463333333335,-72.26826000000001,0.0,2362,1.9164999999999992,0,1,0
26444324599,702884468,14989130,1700804304,1700804304,2023-11-23,0.116276787,-72.0306,17.9691,-81.5081,3.9678,0.0075,0.0004,0.0001,80830,1,2,0,2023-11-23,0,23,11,3,-72.3668,-71.0589,0.113649447,0.134133413,-71.81876666666669,-71.92443999999999,0.0,2363,-0.5935000000000059,0,1,0
26444324600,702884469,14989130,1700804842,1700804842,2023-11-23,0.113649447,-72.3668,20.7623,-81.6458,4.0008,0.0287,0.0003,0.0,80830,1,9,1,2023-11-23,0,23,11,3,-71.0589,-72.9937,0.134133413,0.112192114,-72.13980000000002,-72.19672,0.0,2364,-0.33619999999999095,0,1,0
26444324602,702884469,14989130,1700804906,1700804906,2023-11-23,0.134133413,-71.0589,50.3188,-82.0668,3.9958,0.0133,0.0003,0.0001,80830,1,9,1,2023-11-23,0,23,11,3,-72.9937,-71.1722,0.112192114,0.128598994,-71.74160000000002,-71.62593999999999,0.0,2365,1.3079000000000036,1,1,0
26444324595,702884465,14989130,1700803701,1700803701,2023-11-23,0.144739369,-70.3522,41.6694,-82.2582,4.18,0.0172,0.0004,0.0004,80830,1,3,0,2023-11-23,0,23,11,3,-71.2067,-73.1248,0.12313391,0.103874825,-71.56123333333335,-71.32039999999999,0.0,2366,0.7066999999999979,1,1,0
26444324604,702884469,14989130,1700804969,1700804969,2023-11-23,0.145427824,-69.7771,4.2146,-81.6515,4.1777,0.0251,0.0003,0.0004,80830,1,9,1,2023-11-23,0,23,11,3,-71.0964,-73.8538,0.135102388,0.103624641,-71.5757666666667,-71.66351999999999,0.0,2367,0.575099999999992,0,1,0
26444324665,702884475,14989130,1700809660,1700809660,2023-11-24,0.175153281,-63.5259,14.4465,-77.0154,4.0248,0.0093,0.0002,0.0002,80830,3,12,1,2023-11-24,0,24,11,4,-64.7332,-69.7771,0.167791137,0.145427824,-66.0120666666667,-68.59728000000001,0.0,2368,6.251200000000004,0,1,1
26444324666,702884475,14989130,1700809692,1700809692,2023-11-24,0.194520368,-62.5347,12.3581,-77.6366,3.977,0.0124,0.0006,0.0004,80830,3,12,1,2023-11-24,0,24,11,4,-62.9072,-64.1299,0.171368732,0.159820409,-63.19060000000002,-63.70608000000001,0.0,2369,0.9911999999999992,0,1,1
26444324670,702884475,14989130,1700809819,1700809819,2023-11-24,0.167791137,-64.7332,9.649,-77.7848,3.8992,0.0078,0.0003,0.0002,80830,3,12,1,2023-11-24,0,24,11,4,-69.7771,-71.0964,0.145427824,0.135102388,-68.5355666666667,-70.17952,0.0,2370,-2.1984999999999957,0,1,1
26444324671,702884475,14989130,1700809850,1700809850,2023-11-24,0.175212488,-65.3268,53.2498,-79.2044,3.8883,0.0028,0.0003,0.0001,80830,3,12,1,2023-11-24,0,24,11,4,-63.5259,-64.7332,0.175153281,0.167791137,-64.52863333333336,-66.89188,0.0,2371,-0.5936000000000092,1,1,1
26444324669,702884475,14989130,1700809787,1700809787,2023-11-24,0.192953797,-63.6318,10.8919,-78.8453,3.9148,0.003,0.0004,0.0004,80830,3,12,1,2023-11-24,0,24,11,4,-65.3268,-63.5259,0.175212488,0.175153281,-64.16150000000003,-65.39896,0.0,2372,1.6950000000000074,0,1,1
26444324668,702884475,14989130,1700809755,1700809755,2023-11-24,0.159820409,-64.1299,14.1017,-76.3288,3.917,0.0071,0.0003,0.0001,80830,3,12,1,2023-11-24,0,24,11,4,-63.6318,-65.3268,0.192953797,0.175212488,-64.36283333333336,-64.26952000000001,0.0,2373,-0.498100000000008,0,1,1
26444324667,702884475,14989130,1700809724,1700809724,2023-11-24,0.171368732,-62.9072,10.2029,-75.917,3.9485,0.0128,0.0003,0.0004,80830,3,12,1,2023-11-24,0,24,11,4,-64.1299,-63.6318,0.159820409,0.192953797,-63.55630000000002,-63.904320000000006,0.0,2374,1.2227000000000032,0,1,1
26444324657,702884472,14989130,1700809280,1700809280,2023-11-24,0.128469773,-67.9499,41.1868,-77.9662,4.2188,0.0176,0.0003,0.0005,80830,3,4,1,2023-11-24,0,24,11,4,-62.7936,-64.3702,0.195091093,0.143804942,-65.03790000000002,-66.0722,0.0,2375,-5.042699999999996,1,1,0
26444324661,702884473,14989130,1700809502,1700809502,2023-11-24,0.101643238,-68.239,7.2157,-75.9598,4.2172,0.0266,0.0004,0.0004,80830,3,2,0,2023-11-24,0,24,11,4,-67.0083,-62.5347,0.114547504,0.194520368,-65.92733333333337,-64.96382000000001,0.0,2376,-0.2891000000000048,0,1,0
26444324660,702884473,14989130,1700809470,1700809470,2023-11-24,0.143804942,-64.3702,11.3471,-75.1817,4.2222,0.0057,0.0002,0.0,80830,3,2,0,2023-11-24,0,24,11,4,-68.239,-67.0083,0.101643238,0.114547504,-66.53916666666669,-65.01187999999999,0.0,2377,3.8688000000000073,0,1,0
26444324659,702884472,14989130,1700809375,1700809375,2023-11-24,0.195091093,-62.7936,21.2052,-78.0133,4.2363,0.0048,0.0003,0.0006,80830,3,4,1,2023-11-24,0,24,11,4,-64.3702,-68.239,0.143804942,0.101643238,-65.13426666666668,-64.98916,0.0,2378,1.5765999999999991,1,1,1
26444324656,702884472,14989130,1700809216,1700809216,2023-11-24,0.160797901,-65.0578,31.0479,-77.5234,4.2538,0.009,0.0006,0.0,80830,3,4,1,2023-11-24,0,24,11,4,-67.9499,-62.7936,0.128469773,0.195091093,-65.26710000000001,-65.6821,0.0,2379,-2.2642000000000024,1,1,1
26444324672,702884475,14989130,1700809882,1700809882,2023-11-24,0.180657397,-64.5855,10.7841,-78.826,3.8838,0.0048,0.0004,0.0004,80830,3,12,1,2023-11-24,0,24,11,4,-65.0578,-67.9499,0.160797901,0.128469773,-65.86440000000003,-64.9514,0.0,2380,0.47230000000000416,0,1,1
26444325023,702884516,14989130,1700837711,1700837711,2023-11-24,0.110189753,-70.3395,7.8223,-79.05,3.3243,0.036,0.0003,0.0005,80830,3,36,1,2023-11-24,0,24,11,4,-67.8181,-66.2715,0.138987247,0.152103572,-68.14303333333336,-68.44964,0.0,2381,-5.754000000000005,0,1,0
26444324683,702884478,14989130,1700810801,1700810801,2023-11-24,0.116536931,-70.8889,38.2971,-80.2398,4.0273,0.0126,0.0003,0.0,80830,3,7,1,2023-11-24,0,24,11,4,-64.5855,-65.0578,0.180657397,0.160797901,-66.84406666666668,-66.25514000000001,0.0,2382,-0.5494000000000057,1,1,0
26444324712,702884481,14989130,1700813622,1700813622,2023-11-24,0.147456211,-68.98,61.7247,-80.9108,4.1755,0.0076,0.0005,0.0004,80830,3,23,1,2023-11-24,0,24,11,4,-70.8889,-64.5855,0.116536931,0.180657397,-68.15146666666669,-67.49242,0.0,2383,1.9089000000000027,1,1,0
26444324658,702884472,14989130,1700809311,1700809311,2023-11-24,0.114547504,-67.0083,22.101,-75.6769,4.2808,0.0084,0.0006,0.0004,80830,3,4,1,2023-11-24,0,24,11,4,-62.5347,-62.9072,0.194520368,0.171368732,-64.15006666666669,-64.04238000000001,0.0,2384,1.9716999999999985,0,1,0
26444324664,702884475,14989130,1700809628,1700809628,2023-11-24,0.18847583,-62.4394,48.3838,-76.9409,4.0163,0.0125,0.0002,0.0,80830,3,12,1,2023-11-24,0,24,11,4,-68.98,-70.8889,0.147456211,0.116536931,-67.43610000000002,-66.39032,0.0,2385,4.568900000000006,1,1,1
26444324749,702884483,14989130,1700814668,1700814668,2023-11-24,0.144517103,-68.6685,15.3671,-80.2687,4.0767,0.0198,0.0004,0.0004,80830,3,25,1,2023-11-24,0,24,11,4,-66.2841,-66.6341,0.174198668,0.17196948,-67.19556666666669,-67.6798,0.0,2386,-6.229099999999995,0,1,0
26444324674,702884475,14989130,1700809945,1700809945,2023-11-24,0.176457284,-64.8138,10.6859,-78.7012,3.878,0.0053,0.0006,0.0005,80830,3,12,1,2023-11-24,0,24,11,4,-68.5273,-64.2593,0.141754482,0.191653028,-65.86680000000001,-64.9266,0.0,2387,3.854699999999994,0,1,1
26444324684,702884478,14989130,1700810865,1700810865,2023-11-24,0.110054304,-71.6821,43.2911,-80.5466,4.0027,0.0155,0.0003,0.0005,80830,3,7,1,2023-11-24,0,24,11,4,-69.986,-65.5448,0.10818026,0.176139199,-69.07096666666668,-67.90308,0.0,2388,-6.868300000000005,1,1,0
26444324673,702884475,14989130,1700809914,1700809914,2023-11-24,0.182023626,-64.645,11.4612,-79.0304,3.8805,0.0037,0.0003,0.0002,80830,3,12,1,2023-11-24,0,24,11,4,-62.4394,-68.98,0.18847583,0.147456211,-65.35480000000001,-66.30776,0.0,2389,7.0371000000000095,0,1,1
26444324760,702884485,14989130,1700814985,1700814985,2023-11-24,0.150461192,-68.1743,17.8283,-80.2486,3.8895,0.0068,0.0003,0.0004,80830,3,14,1,2023-11-24,0,24,11,4,-71.6821,-69.986,0.110054304,0.10818026,-69.94746666666668,-68.60894,0.0,2390,-3.5293000000000063,0,1,0
26444324758,702884485,14989130,1700814953,1700814953,2023-11-24,0.136029915,-68.8293,20.3752,-79.6663,3.8848,0.0091,0.0003,0.0002,80830,3,14,1,2023-11-24,0,24,11,4,-68.1743,-71.6821,0.150461192,0.110054304,-69.56190000000002,-68.8433,0.0,2391,-0.6550000000000011,0,1,0
26444324755,702884485,14989130,1700814922,1700814922,2023-11-24,0.13945061,-67.5138,47.9568,-78.4543,3.8915,0.0053,0.0003,0.0001,80830,3,14,1,2023-11-24,0,24,11,4,-68.8293,-68.1743,0.136029915,0.150461192,-68.1724666666667,-69.23710000000001,0.0,2392,1.3155000000000001,1,1,0
26444324754,702884485,14989130,1700814890,1700814890,2023-11-24,0.132856081,-69.2985,10.8004,-79.9158,3.8848,0.0068,0.0003,0.0,80830,3,14,1,2023-11-24,0,24,11,4,-67.5138,-68.8293,0.13945061,0.136029915,-68.54720000000002,-69.09960000000001,0.0,2393,-1.7847000000000008,0,1,0
26444324753,702884483,14989130,1700814795,1700814795,2023-11-24,0.17196948,-66.6341,2.3612,-80.473,4.0755,0.0199,0.0003,0.0002,80830,3,25,1,2023-11-24,0,24,11,4,-69.2985,-67.5138,0.132856081,0.13945061,-67.81546666666668,-68.09,0.0,2394,2.6644000000000005,0,1,1
26444324752,702884483,14989130,1700814763,1700814763,2023-11-24,0.174198668,-66.2841,8.2324,-80.2664,4.098,0.0344,0.0003,0.0001,80830,3,25,1,2023-11-24,0,24,11,4,-66.6341,-69.2985,0.17196948,0.132856081,-67.40556666666669,-67.71196,0.0,2395,0.3500000000000085,0,1,1
26444324784,702884488,14989130,1700815841,1700815841,2023-11-24,0.209231304,-63.232,4.3294,-79.9627,4.0622,0.0135,0.0004,0.0004,80830,3,14,1,2023-11-24,0,24,11,4,-68.6685,-66.2841,0.144517103,0.174198668,-66.06153333333334,-66.82343999999999,0.0,2396,3.052099999999996,0,1,1
26444324713,702884481,14989130,1700813654,1700813654,2023-11-24,0.202057508,-64.1454,6.6468,-80.3885,4.2012,0.0042,0.0003,0.0001,80830,3,23,1,2023-11-24,0,24,11,4,-63.232,-68.6685,0.209231304,0.144517103,-65.34863333333334,-65.79281999999999,0.0,2397,-0.9133999999999958,0,1,1
26444324711,702884481,14989130,1700813590,1700813590,2023-11-24,0.166834787,-65.8293,12.3839,-79.0111,4.0877,0.0298,0.0004,0.0002,80830,3,23,1,2023-11-24,0,24,11,4,-64.1454,-63.232,0.202057508,0.209231304,-64.40223333333336,-65.63186,0.0,2398,-1.6839000000000084,1,1,1
26444324682,702884476,14989130,1700810231,1700810231,2023-11-24,0.221441958,-62.2303,12.6077,-79.9302,3.9465,0.0037,0.0004,0.0001,80830,3,5,1,2023-11-24,0,24,11,4,-65.8293,-64.1454,0.166834787,0.202057508,-64.06833333333334,-64.8211,0.0,2399,3.5990000000000038,1,1,1
26444324679,702884476,14989130,1700810199,1700810199,2023-11-24,0.218330371,-62.2628,9.7405,-79.6536,3.9575,0.0049,0.0006,0.0005,80830,3,5,1,2023-11-24,0,24,11,4,-62.2303,-65.8293,0.221441958,0.166834787,-63.440800000000024,-63.539959999999994,0.0,2400,-0.03249999999999886,0,1,1
26444324678,702884476,14989130,1700810136,1700810136,2023-11-24,0.175221158,-64.7698,17.1459,-78.5299,3.9655,0.0128,0.0005,0.0004,80830,3,5,1,2023-11-24,0,24,11,4,-62.2628,-62.2303,0.218330371,0.221441958,-63.08763333333335,-63.84752000000001,0.0,2401,-2.507000000000005,1,1,1
26444324677,702884476,14989130,1700810104,1700810104,2023-11-24,0.191653028,-64.2593,5.8372,-79.4947,3.915,0.0066,0.0003,0.0004,80830,3,5,1,2023-11-24,0,24,11,4,-64.7698,-62.2628,0.175221158,0.218330371,-63.76396666666668,-63.8703,0.0,2402,0.5105000000000075,0,1,1
26444324676,702884476,14989130,1700810072,1700810072,2023-11-24,0.141754482,-68.5273,16.0033,-79.8458,3.891,0.0054,0.0003,0.0,80830,3,5,1,2023-11-24,0,24,11,4,-64.2593,-64.7698,0.191653028,0.175221158,-65.85213333333336,-64.4099,0.0,2403,-4.268000000000001,1,1,0
26444324675,702884475,14989130,1700809977,1700809977,2023-11-24,0.176139199,-65.5448,6.781,-79.5581,3.8795,0.0037,0.0003,0.0002,80830,3,12,1,2023-11-24,0,24,11,4,-67.6575,-64.645,0.13607401,0.182023626,-65.9491,-65.85333999999999,0.0,2404,2.9825000000000017,0,1,1
26444324751,702884483,14989130,1700814732,1700814732,2023-11-24,0.13607401,-67.6575,16.0621,-78.314,4.1245,0.0375,0.0003,0.0004,80830,3,25,1,2023-11-24,0,24,11,4,-64.645,-62.4394,0.182023626,0.18847583,-64.91396666666668,-66.92216,0.0,2405,-2.112700000000004,1,1,0
26444324698,702884481,14989130,1700813147,1700813147,2023-11-24,0.21076774,-63.2134,7.3539,-80.0948,3.9377,0.0049,0.0002,0.0005,80830,3,23,1,2023-11-24,0,24,11,4,-68.8031,-70.404,0.147909128,0.116456691,-67.47350000000003,-66.51792,0.0,2406,4.444099999999999,0,1,1
26444324764,702884485,14989130,1700815048,1700815048,2023-11-24,0.101049369,-71.985,8.5623,-80.0767,3.8988,0.01,0.0006,0.0002,80830,3,14,1,2023-11-24,0,24,11,4,-70.5476,-63.9983,0.118467944,0.191174724,-68.84363333333336,-69.40704000000001,0.0,2407,-8.7716,0,1,0
26444324709,702884481,14989130,1700813495,1700813495,2023-11-24,0.191174724,-63.9983,6.4367,-79.125,4.165,0.0214,0.0002,0.0001,80830,3,23,1,2023-11-24,0,24,11,4,-69.4494,-71.0549,0.125823363,0.097425586,-68.16753333333334,-67.56874,0.0,2408,7.986699999999999,0,1,1
26444324685,702884478,14989130,1700810896,1700810896,2023-11-24,0.118467944,-70.5476,21.2437,-80.0284,4.0135,0.033,0.0006,0.0005,80830,3,7,1,2023-11-24,0,24,11,4,-63.9983,-69.4494,0.191174724,0.125823363,-67.99843333333335,-67.9728,0.0,2409,-6.549300000000002,1,1,0
26444324762,702884485,14989130,1700815017,1700815017,2023-11-24,0.10818026,-69.986,11.0406,-78.4755,3.8998,0.0116,0.0003,0.0001,80830,3,14,1,2023-11-24,0,24,11,4,-65.5448,-67.6575,0.176139199,0.13607401,-67.72943333333335,-66.05454,0.0,2410,0.5615999999999985,0,1,0
26444324786,702884488,14989130,1700815873,1700815873,2023-11-24,0.218041134,-62.6568,15.6202,-80.128,4.0193,0.006,0.0003,0.0002,80830,3,14,1,2023-11-24,0,24,11,4,-71.985,-70.5476,0.101049369,0.118467944,-68.39646666666668,-67.72742,0.0,2411,7.329200000000007,1,1,1
26444324789,702884488,14989130,1700815968,1700815968,2023-11-24,0.155523443,-66.0949,32.9096,-78.2673,4.1818,0.0109,0.0003,0.0002,80830,3,14,1,2023-11-24,0,24,11,4,-62.6568,-71.985,0.218041134,0.101049369,-66.91223333333335,-67.05652,0.0,2412,-3.4380999999999986,1,1,0
26444324870,702884499,14989130,1700822814,1700822814,2023-11-24,0.132171974,-69.2105,43.542,-79.7514,4.052,0.0109,0.0003,0.0005,80830,3,10,1,2023-11-24,0,24,11,4,-66.0949,-62.6568,0.155523443,0.218041134,-65.98740000000001,-68.09895999999999,0.0,2413,-3.1156000000000006,1,1,0
26444324869,702884499,14989130,1700822751,1700822751,2023-11-24,0.10602898,-71.9939,20.9821,-80.5327,4.0825,0.0192,0.0003,0.0005,80830,3,10,1,2023-11-24,0,24,11,4,-69.2105,-66.0949,0.132171974,0.155523443,-69.09976666666668,-68.38822,0.0,2414,-2.7834000000000003,0,1,0
26444324868,702884499,14989130,1700822687,1700822687,2023-11-24,0.100515198,-71.5121,12.5988,-79.5034,4.002,0.0215,0.0003,0.0,80830,3,10,1,2023-11-24,0,24,11,4,-71.9939,-69.2105,0.10602898,0.132171974,-70.90550000000002,-68.29364,0.0,2415,0.4817999999999927,0,1,0
26444324867,702884498,14989130,1700822592,1700822592,2023-11-24,0.097168927,-71.9727,5.3985,-79.7189,3.9615,0.0114,0.0003,0.0002,80830,3,2,0,2023-11-24,0,24,11,4,-71.5121,-71.9939,0.100515198,0.10602898,-71.82623333333335,-70.15682,0.0,2416,-0.46059999999999945,0,1,0
26444324866,702884498,14989130,1700822560,1700822560,2023-11-24,0.098216707,-72.505,9.7627,-80.4018,3.963,0.0181,0.0006,0.0,80830,3,2,0,2023-11-24,0,24,11,4,-71.9727,-71.5121,0.097168927,0.100515198,-71.99660000000002,-71.43884,0.0,2417,-0.5322999999999922,0,1,0
26444324865,702884497,14989130,1700822465,1700822465,2023-11-24,0.104112445,-71.9421,18.2231,-80.3026,3.9262,0.0028,0.0002,0.0005,80830,3,3,0,2023-11-24,0,24,11,4,-72.505,-71.9727,0.098216707,0.097168927,-72.13993333333336,-71.98516,0.0,2418,0.5628999999999991,1,1,0
26444324864,702884497,14989130,1700822402,1700822402,2023-11-24,0.114427978,-71.2123,11.7832,-80.4139,3.8992,0.0096,0.0004,0.0005,80830,3,3,0,2023-11-24,0,24,11,4,-71.9421,-72.505,0.104112445,0.098216707,-71.88646666666669,-71.82884,0.0,2419,0.7297999999999973,0,1,0
26444324863,702884497,14989130,1700822339,1700822339,2023-11-24,0.109567292,-71.507,19.0212,-80.3059,3.8942,0.0055,0.0003,0.0,80830,3,3,0,2023-11-24,0,24,11,4,-71.2123,-71.9421,0.114427978,0.104112445,-71.55380000000002,-71.82782,0.0,2420,-0.29470000000000596,1,1,0
26444324862,702884496,14989130,1700822148,1700822148,2023-11-24,0.096593209,-72.0728,26.7998,-79.7789,3.902,0.0147,0.0003,0.0002,80830,3,9,1,2023-11-24,0,24,11,4,-71.507,-71.2123,0.109567292,0.114427978,-71.59736666666669,-71.84783999999999,0.0,2421,-0.5657999999999959,1,1,0
26444324861,702884496,14989130,1700822085,1700822085,2023-11-24,0.106702721,-71.8839,12.4593,-80.4703,3.8897,0.0106,0.0003,0.0002,80830,3,9,1,2023-11-24,0,24,11,4,-72.0728,-71.507,0.096593209,0.109567292,-71.82123333333335,-71.72362,0.0,2422,0.18890000000000384,0,1,0
26444324860,702884496,14989130,1700822053,1700822053,2023-11-24,0.116157294,-71.0606,28.9785,-80.3996,3.8688,0.007,0.0003,0.0004,80830,3,9,1,2023-11-24,0,24,11,4,-71.8839,-72.0728,0.106702721,0.096593209,-71.67243333333336,-71.54731999999998,0.0,2423,0.8233000000000033,1,1,0
26444324859,702884496,14989130,1700822022,1700822022,2023-11-24,0.109678954,-71.4983,20.1449,-80.3062,3.871,0.0088,0.0002,0.0001,80830,3,9,1,2023-11-24,0,24,11,4,-71.0606,-71.8839,0.116157294,0.106702721,-71.48093333333335,-71.60452000000001,0.0,2424,-0.43770000000000664,0,1,0
26444324858,702884496,14989130,1700821990,1700821990,2023-11-24,0.102683869,-71.1569,20.8687,-79.2997,3.8855,0.0053,0.0003,0.0004,80830,3,9,1,2023-11-24,0,24,11,4,-71.4983,-71.0606,0.109678954,0.116157294,-71.23860000000002,-71.53450000000001,0.0,2425,0.34140000000000725,0,1,0
26444324687,702884478,14989130,1700811023,1700811023,2023-11-24,0.106852719,-71.5277,25.8771,-80.085,3.9798,0.0179,0.0003,0.0006,80830,3,7,1,2023-11-24,0,24,11,4,-71.1569,-71.4983,0.102683869,0.109678954,-71.39430000000002,-71.42548,0.0,2426,-0.3708000000000027,1,1,0
26444325131,702884525,14989130,1700842814,1700842814,2023-11-24,0.126481329,-68.293,11.524,-78.1815,3.494,0.0075,0.0003,0.0004,80830,3,33,1,2023-11-24,0,24,11,4,-66.0092,-68.6847,0.172705078,0.133190305,-67.66230000000003,-68.19624000000002,0.0,2427,3.2346999999999895,0,1,0
26444324688,702884478,14989130,1700811055,1700811055,2023-11-24,0.121593508,-70.4706,30.0055,-80.2255,4.007,0.0189,0.0002,0.0004,80830,3,7,1,2023-11-24,0,24,11,4,-70.4566,-71.5277,0.107284359,0.106852719,-70.81830000000001,-71.02202,0.0,2428,-2.177599999999998,1,1,0
26444324899,702884500,14989130,1700823828,1700823828,2023-11-24,0.125823363,-69.4494,11.3179,-79.4455,3.8935,0.0076,0.0003,0.0004,80830,3,29,1,2023-11-24,0,24,11,4,-71.0549,-64.8138,0.097425586,0.176457284,-68.43936666666669,-67.62093999999999,0.0,2429,1.0212000000000074,0,1,0
26444324708,702884481,14989130,1700813464,1700813464,2023-11-24,0.195003079,-64.4491,8.0227,-80.0613,4.0535,0.0297,0.0003,0.0002,80830,3,23,1,2023-11-24,0,24,11,4,-71.1293,-70.4706,0.117948979,0.121593508,-68.683,-69.60666,0.0,2430,5.000299999999996,0,1,1
26444324706,702884481,14989130,1700813400,1700813400,2023-11-24,0.212080512,-62.9461,6.3206,-79.889,4.0628,0.0055,0.0003,0.0004,80830,3,23,1,2023-11-24,0,24,11,4,-64.4491,-71.1293,0.195003079,0.117948979,-66.17483333333335,-67.89034000000001,0.0,2431,1.5030000000000001,0,1,1
26444324705,702884481,14989130,1700813369,1700813369,2023-11-24,0.115205744,-72.0672,65.2646,-81.4508,4.0053,0.0087,0.0003,0.0004,80830,3,23,1,2023-11-24,0,24,11,4,-62.9461,-64.4491,0.212080512,0.195003079,-66.48746666666669,-68.21246000000001,0.0,2432,-9.121099999999998,1,1,0
26444324704,702884481,14989130,1700813337,1700813337,2023-11-24,0.229737376,-61.5275,9.9882,-79.8786,3.958,0.0044,0.0003,0.0001,80830,3,23,1,2023-11-24,0,24,11,4,-72.0672,-62.9461,0.115205744,0.212080512,-65.51360000000003,-66.42384000000001,0.0,2433,10.539699999999996,0,1,1
26444324703,702884481,14989130,1700813305,1700813305,2023-11-24,0.190429002,-64.0501,5.5347,-79.1161,3.9592,0.0048,0.0003,0.0002,80830,3,23,1,2023-11-24,0,24,11,4,-61.5275,-72.0672,0.229737376,0.115205744,-65.8816,-65.00800000000001,0.0,2434,-2.522599999999997,0,1,1
26444324702,702884481,14989130,1700813273,1700813273,2023-11-24,0.202383229,-63.8032,6.5314,-79.9923,3.9525,0.0036,0.0004,0.0004,80830,3,23,1,2023-11-24,0,24,11,4,-64.0501,-61.5275,0.190429002,0.229737376,-63.12693333333335,-64.87881999999999,0.0,2435,0.24690000000000367,0,1,1
26444324701,702884481,14989130,1700813242,1700813242,2023-11-24,0.238225082,-59.1714,8.1875,-77.6757,3.9625,0.0087,0.0003,0.0001,80830,3,23,1,2023-11-24,0,24,11,4,-63.8032,-64.0501,0.202383229,0.190429002,-62.34156666666669,-64.12388,0.0,2436,4.631799999999998,0,0,1
26444324700,702884481,14989130,1700813210,1700813210,2023-11-24,0.252655547,-58.9802,3.7564,-78.9197,4.0183,0.0084,0.0003,0.0002,80830,3,23,1,2023-11-24,0,24,11,4,-59.1714,-63.8032,0.238225082,0.202383229,-60.65160000000002,-61.506479999999996,0.0,2437,0.19119999999999493,0,0,1
26444324686,702884478,14989130,1700810960,1700810960,2023-11-24,0.097425586,-71.0549,6.6557,-78.7247,3.992,0.0384,0.001,0.0005,80830,3,7,1,2023-11-24,0,24,11,4,-64.8138,-68.5273,0.176457284,0.141754482,-68.13200000000002,-66.68502,0.0,2438,-12.0747,0,1,0
26444324710,702884481,14989130,1700813559,1700813559,2023-11-24,0.181014658,-64.6385,6.4114,-78.9251,4.1357,0.0219,0.0003,0.0005,80830,3,23,1,2023-11-24,0,24,11,4,-58.9802,-59.1714,0.252655547,0.238225082,-60.93003333333335,-62.128679999999996,0.0,2439,6.41640000000001,0,1,1
26444324697,702884481,14989130,1700813083,1700813083,2023-11-24,0.122561378,-70.1628,26.5055,-79.9632,3.933,0.0037,0.0006,0.0,80830,3,23,1,2023-11-24,0,24,11,4,-65.9433,-64.6385,0.180160479,0.181014658,-66.91486666666668,-63.77924,0.0,2440,-5.524300000000011,1,1,0
26444324696,702884480,14989130,1700812988,1700812988,2023-11-24,0.200449466,-62.7592,2.2214,-78.4931,3.973,0.0117,0.0003,0.0004,80830,3,5,1,2023-11-24,0,24,11,4,-70.1628,-65.9433,0.122561378,0.180160479,-66.28843333333336,-64.4968,0.0,2441,7.403600000000004,0,1,1
26444324695,702884480,14989130,1700812957,1700812957,2023-11-24,0.141689757,-66.3818,26.5226,-77.3401,3.9682,0.0099,0.0003,0.0002,80830,3,5,1,2023-11-24,0,24,11,4,-62.7592,-70.1628,0.200449466,0.122561378,-66.43460000000003,-65.97711999999999,0.0,2442,-3.6225999999999985,1,1,0
26444324694,702884480,14989130,1700812925,1700812925,2023-11-24,0.227165526,-61.9661,8.2884,-80.1803,3.9745,0.0023,0.0002,0.0004,80830,3,5,1,2023-11-24,0,24,11,4,-66.3818,-62.7592,0.141689757,0.200449466,-63.702366666666684,-65.44264,0.0,2443,4.415700000000001,0,1,1
26444324693,702884480,14989130,1700812893,1700812893,2023-11-24,0.164621529,-67.0164,21.1256,-80.2228,3.9568,0.0052,0.0003,0.0005,80830,3,5,1,2023-11-24,0,24,11,4,-61.9661,-66.3818,0.227165526,0.141689757,-65.12143333333336,-65.65726000000001,0.0,2444,-5.050300000000007,1,1,1
26444324692,702884480,14989130,1700812830,1700812830,2023-11-24,0.187063862,-63.1527,3.7382,-77.6847,3.98,0.0117,0.0004,0.0,80830,3,5,1,2023-11-24,0,24,11,4,-67.0164,-61.9661,0.164621529,0.227165526,-64.0450666666667,-64.25524,0.0,2445,3.8637000000000015,0,1,1
26444324691,702884479,14989130,1700812576,1700812576,2023-11-24,0.116456691,-70.404,13.5344,-79.6837,4.2242,0.0132,0.0006,0.0004,80830,3,2,0,2023-11-24,0,24,11,4,-63.1527,-67.0164,0.187063862,0.164621529,-66.85770000000002,-65.7842,0.0,2446,-7.251299999999993,0,1,0
26444324689,702884478,14989130,1700811086,1700811086,2023-11-24,0.117948979,-71.1293,35.6232,-80.6408,3.9875,0.0045,0.0006,0.0004,80830,3,7,1,2023-11-24,0,24,11,4,-70.4706,-70.4566,0.121593508,0.107284359,-70.68550000000002,-70.94821999999999,0.0,2447,-0.7253000000000043,1,1,0
26444324699,702884481,14989130,1700813178,1700813178,2023-11-24,0.180160479,-65.9433,3.2385,-80.4344,4.0125,0.0081,0.0004,0.0004,80830,3,23,1,2023-11-24,0,24,11,4,-64.6385,-58.9802,0.181014658,0.252655547,-63.187333333333356,-62.50732000000001,0.0,2448,5.186000000000007,0,1,1
26444324690,702884479,14989130,1700812544,1700812544,2023-11-24,0.147909128,-68.8031,71.2898,-80.7462,4.1043,0.0238,0.0003,0.0,80830,3,2,0,2023-11-24,0,24,11,4,-70.404,-63.1527,0.116456691,0.187063862,-67.45326666666669,-66.26846,0.0,2449,-2.859800000000007,1,1,0
26444324724,702884483,14989130,1700814002,1700814002,2023-11-24,0.265484253,-58.8815,2.5502,-80.1637,4.3107,0.0,0.0004,0.0004,80830,3,25,1,2023-11-24,0,24,11,4,-61.7268,-60.9671,0.214233886,0.232885692,-60.525133333333365,-63.9175,0.0,2450,9.921599999999998,0,0,1
26444324723,702884483,14989130,1700813971,1700813971,2023-11-24,0.282074507,-56.6711,14.9536,-78.9373,4.3427,0.0036,0.0003,0.0,80830,3,25,1,2023-11-24,0,24,11,4,-58.8815,-61.7268,0.265484253,0.214233886,-59.09313333333336,-61.17102,0.0,2451,2.2104,0,0,1
26444324767,702884485,14989130,1700815144,1700815144,2023-11-24,0.138736449,-69.4777,60.5196,-80.6695,3.9025,0.0086,0.0003,0.0001,80830,3,14,1,2023-11-24,0,24,11,4,-64.9481,-69.0201,0.177601489,0.139008402,-67.81530000000002,-67.09248,0.0,2452,-12.806599999999996,1,1,0
26444325054,702884517,14989130,1700839042,1700839042,2023-11-24,0.115956613,-70.7202,6.7667,-79.9963,3.3927,0.0117,0.0003,0.0004,80830,3,10,1,2023-11-24,0,24,11,4,-69.4777,-64.9481,0.138736449,0.177601489,-68.38200000000002,-67.4759,0.0,2453,-1.2425000000000068,0,1,0
26444325053,702884517,14989130,1700839011,1700839011,2023-11-24,0.114978219,-70.458,3.4575,-79.6116,3.361,0.0441,0.0003,0.0004,80830,3,10,1,2023-11-24,0,24,11,4,-70.7202,-69.4777,0.115956613,0.138736449,-70.21863333333336,-68.92482,0.0,2454,0.2622000000000071,0,1,0
26444325052,702884517,14989130,1700838979,1700838979,2023-11-24,0.101147937,-70.534,15.6556,-78.4712,3.3715,0.0325,0.0006,0.0002,80830,3,10,1,2023-11-24,0,24,11,4,-70.458,-70.7202,0.114978219,0.115956613,-70.57073333333337,-69.22760000000001,0.0,2455,-0.07600000000000762,0,1,0
26444325051,702884517,14989130,1700838947,1700838947,2023-11-24,0.107791335,-70.193,5.2059,-78.6733,3.3425,0.0438,0.0003,0.0005,80830,3,10,1,2023-11-24,0,24,11,4,-70.534,-70.458,0.101147937,0.114978219,-70.39500000000002,-70.27658,0.0,2456,0.3410000000000082,0,1,0
26444325050,702884517,14989130,1700838884,1700838884,2023-11-24,0.100095336,-70.417,6.9273,-78.2494,3.2725,0.0214,0.0003,0.0002,80830,3,10,1,2023-11-24,0,24,11,4,-70.193,-70.534,0.107791335,0.101147937,-70.38133333333337,-70.46444,0.0,2457,-0.22400000000000375,0,1,0
26444325049,702884517,14989130,1700838852,1700838852,2023-11-24,0.09693961,-70.6717,7.1898,-78.258,3.3545,0.037,0.0006,0.0004,80830,3,10,1,2023-11-24,0,24,11,4,-70.417,-70.193,0.100095336,0.107791335,-70.42723333333336,-70.45474,0.0,2458,-0.2546999999999997,0,1,0
26444325048,702884517,14989130,1700838820,1700838820,2023-11-24,0.106335831,-70.6967,9.0232,-79.1088,3.3628,0.0363,0.0003,0.0004,80830,3,10,1,2023-11-24,0,24,11,4,-70.6717,-70.417,0.09693961,0.100095336,-70.59513333333337,-70.50248,0.0,2459,-0.025000000000005684,0,1,0
26444325047,702884517,14989130,1700838789,1700838789,2023-11-24,0.104656016,-70.5831,16.1544,-78.8335,3.3693,0.0316,0.0003,0.0,80830,3,10,1,2023-11-24,0,24,11,4,-70.6967,-70.6717,0.106335831,0.09693961,-70.65050000000004,-70.51230000000001,0.0,2460,0.11360000000000525,1,1,0
26444325046,702884516,14989130,1700838694,1700838694,2023-11-24,0.107293604,-70.4706,15.6503,-78.9404,3.3228,0.0164,0.0005,0.0004,80830,3,36,1,2023-11-24,0,24,11,4,-70.5831,-70.6967,0.104656016,0.106335831,-70.5834666666667,-70.56782000000001,0.0,2461,0.11249999999999716,1,1,0
26444325045,702884516,14989130,1700838662,1700838662,2023-11-24,0.120931881,-70.4552,3.8288,-80.1476,3.3373,0.026,0.0002,0.0004,80830,3,36,1,2023-11-24,0,24,11,4,-70.4706,-70.5831,0.107293604,0.104656016,-70.5029666666667,-70.57545999999999,0.0,2462,0.015399999999999636,0,1,0
26444325044,702884516,14989130,1700838630,1700838630,2023-11-24,0.11216829,-70.6469,11.4254,-79.5724,3.3495,0.027,0.0003,0.0005,80830,3,36,1,2023-11-24,0,24,11,4,-70.4552,-70.4706,0.120931881,0.107293604,-70.52423333333337,-70.57050000000001,0.0,2463,-0.19169999999999732,0,1,0
26444325043,702884516,14989130,1700838599,1700838599,2023-11-24,0.122559716,-70.4882,10.3566,-80.3339,3.3392,0.0416,0.0003,0.0008,80830,3,36,1,2023-11-24,0,24,11,4,-70.6469,-70.4552,0.11216829,0.120931881,-70.53010000000003,-70.5288,0.0,2464,0.15869999999999607,0,1,0
26444325042,702884516,14989130,1700838535,1700838535,2023-11-24,0.106496242,-70.7638,11.7268,-79.1981,3.3185,0.0211,0.0003,0.0006,80830,3,36,1,2023-11-24,0,24,11,4,-70.4882,-70.6469,0.122559716,0.11216829,-70.63296666666669,-70.56494,0.0,2465,-0.2755999999999972,0,1,0
26444325041,702884516,14989130,1700838472,1700838472,2023-11-24,0.103822175,-70.6077,6.6662,-78.7876,3.3192,0.0576,0.0004,0.0004,80830,3,36,1,2023-11-24,0,24,11,4,-70.7638,-70.4882,0.106496242,0.122559716,-70.61990000000003,-70.59236000000001,0.0,2466,0.15610000000000923,0,1,0
26444325040,702884516,14989130,1700838440,1700838440,2023-11-24,0.117649629,-70.682,12.5891,-80.1065,3.3607,0.0309,0.0003,0.0007,80830,3,36,1,2023-11-24,0,24,11,4,-70.6077,-70.7638,0.103822175,0.106496242,-70.68450000000003,-70.63772,0.0,2467,-0.07430000000000803,1,1,0
26444325039,702884516,14989130,1700838377,1700838377,2023-11-24,0.104237869,-70.5556,18.043,-78.766,3.3308,0.0498,0.0003,0.0004,80830,3,36,1,2023-11-24,0,24,11,4,-70.682,-70.6077,0.117649629,0.103822175,-70.61510000000003,-70.61946,0.0,2468,0.12640000000000384,1,1,0
26444325038,702884516,14989130,1700838345,1700838345,2023-11-24,0.10167694,-70.4756,5.2359,-78.4524,3.3777,0.0375,0.0003,0.0004,80830,3,36,1,2023-11-24,0,24,11,4,-70.5556,-70.682,0.104237869,0.117649629,-70.5710666666667,-70.61694,0.0,2469,0.0799999999999983,0,1,0
26444325055,702884517,14989130,1700839106,1700839106,2023-11-24,0.10780743,-70.5007,12.8426,-79.0196,3.368,0.0657,0.0003,0.0007,80830,3,10,1,2023-11-24,0,24,11,4,-70.4756,-70.5556,0.10167694,0.104237869,-70.51063333333336,-70.56432,0.0,2470,-0.025099999999994793,0,1,0
26444325037,702884516,14989130,1700838313,1700838313,2023-11-24,0.111333633,-70.3319,9.983,-79.1432,3.3345,0.0599,0.0003,0.0005,80830,3,36,1,2023-11-24,0,24,11,4,-70.5007,-70.4756,0.10780743,0.10167694,-70.4360666666667,-70.50916,0.0,2471,0.1687999999999903,0,1,0
26444325056,702884517,14989130,1700839137,1700839137,2023-11-24,0.098970195,-70.6611,9.1843,-78.4226,3.3662,0.0745,0.0003,0.0002,80830,3,10,1,2023-11-24,0,24,11,4,-70.3319,-70.5007,0.111333633,0.10780743,-70.49790000000003,-70.50498,0.0,2472,-0.32920000000000016,0,1,0
26444325167,702884530,14989130,1700844874,1700844874,2023-11-24,0.107284359,-70.4566,4.5753,-78.9239,3.2012,0.0207,0.0003,0.0008,80830,3,2,0,2023-11-24,0,24,11,4,-71.5277,-71.1569,0.106852719,0.102683869,-71.04706666666668,-71.14001999999999,0.0,2473,0.20450000000001012,0,1,0
26444324857,702884496,14989130,1700821958,1700821958,2023-11-24,0.109341146,-71.5672,33.6731,-80.3531,3.9168,0.0138,0.0003,0.0006,80830,3,9,1,2023-11-24,0,24,11,4,-68.6582,-70.6611,0.120217837,0.098970195,-70.29550000000002,-70.34382000000001,0.0,2474,-1.1106000000000051,1,1,0
26444325020,702884516,14989130,1700837584,1700837584,2023-11-24,0.096190632,-70.5895,9.0156,-78.1022,3.2305,0.0253,0.0004,0.0005,80830,3,36,1,2023-11-24,0,24,11,4,-71.5672,-68.6582,0.109341146,0.120217837,-70.27163333333336,-70.36158,0.0,2475,0.9776999999999987,0,1,0
26444325019,702884516,14989130,1700837553,1700837553,2023-11-24,0.105068065,-70.9085,6.2979,-79.2334,3.2575,0.045,0.0003,0.0002,80830,3,36,1,2023-11-24,0,24,11,4,-70.5895,-71.5672,0.096190632,0.109341146,-71.02173333333336,-70.4769,0.0,2476,-0.3190000000000026,0,1,0
26444325018,702884516,14989130,1700837521,1700837521,2023-11-24,0.104969207,-70.2234,9.2387,-78.4592,3.2658,0.0295,0.0004,0.0004,80830,3,36,1,2023-11-24,0,24,11,4,-70.9085,-70.5895,0.105068065,0.096190632,-70.57380000000002,-70.38936,0.0,2477,0.6851000000000056,0,1,0
26444325017,702884516,14989130,1700837489,1700837489,2023-11-24,0.110510873,-70.4229,11.2054,-79.1723,3.31,0.0555,0.0003,0.0005,80830,3,36,1,2023-11-24,0,24,11,4,-70.2234,-70.9085,0.104969207,0.105068065,-70.5182666666667,-70.7423,0.0,2478,-0.19950000000000045,0,1,0
26444325016,702884516,14989130,1700837458,1700837458,2023-11-24,0.102182362,-70.5752,10.2586,-78.6075,3.2908,0.0237,0.0003,0.0007,80830,3,36,1,2023-11-24,0,24,11,4,-70.4229,-70.2234,0.110510873,0.104969207,-70.4071666666667,-70.54390000000001,0.0,2479,-0.15229999999999677,0,1,0
26444325015,702884516,14989130,1700837394,1700837394,2023-11-24,0.104248337,-70.4463,6.191,-78.6449,3.303,0.072,0.0003,0.0007,80830,3,36,1,2023-11-24,0,24,11,4,-70.5752,-70.4229,0.102182362,0.110510873,-70.48146666666669,-70.51525999999998,0.0,2480,0.12890000000000157,0,1,0
26444325014,702884516,14989130,1700837331,1700837331,2023-11-24,0.104178439,-69.9152,21.4456,-78.0459,3.3318,0.0304,0.0002,0.0002,80830,3,36,1,2023-11-24,0,24,11,4,-70.4463,-70.5752,0.104248337,0.102182362,-70.31223333333335,-70.3166,0.0,2481,0.531099999999995,1,1,0
26444325013,702884516,14989130,1700837299,1700837299,2023-11-24,0.117146621,-70.8986,6.3921,-80.3062,3.3055,0.0417,0.0003,0.0004,80830,3,36,1,2023-11-24,0,24,11,4,-69.9152,-70.4463,0.104178439,0.104248337,-70.42003333333336,-70.45164,0.0,2482,-0.9834000000000032,0,1,0
26444325012,702884516,14989130,1700837267,1700837267,2023-11-24,0.122713646,-70.4675,6.8438,-80.3244,3.3253,0.025,0.0006,0.0005,80830,3,36,1,2023-11-24,0,24,11,4,-70.8986,-69.9152,0.117146621,0.104178439,-70.42710000000004,-70.46056,0.0,2483,0.4311000000000007,0,1,0
26444325011,702884516,14989130,1700837204,1700837204,2023-11-24,0.103521309,-70.602,9.0852,-78.7548,3.3085,0.05,0.0003,0.0,80830,3,36,1,2023-11-24,0,24,11,4,-70.4675,-70.8986,0.122713646,0.117146621,-70.65603333333337,-70.46592,0.0,2484,-0.13450000000000273,0,1,0
26444325010,702884515,14989130,1700837109,1700837109,2023-11-24,0.112039311,-70.7813,7.1784,-79.7122,3.385,0.0164,0.0003,0.0008,80830,3,12,1,2023-11-24,0,24,11,4,-70.602,-70.4675,0.103521309,0.122713646,-70.61693333333336,-70.53291999999999,0.0,2485,-0.1792999999999978,0,1,0
26444325033,702884516,14989130,1700838155,1700838155,2023-11-24,0.10968747,-70.5773,9.7923,-79.2725,3.369,0.0405,0.0003,0.0002,80830,3,36,1,2023-11-24,0,24,11,4,-70.7813,-70.602,0.112039311,0.103521309,-70.65353333333336,-70.66534,0.0,2486,0.20400000000000773,0,1,0
26444325061,702884518,14989130,1700839359,1700839359,2023-11-24,0.117484234,-68.7388,12.1554,-77.8896,3.5105,0.007,0.0003,0.0001,80830,3,39,1,2023-11-24,0,24,11,4,-70.5773,-70.7813,0.10968747,0.112039311,-70.0324666666667,-70.23338,0.0,2487,1.8384999999999962,1,1,0
26444325034,702884516,14989130,1700838218,1700838218,2023-11-24,0.103434001,-70.3859,9.9755,-78.5061,3.3018,0.0457,0.0004,0.0008,80830,3,36,1,2023-11-24,0,24,11,4,-68.7388,-70.5773,0.117484234,0.10968747,-69.9006666666667,-70.21705999999999,0.0,2488,-1.647100000000009,0,1,0
26444325036,702884516,14989130,1700838282,1700838282,2023-11-24,0.101943959,-70.3908,3.2022,-78.3813,3.3327,0.0645,0.0003,0.0002,80830,3,36,1,2023-11-24,0,24,11,4,-70.3859,-68.7388,0.103434001,0.117484234,-69.83850000000002,-70.17482,0.0,2489,-0.004899999999992133,0,1,0
26444325059,702884518,14989130,1700839296,1700839296,2023-11-24,0.139478881,-68.8953,3.6667,-80.0623,3.4943,0.005,0.0006,0.0004,80830,3,39,1,2023-11-24,0,24,11,4,-70.3908,-70.3859,0.101943959,0.103434001,-69.8906666666667,-69.79762000000001,0.0,2490,1.4954999999999927,0,1,0
26444324725,702884483,14989130,1700814034,1700814034,2023-11-24,0.177601489,-64.9481,61.6198,-78.974,4.327,0.0016,0.0003,0.0002,80830,3,25,1,2023-11-24,0,24,11,4,-69.0201,-63.2134,0.139008402,0.21076774,-65.72720000000002,-67.27774,0.0,2491,3.9472000000000094,1,1,1
26444325057,702884518,14989130,1700839232,1700839232,2023-11-24,0.134305208,-68.7063,2.7678,-79.3655,3.4475,0.0185,0.0004,0.0,80830,3,39,1,2023-11-24,0,24,11,4,-68.8953,-70.3908,0.139478881,0.101943959,-69.33080000000002,-69.42342,0.0,2492,-3.758200000000002,0,1,0
26444325114,702884522,14989130,1700841515,1700841515,2023-11-24,0.111227928,-70.2497,11.3366,-79.0413,3.346,0.0338,0.0003,0.0002,80830,3,4,1,2023-11-24,0,24,11,4,-70.4123,-68.7063,0.100333611,0.134305208,-69.78943333333336,-69.73088,0.0,2493,-1.5434000000000054,0,1,0
26444324747,702884483,14989130,1700814605,1700814605,2023-11-24,0.137843767,-68.3389,12.7049,-79.2651,4.095,0.0359,0.0003,0.0002,80830,3,25,1,2023-11-24,0,24,11,4,-67.7351,-69.5326,0.158525238,0.123659797,-68.53553333333336,-69.25372,0.0,2494,1.910800000000009,0,1,0
26444324714,702884481,14989130,1700813686,1700813686,2023-11-24,0.142873994,-69.0307,15.3934,-80.5374,4.192,0.0032,0.0006,0.0005,80830,3,23,1,2023-11-24,0,24,11,4,-68.3389,-67.7351,0.137843767,0.158525238,-68.36823333333336,-68.9774,0.0,2495,-0.6918000000000006,0,1,0
26444324748,702884483,14989130,1700814636,1700814636,2023-11-24,0.152726197,-68.1686,12.4259,-80.4564,4.0793,0.0205,0.0003,0.0004,80830,3,25,1,2023-11-24,0,24,11,4,-69.0307,-68.3389,0.142873994,0.137843767,-68.51273333333336,-68.56118,0.0,2496,0.8620999999999981,0,1,0
26444324750,702884483,14989130,1700814700,1700814700,2023-11-24,0.145118104,-68.4857,17.1289,-80.1113,4.0895,0.0143,0.0003,0.0002,80830,3,25,1,2023-11-24,0,24,11,4,-68.1686,-69.0307,0.152726197,0.142873994,-68.56166666666668,-68.3518,0.0,2497,-0.3170999999999964,1,1,0
26444324781,702884488,14989130,1700815809,1700815809,2023-11-24,0.131950658,-68.0121,21.4237,-78.3505,3.9918,0.0155,0.0002,0.0001,80830,3,14,1,2023-11-24,0,24,11,4,-68.4857,-68.1686,0.145118104,0.152726197,-68.22213333333336,-68.40719999999999,0.0,2498,0.4735999999999905,1,1,0
26444324780,702884488,14989130,1700815777,1700815777,2023-11-24,0.119248547,-69.3206,34.4576,-78.7062,4.0847,0.025,0.0003,0.0001,80830,3,14,1,2023-11-24,0,24,11,4,-68.0121,-68.4857,0.131950658,0.145118104,-68.60613333333337,-68.60354,0.0,2499,-1.3084999999999951,1,1,0
26444324779,702884488,14989130,1700815746,1700815746,2023-11-24,0.136578102,-67.8369,17.0511,-78.5675,4.0578,0.0253,0.0004,0.0004,80830,3,14,1,2023-11-24,0,24,11,4,-69.3206,-68.0121,0.119248547,0.131950658,-68.38986666666669,-68.36478,0.0,2500,1.483699999999999,0,1,0
26444324778,702884488,14989130,1700815714,1700815714,2023-11-24,0.136808083,-68.9295,59.2966,-79.8542,4.1863,0.015,0.0002,0.0005,80830,3,14,1,2023-11-24,0,24,11,4,-67.8369,-69.3206,0.136578102,0.119248547,-68.6956666666667,-68.51696000000001,0.0,2501,-1.0926000000000045,1,1,0
26444324777,702884488,14989130,1700815651,1700815651,2023-11-24,0.09468071,-72.2548,10.4285,-79.8114,4.2148,0.0159,0.0003,0.0001,80830,3,14,1,2023-11-24,0,24,11,4,-68.9295,-67.8369,0.136808083,0.136578102,-69.67373333333336,-69.27078,0.0,2502,-3.3252999999999986,0,1,0
26444325021,702884516,14989130,1700837616,1700837616,2023-11-24,0.113693241,-70.5829,8.7196,-79.6371,3.3028,0.0406,0.0003,0.0004,80830,3,36,1,2023-11-24,0,24,11,4,-72.2548,-68.9295,0.09468071,0.136808083,-70.5890666666667,-69.78494,0.0,2503,1.671900000000008,0,1,0
26444325058,702884518,14989130,1700839264,1700839264,2023-11-24,0.120217837,-68.6582,12.9148,-78.04,3.4705,0.0102,0.0005,0.0004,80830,3,39,1,2023-11-24,0,24,11,4,-70.6611,-70.3319,0.098970195,0.111333633,-69.88373333333335,-70.1255,0.0,2504,1.9247000000000014,0,1,0
26444324776,702884488,14989130,1700815619,1700815619,2023-11-24,0.146998682,-68.4972,14.9825,-80.3014,4.0533,0.0283,0.0003,0.0,80830,3,14,1,2023-11-24,0,24,11,4,-70.5829,-72.2548,0.113693241,0.09468071,-70.4449666666667,-69.62026,0.0,2505,0.16099999999998715,0,1,0
26444324772,702884485,14989130,1700815429,1700815429,2023-11-24,0.168860178,-66.8647,10.4903,-80.4494,4.0302,0.0125,0.0002,0.0005,80830,3,14,1,2023-11-24,0,24,11,4,-68.4972,-70.5829,0.146998682,0.113693241,-68.6482666666667,-69.42582,0.0,2506,1.6325000000000074,0,1,1
26444324771,702884485,14989130,1700815365,1700815365,2023-11-24,0.155292972,-67.5051,9.7607,-79.9154,4.0045,0.0124,0.0003,0.0005,80830,3,14,1,2023-11-24,0,24,11,4,-66.8647,-68.4972,0.168860178,0.146998682,-67.62233333333336,-69.14094,0.0,2507,-0.6403999999999996,0,1,0
26444324770,702884485,14989130,1700815302,1700815302,2023-11-24,0.126496076,-68.4434,24.1581,-78.355,3.958,0.0117,0.0002,0.0005,80830,3,14,1,2023-11-24,0,24,11,4,-67.5051,-66.8647,0.155292972,0.168860178,-67.60440000000001,-68.37866,0.0,2508,-0.9382999999999981,1,1,0
26444324769,702884485,14989130,1700815239,1700815239,2023-11-24,0.181178645,-65.1225,9.3164,-79.532,3.9213,0.0045,0.0004,0.0008,80830,3,14,1,2023-11-24,0,24,11,4,-68.4434,-67.5051,0.126496076,0.155292972,-67.0236666666667,-67.28658,0.0,2509,3.3208999999999946,0,1,1
26444324717,702884481,14989130,1700813781,1700813781,2023-11-24,0.178495006,-65.534,11.143,-79.7731,4.1887,0.0126,0.0004,0.0004,80830,3,23,1,2023-11-24,0,24,11,4,-69.3516,-67.0905,0.112400635,0.164258327,-67.3253666666667,-67.1084,0.0,2510,-0.41150000000000375,0,1,1
26444324715,702884481,14989130,1700813717,1700813717,2023-11-24,0.158525238,-67.7351,7.7975,-80.4957,4.051,0.0152,0.0003,0.0004,80830,3,23,1,2023-11-24,0,24,11,4,-69.5326,-70.2497,0.123659797,0.111227928,-69.1724666666667,-69.3272,0.0,2511,-2.2010999999999967,0,1,1
26444324900,702884500,14989130,1700823860,1700823860,2023-11-24,0.123659797,-69.5326,22.4745,-79.3443,3.9088,0.0071,0.0004,0.0001,80830,3,29,1,2023-11-24,0,24,11,4,-70.2497,-70.4123,0.111227928,0.100333611,-70.0648666666667,-69.55924,0.0,2512,-1.7974999999999994,1,1,0
26444324768,702884485,14989130,1700815175,1700815175,2023-11-24,0.164258327,-67.0905,33.5881,-80.2766,3.911,0.0059,0.0003,0.0002,80830,3,14,1,2023-11-24,0,24,11,4,-65.1225,-68.4434,0.181178645,0.126496076,-66.88546666666669,-67.00524,0.0,2513,2.4420999999999964,1,1,1
26444324718,702884481,14989130,1700813844,1700813844,2023-11-24,0.209384669,-63.5261,7.506,-80.3502,4.2495,0.0081,0.0003,0.0005,80830,3,23,1,2023-11-24,0,24,11,4,-65.534,-69.3516,0.178495006,0.112400635,-66.13723333333337,-66.12494000000001,0.0,2514,3.5644000000000062,0,1,1
26444324898,702884500,14989130,1700823797,1700823797,2023-11-24,0.114462638,-69.8008,19.4491,-78.8231,3.8955,0.0041,0.0003,0.0002,80830,3,29,1,2023-11-24,0,24,11,4,-58.6144,-63.5261,0.263547522,0.209384669,-63.98043333333336,-65.36538,0.0,2515,-6.274699999999996,0,1,0
26444324746,702884483,14989130,1700814573,1700814573,2023-11-24,0.134341231,-68.7501,24.1111,-79.4194,4.0548,0.0256,0.0004,0.0005,80830,3,25,1,2023-11-24,0,24,11,4,-69.8008,-58.6144,0.114462638,0.263547522,-65.72176666666671,-65.24508,0.0,2516,1.050699999999992,1,1,0
26444324745,702884483,14989130,1700814541,1700814541,2023-11-24,0.124593918,-68.741,43.3338,-78.5247,4.0732,0.0456,0.0004,0.0001,80830,3,25,1,2023-11-24,0,24,11,4,-68.7501,-69.8008,0.134341231,0.114462638,-69.09730000000003,-65.88648,0.0,2517,0.00910000000000366,1,1,0
26444324744,702884483,14989130,1700814510,1700814510,2023-11-24,0.135177648,-68.1205,8.5667,-78.7682,4.0678,0.0282,0.0003,0.0002,80830,3,25,1,2023-11-24,0,24,11,4,-68.741,-68.7501,0.124593918,0.134341231,-68.53720000000003,-66.80536,0.0,2518,0.6204999999999927,0,1,0
26444324743,702884483,14989130,1700814478,1700814478,2023-11-24,0.142941668,-69.3847,47.2995,-80.9568,4.0457,0.0253,0.0003,0.0003,80830,3,25,1,2023-11-24,0,24,11,4,-68.1205,-68.741,0.135177648,0.124593918,-68.74873333333336,-68.95942,0.0,2519,-1.2641999999999882,1,1,0
26444324742,702884483,14989130,1700814446,1700814446,2023-11-24,0.133900698,-68.47,49.6252,-79.0556,4.0412,0.0269,0.0003,0.0001,80830,3,25,1,2023-11-24,0,24,11,4,-69.3847,-68.1205,0.142941668,0.135177648,-68.65840000000003,-68.69326000000001,0.0,2520,0.9146999999999963,1,1,0
26444324741,702884483,14989130,1700814415,1700814415,2023-11-24,0.121855625,-69.501,17.1305,-79.1453,4.0795,0.0232,0.0003,0.0002,80830,3,25,1,2023-11-24,0,24,11,4,-68.47,-69.3847,0.133900698,0.142941668,-69.1185666666667,-68.84344,0.0,2521,-1.031000000000006,0,1,0
26444324740,702884483,14989130,1700814383,1700814383,2023-11-24,0.123009537,-70.8589,11.9064,-80.7978,4.081,0.0411,0.0003,0.0004,80830,3,25,1,2023-11-24,0,24,11,4,-69.501,-68.47,0.121855625,0.133900698,-69.6099666666667,-69.26702,0.0,2522,-1.3579000000000008,0,1,0
26444324765,702884485,14989130,1700815080,1700815080,2023-11-24,0.139008402,-69.0201,21.1939,-80.1635,3.9,0.0041,0.0003,0.0002,80830,3,14,1,2023-11-24,0,24,11,4,-63.2134,-68.8031,0.21076774,0.147909128,-67.01220000000002,-66.91866,0.0,2523,1.8388000000000062,0,1,0
26444324766,702884485,14989130,1700815112,1700815112,2023-11-24,0.132478595,-69.741,21.6623,-80.3911,3.9017,0.0034,0.0002,0.0001,80830,3,14,1,2023-11-24,0,24,11,4,-70.8589,-69.501,0.123009537,0.121855625,-70.03363333333336,-69.59112,0.0,2524,-0.7209000000000003,0,1,0
26444324735,702884483,14989130,1700814256,1700814256,2023-11-24,0.190492617,-62.8916,5.9772,-77.6912,4.3113,0.0,0.0003,0.0002,80830,3,25,1,2023-11-24,0,24,11,4,-62.1403,-69.741,0.213989006,0.132478595,-64.92430000000003,-67.02656,0.0,2525,6.849400000000003,0,1,1
26444324733,702884483,14989130,1700814224,1700814224,2023-11-24,0.210341266,-63.223,3.4661,-80.0637,4.4277,0.0127,0.0003,0.0001,80830,3,25,1,2023-11-24,0,24,11,4,-62.8916,-62.1403,0.190492617,0.213989006,-62.75163333333336,-65.77096,0.0,2526,-0.33140000000000214,0,1,1
26444324731,702884483,14989130,1700814193,1700814193,2023-11-24,0.130507541,-70.4035,45.832,-80.9708,4.336,0.0081,0.0003,0.0004,80830,3,25,1,2023-11-24,0,24,11,4,-63.223,-62.8916,0.210341266,0.190492617,-65.50603333333336,-65.67988,0.0,2527,-7.180499999999995,1,1,0
26444324730,702884483,14989130,1700814161,1700814161,2023-11-24,0.156658247,-67.6086,11.332,-80.1675,4.3297,0.0,0.0004,0.0005,80830,3,25,1,2023-11-24,0,24,11,4,-70.4035,-63.223,0.130507541,0.210341266,-67.0783666666667,-65.2534,0.0,2528,2.7948999999999984,0,1,0
26444324727,702884483,14989130,1700814129,1700814129,2023-11-24,0.232885692,-60.9671,15.8394,-79.4759,4.3335,0.0032,0.0003,0.0006,80830,3,25,1,2023-11-24,0,24,11,4,-67.6086,-70.4035,0.156658247,0.130507541,-66.32640000000004,-65.01876,0.0,2529,6.6414999999999935,0,1,1
26444324726,702884483,14989130,1700814066,1700814066,2023-11-24,0.214233886,-61.7268,10.4726,-78.5562,4.3838,0.0057,0.0006,0.0004,80830,3,25,1,2023-11-24,0,24,11,4,-60.9671,-67.6086,0.232885692,0.156658247,-63.43416666666669,-64.7858,0.0,2530,-0.7596999999999952,0,1,1
26444324719,702884481,14989130,1700813876,1700813876,2023-11-24,0.263547522,-58.6144,1.8547,-79.5902,4.3125,0.0023,0.0004,0.0004,80830,3,23,1,2023-11-24,0,24,11,4,-63.5261,-65.534,0.209384669,0.178495006,-62.55816666666669,-64.82332,0.0,2531,3.112399999999994,0,0,1
26444325035,702884516,14989130,1700838250,1700838250,2023-11-24,0.100333611,-70.4123,10.3261,-78.2649,3.3298,0.0201,0.0003,0.0001,80830,3,36,1,2023-11-24,0,24,11,4,-68.7063,-68.8953,0.134305208,0.139478881,-69.3379666666667,-69.75812,0.0,2532,-11.797899999999998,0,1,0
26444324739,702884483,14989130,1700814351,1700814351,2023-11-24,0.213989006,-62.1403,5.3786,-79.0578,4.066,0.01,0.0003,0.0005,80830,3,25,1,2023-11-24,0,24,11,4,-69.741,-70.8589,0.132478595,0.123009537,-67.5800666666667,-68.14224,0.0,2533,8.271999999999998,0,1,1
26444324737,702884483,14989130,1700814288,1700814288,2023-11-24,0.218217278,-62.7734,5.0211,-80.2952,4.2605,0.0062,0.0005,0.0004,80830,3,25,1,2023-11-24,0,24,11,4,-56.6711,-58.8815,0.282074507,0.265484253,-59.44200000000003,-60.20398,0.0,2534,-0.6330999999999989,0,1,1
26444325139,702884525,14989130,1700843068,1700843068,2023-11-24,0.122167846,-68.2166,13.4775,-77.7103,3.499,0.0028,0.0003,0.0004,80830,3,33,1,2023-11-24,0,24,11,4,-70.4986,-70.7034,0.112712874,0.114029119,-69.80620000000003,-67.37444,0.0,2535,-5.443199999999997,1,1,0
26444325122,702884525,14989130,1700842529,1700842529,2023-11-24,0.115546229,-69.1236,7.4101,-78.154,3.4255,0.0099,0.0003,0.0004,80830,3,33,1,2023-11-24,0,24,11,4,-70.5179,-62.7734,0.117171108,0.218217278,-67.47163333333337,-63.593500000000006,0.0,2536,-0.9069999999999965,0,1,0
26444325147,702884525,14989130,1700843321,1700843321,2023-11-24,0.131666239,-68.428,6.4153,-78.8038,3.4842,0.0046,0.0003,0.0004,80830,3,33,1,2023-11-24,0,24,11,4,-68.9661,-69.1236,0.132311978,0.115546229,-68.83923333333335,-67.9618,0.0,2537,0.6955999999999989,0,1,0
26444325136,702884525,14989130,1700842973,1700842973,2023-11-24,0.102518414,-69.0035,9.018,-76.8857,3.5238,0.0081,0.0002,0.0004,80830,3,33,1,2023-11-24,0,24,11,4,-68.428,-68.9661,0.131666239,0.132311978,-68.79920000000003,-69.20782,0.0,2538,-0.5755000000000052,0,1,0
26444325135,702884525,14989130,1700842941,1700842941,2023-11-24,0.12440534,-68.0999,5.534,-77.7756,3.5133,0.0075,0.0003,0.0004,80830,3,33,1,2023-11-24,0,24,11,4,-69.0035,-68.428,0.102518414,0.131666239,-68.51046666666669,-68.72422,0.0,2539,0.9035999999999973,0,1,0
26444325134,702884525,14989130,1700842909,1700842909,2023-11-24,0.11229793,-68.6468,2.1192,-77.3309,3.5002,0.009,0.0002,0.0002,80830,3,33,1,2023-11-24,0,24,11,4,-68.0999,-69.0035,0.12440534,0.102518414,-68.58340000000003,-68.62886,0.0,2540,-0.5468999999999937,0,1,0
26444325116,702884523,14989130,1700841768,1700841768,2023-11-24,0.10825973,-71.1483,11.0116,-79.7859,3.3405,0.0582,0.0003,0.0004,80830,3,3,0,2023-11-24,0,24,11,4,-68.6468,-68.0999,0.11229793,0.12440534,-69.29833333333336,-69.06530000000001,0.0,2541,-2.501500000000007,1,1,0
26444325117,702884523,14989130,1700841800,1700841800,2023-11-24,0.108479538,-70.4697,5.6154,-79.0444,3.3378,0.0489,0.0003,0.0001,80830,3,3,0,2023-11-24,0,24,11,4,-71.1483,-68.6468,0.10825973,0.11229793,-70.0882666666667,-69.47364,0.0,2542,0.678600000000003,0,1,0
26444325118,702884524,14989130,1700842244,1700842244,2023-11-24,0.095541124,-70.525,6.6738,-77.9748,3.3445,0.0636,0.0007,0.0,80830,3,2,0,2023-11-24,0,24,11,4,-70.4697,-71.1483,0.108479538,0.10825973,-70.71433333333336,-69.77794,0.0,2543,-0.05530000000000257,0,1,0
26444325119,702884524,14989130,1700842307,1700842307,2023-11-24,0.095940672,-70.7666,4.5924,-78.2765,3.3687,0.0419,0.0003,0.0008,80830,3,2,0,2023-11-24,0,24,11,4,-70.525,-70.4697,0.095541124,0.108479538,-70.58710000000004,-70.31128,0.0,2544,-0.24159999999999116,0,1,0
26444325120,702884525,14989130,1700842434,1700842434,2023-11-24,0.102698511,-69.7721,4.225,-77.7577,3.3665,0.0535,0.0003,0.0,80830,3,33,1,2023-11-24,0,24,11,4,-70.7666,-70.525,0.095940672,0.095541124,-70.35456666666668,-70.53634,0.0,2545,0.9945000000000022,0,1,0
26444325121,702884525,14989130,1700842497,1700842497,2023-11-24,0.100009871,-70.2031,7.5909,-78.0043,3.4032,0.0383,0.0005,0.0005,80830,3,33,1,2023-11-24,0,24,11,4,-69.7721,-70.7666,0.102698511,0.095940672,-70.24726666666669,-70.34729999999999,0.0,2546,-0.4310000000000116,0,1,0
26444325123,702884525,14989130,1700842561,1700842561,2023-11-24,0.119945116,-68.5649,13.5175,-77.9098,3.4518,0.0037,0.0003,0.0001,80830,3,33,1,2023-11-24,0,24,11,4,-70.2031,-69.7721,0.100009871,0.102698511,-69.5133666666667,-69.96634,0.0,2547,1.6382000000000119,1,1,0
26444325124,702884525,14989130,1700842592,1700842592,2023-11-24,0.119286164,-68.5486,11.6434,-77.833,3.468,0.0106,0.0002,0.0002,80830,3,33,1,2023-11-24,0,24,11,4,-68.5649,-70.2031,0.119945116,0.100009871,-69.10553333333336,-69.57105999999999,0.0,2548,0.01630000000000109,1,1,0
26444325125,702884525,14989130,1700842624,1700842624,2023-11-24,0.116854969,-68.5763,9.1737,-77.6501,3.49,0.0112,0.0003,0.0004,80830,3,33,1,2023-11-24,0,24,11,4,-68.5486,-68.5649,0.119286164,0.119945116,-68.56326666666669,-69.133,0.0,2549,-0.02770000000001005,0,1,0
26444325126,702884525,14989130,1700842656,1700842656,2023-11-24,0.134328737,-68.1588,7.3551,-78.7352,3.4853,0.0152,0.0006,0.0004,80830,3,33,1,2023-11-24,0,24,11,4,-68.5763,-68.5486,0.116854969,0.119286164,-68.42790000000002,-68.81034,0.0,2550,0.417500000000004,0,1,0
26444325127,702884525,14989130,1700842687,1700842687,2023-11-24,0.127612687,-68.129,4.647,-78.0949,3.5032,0.0028,0.0004,0.0005,80830,3,33,1,2023-11-24,0,24,11,4,-68.1588,-68.5763,0.134328737,0.116854969,-68.28803333333336,-68.39552,0.0,2551,0.029799999999994498,0,1,0
26444325128,702884525,14989130,1700842719,1700842719,2023-11-24,0.130912062,-68.0787,8.268,-78.3335,3.4992,0.0072,0.0003,0.0002,80830,3,33,1,2023-11-24,0,24,11,4,-68.129,-68.1588,0.127612687,0.134328737,-68.1221666666667,-68.29828,0.0,2552,0.05030000000000712,0,1,0
26444324822,702884490,14989130,1700819074,1700819074,2023-11-24,0.180209016,-65.5941,4.5173,-80.0132,4.2945,0.005,0.0002,0.0001,80830,3,28,1,2023-11-24,0,24,11,4,-70.8781,-69.9915,0.11033721,0.103646425,-68.82123333333335,-69.49946,0.0,2553,2.4846000000000004,0,1,1
26444324854,702884496,14989130,1700821831,1700821831,2023-11-24,0.132311978,-68.9661,10.7846,-79.4826,4.0367,0.0183,0.0003,0.0,80830,3,9,1,2023-11-24,0,24,11,4,-69.1236,-70.5179,0.115546229,0.117171108,-69.53586666666669,-65.61042,0.0,2554,-3.372,1,1,0
26444324821,702884490,14989130,1700819042,1700819042,2023-11-24,0.172705078,-66.0092,4.4238,-79.7892,4.3113,0.0036,0.0003,0.0002,80830,3,28,1,2023-11-24,0,24,11,4,-68.6847,-68.3912,0.133190305,0.142965271,-67.69503333333337,-68.41634,0.0,2555,2.9568999999999903,0,1,1
26444325129,702884525,14989130,1700842751,1700842751,2023-11-24,0.120381157,-68.4113,2.7352,-77.7738,3.5088,0.0144,0.0001,0.0002,80830,3,33,1,2023-11-24,0,24,11,4,-68.0787,-68.129,0.130912062,0.127612687,-68.20633333333336,-68.27082,0.0,2556,-2.40209999999999,0,1,0
26444325152,702884525,14989130,1700843480,1700843480,2023-11-24,0.133190305,-68.6847,8.6582,-79.2385,3.4308,0.0041,0.0004,0.0004,80830,3,33,1,2023-11-24,0,24,11,4,-68.3912,-69.6031,0.142965271,0.129612007,-68.89300000000003,-68.95942,0.0,2557,-0.2734000000000094,1,1,0
26444324818,702884490,14989130,1700819010,1700819010,2023-11-24,0.195344461,-64.6519,35.271,-80.3473,4.322,0.0055,0.0004,0.0004,80830,3,28,1,2023-11-24,0,24,11,4,-68.5667,-68.4016,0.13730333,0.115884876,-67.20673333333336,-67.7714,0.0,2558,4.032800000000009,1,1,1
26444324817,702884490,14989130,1700818979,1700818979,2023-11-24,0.214039548,-63.1946,4.1926,-80.4043,4.3045,0.0023,0.0002,0.0005,80830,3,28,1,2023-11-24,0,24,11,4,-64.6519,-68.5667,0.195344461,0.13730333,-65.4710666666667,-66.71104,0.0,2559,1.4572999999999965,0,1,1
26444324815,702884490,14989130,1700818884,1700818884,2023-11-24,0.197748267,-64.259,9.9209,-80.0983,4.1875,0.0032,0.0006,0.0002,80830,3,28,1,2023-11-24,0,24,11,4,-63.1946,-64.6519,0.214039548,0.195344461,-64.03516666666668,-65.81476,0.0,2560,-1.0643999999999991,0,1,1
26444325193,702884532,14989130,1700845889,1700845889,2023-11-24,0.114029119,-70.7034,8.3385,-79.8033,3.1658,0.0263,0.0003,0.0001,80830,3,39,1,2023-11-24,0,24,11,4,-64.259,-63.1946,0.197748267,0.214039548,-66.05233333333337,-66.27512,0.0,2561,-6.444400000000002,0,1,0
26444325115,702884523,14989130,1700841736,1700841736,2023-11-24,0.112712874,-70.4986,2.9726,-79.4541,3.3603,0.0146,0.0003,0.0,80830,3,3,0,2023-11-24,0,24,11,4,-70.7034,-64.259,0.114029119,0.197748267,-68.48700000000002,-66.6615,0.0,2562,0.20480000000000587,0,1,0
26444325140,702884525,14989130,1700843099,1700843099,2023-11-24,0.12231311,-68.5527,8.8192,-78.1061,3.495,0.012,0.0003,0.0004,80830,3,33,1,2023-11-24,0,24,11,4,-68.2166,-70.4986,0.122167846,0.112712874,-69.08930000000004,-68.44606,0.0,2563,1.9458999999999946,0,1,0
26444325141,702884525,14989130,1700843131,1700843131,2023-11-24,0.120697994,-68.1729,19.0998,-77.5307,3.4903,0.0016,0.0002,0.0004,80830,3,33,1,2023-11-24,0,24,11,4,-68.5527,-68.2166,0.12231311,0.122167846,-68.31406666666669,-69.22884,0.0,2564,0.379800000000003,1,1,0
26444325142,702884525,14989130,1700843163,1700843163,2023-11-24,0.129585387,-68.0921,1.4814,-78.2295,3.4937,0.0025,0.0004,0.0004,80830,3,33,1,2023-11-24,0,24,11,4,-68.1729,-68.5527,0.120697994,0.12231311,-68.27256666666669,-68.70658,0.0,2565,0.08079999999999643,0,1,0
26444325143,702884525,14989130,1700843194,1700843194,2023-11-24,0.115771393,-68.0039,12.679,-76.9076,3.49,0.009,0.0006,0.0002,80830,3,33,1,2023-11-24,0,24,11,4,-68.0921,-68.1729,0.129585387,0.120697994,-68.08963333333337,-68.20764,0.0,2566,0.0882000000000005,1,1,0
26444325144,702884525,14989130,1700843226,1700843226,2023-11-24,0.131624239,-68.5686,7.1983,-78.9619,3.4845,0.0094,0.0003,0.0005,80830,3,33,1,2023-11-24,0,24,11,4,-68.0039,-68.0921,0.115771393,0.129585387,-68.22153333333335,-68.27804,0.0,2567,-0.564700000000002,0,1,0
26444325145,702884525,14989130,1700843258,1700843258,2023-11-24,0.122518594,-68.5807,7.6957,-78.1563,3.4943,0.0045,0.0003,0.0004,80830,3,33,1,2023-11-24,0,24,11,4,-68.5686,-68.0039,0.131624239,0.115771393,-68.38440000000003,-68.28363999999999,0.0,2568,-0.012099999999989564,0,1,0
26444325137,702884525,14989130,1700843004,1700843004,2023-11-24,0.126739827,-68.7447,8.0409,-78.7219,3.5155,0.0073,0.0004,0.0004,80830,3,33,1,2023-11-24,0,24,11,4,-68.5807,-68.5686,0.122518594,0.131624239,-68.63133333333336,-68.398,0.0,2569,-0.16400000000000148,0,1,0
26444325146,702884525,14989130,1700843290,1700843290,2023-11-24,0.140869474,-68.7246,5.7521,-79.9932,3.487,0.0049,0.0003,0.0004,80830,3,33,1,2023-11-24,0,24,11,4,-68.7447,-68.5807,0.126739827,0.122518594,-68.68333333333335,-68.5245,0.0,2570,0.02009999999999934,0,1,0
26444325148,702884525,14989130,1700843353,1700843353,2023-11-24,0.130131483,-69.3935,6.2391,-79.7747,3.4515,0.0122,0.0003,0.0004,80830,3,33,1,2023-11-24,0,24,11,4,-68.7246,-68.7447,0.140869474,0.126739827,-68.9542666666667,-68.80242000000001,0.0,2571,-0.6689000000000078,0,1,0
26444325149,702884525,14989130,1700843385,1700843385,2023-11-24,0.129612007,-69.6031,9.2351,-79.9679,3.424,0.0076,0.0004,0.0004,80830,3,33,1,2023-11-24,0,24,11,4,-69.3935,-68.7246,0.130131483,0.140869474,-69.24040000000002,-69.00932,0.0,2572,-0.20959999999999468,0,1,0
26444325150,702884525,14989130,1700843416,1700843416,2023-11-24,0.142965271,-68.3912,7.2239,-79.7998,3.4355,0.0206,0.0003,0.0002,80830,3,33,1,2023-11-24,0,24,11,4,-69.6031,-69.3935,0.129612007,0.130131483,-69.1292666666667,-68.97142,0.0,2573,1.2119,0,1,0
26444325151,702884525,14989130,1700843448,1700843448,2023-11-24,0.13730333,-68.5667,9.838,-79.4795,3.4462,0.0111,0.0004,0.0001,80830,3,33,1,2023-11-24,0,24,11,4,-68.4016,-68.7404,0.115884876,0.123403734,-68.56956666666669,-68.52328,0.0,2574,-0.17549999999999955,1,1,0
26444325153,702884526,14989130,1700843575,1700843575,2023-11-24,0.115884876,-68.4016,8.9066,-77.3673,3.455,0.012,0.0004,0.0,80830,3,5,1,2023-11-24,0,24,11,4,-68.7404,-68.4964,0.123403734,0.099505293,-68.54613333333337,-68.42568,0.0,2575,0.16509999999999536,0,1,0
26444325191,702884532,14989130,1700845825,1700845825,2023-11-24,0.11033721,-70.8781,3.4548,-79.6685,3.1675,0.0167,0.0003,0.0002,80830,3,39,1,2023-11-24,0,24,11,4,-69.9915,-70.6282,0.103646425,0.109545243,-70.4992666666667,-70.46312,0.0,2576,-2.4765000000000015,0,1,0
26444325154,702884526,14989130,1700843607,1700843607,2023-11-24,0.099505293,-68.4964,12.4334,-76.0653,3.4737,0.0057,0.0004,0.0004,80830,3,5,1,2023-11-24,0,24,11,4,-68.4113,-68.0787,0.120381157,0.130912062,-68.32880000000002,-68.25483999999999,0.0,2577,2.3817000000000093,1,1,0
26444325155,702884526,14989130,1700843670,1700843670,2023-11-24,0.100065796,-70.4401,14.0761,-78.2725,3.3512,0.0346,0.0003,0.0005,80830,3,5,1,2023-11-24,0,24,11,4,-70.6679,-70.6648,0.111912191,0.116456966,-70.59093333333337,-70.15853999999999,0.0,2578,-1.9437000000000069,1,1,0
26444325160,702884528,14989130,1700844019,1700844019,2023-11-24,0.103092388,-70.0962,17.8707,-78.1532,3.1677,0.0167,0.0002,0.0,80830,3,2,0,2023-11-24,0,24,11,4,-70.9737,-70.2237,0.111485983,0.115840008,-70.43120000000003,-69.57802,0.0,2579,0.343900000000005,1,1,0
26444325161,702884528,14989130,1700844050,1700844050,2023-11-24,0.109928971,-70.5748,7.8809,-79.2912,3.169,0.0158,0.0003,0.0004,80830,3,2,0,2023-11-24,0,24,11,4,-70.0962,-70.9737,0.103092388,0.111485983,-70.54823333333336,-70.03437999999998,0.0,2580,-0.47860000000000014,0,1,0
26444325162,702884529,14989130,1700844589,1700844589,2023-11-24,0.096925504,-69.8492,8.2562,-77.346,3.2043,0.0153,0.0003,0.0,80830,3,4,1,2023-11-24,0,24,11,4,-70.5748,-70.0962,0.109928971,0.103092388,-70.17340000000003,-70.34351999999998,0.0,2581,0.7256,0,1,0
26444325163,702884529,14989130,1700844621,1700844621,2023-11-24,0.11023802,-70.091,4.9607,-78.775,3.2033,0.0061,0.0003,0.0001,80830,3,4,1,2023-11-24,0,24,11,4,-69.8492,-70.5748,0.096925504,0.109928971,-70.1716666666667,-70.31697999999999,0.0,2582,-0.2417999999999978,0,1,0
26444325164,702884529,14989130,1700844684,1700844684,2023-11-24,0.113321746,-69.9379,11.8693,-78.8763,3.2123,0.0255,0.0003,0.0006,80830,3,4,1,2023-11-24,0,24,11,4,-70.091,-69.8492,0.11023802,0.096925504,-69.9593666666667,-70.10981999999998,0.0,2583,0.1530999999999949,0,1,0
26444325175,702884532,14989130,1700845286,1700845286,2023-11-24,0.105510746,-70.7541,6.0395,-79.1,3.1797,0.0067,0.0003,0.0005,80830,3,39,1,2023-11-24,0,24,11,4,-70.2155,-70.9169,0.097803727,0.106039539,-70.62883333333336,-70.67282,0.0,2584,-0.8161999999999949,0,1,0
26444325166,702884530,14989130,1700844811,1700844811,2023-11-24,0.104110231,-70.3441,16.8937,-78.5187,3.1932,0.0065,0.0003,0.0,80830,3,2,0,2023-11-24,0,24,11,4,-69.9334,-69.9379,0.100514224,0.113321746,-70.07180000000002,-70.03112000000002,0.0,2585,0.4099999999999966,1,1,0
26444325165,702884529,14989130,1700844716,1700844716,2023-11-24,0.100514224,-69.9334,8.1913,-77.7482,3.2215,0.0321,0.0002,0.0004,80830,3,4,1,2023-11-24,0,24,11,4,-69.9379,-70.091,0.113321746,0.11023802,-69.98743333333336,-70.07726,0.0,2586,0.4106999999999914,0,1,0
26444325168,702884531,14989130,1700844969,1700844969,2023-11-24,0.098518338,-70.4983,7.6381,-78.2027,3.196,0.0219,0.0003,0.0,80830,3,3,0,2023-11-24,0,24,11,4,-70.2181,-70.3441,0.098968572,0.104110231,-70.35350000000004,-70.18636000000001,0.0,2587,-0.5648999999999944,0,1,0
26444325169,702884531,14989130,1700845033,1700845033,2023-11-24,0.112497645,-70.6727,5.3697,-79.631,3.2298,0.0324,0.0002,0.0008,80830,3,3,0,2023-11-24,0,24,11,4,-70.4983,-70.2181,0.098518338,0.098968572,-70.46303333333337,-70.33332,0.0,2588,-0.17440000000000566,0,1,0
26444325170,702884531,14989130,1700845065,1700845065,2023-11-24,0.105180374,-68.6094,12.6259,-76.674,3.2298,0.0571,0.0002,0.0004,80830,3,3,0,2023-11-24,0,24,11,4,-70.6727,-70.4983,0.112497645,0.098518338,-69.92680000000003,-70.06852,0.0,2589,2.0633000000000123,1,1,0
26444325171,702884532,14989130,1700845160,1700845160,2023-11-24,0.113199374,-70.6256,9.4945,-79.6409,3.2132,0.0494,0.0006,0.0,80830,3,39,1,2023-11-24,0,24,11,4,-68.6094,-70.6727,0.105180374,0.112497645,-69.96923333333336,-70.12482000000001,0.0,2590,-2.016200000000012,0,1,0
26444325172,702884532,14989130,1700845191,1700845191,2023-11-24,0.111385359,-70.852,7.8372,-79.7331,3.2008,0.0262,0.0004,0.0004,80830,3,39,1,2023-11-24,0,24,11,4,-70.6256,-68.6094,0.113199374,0.105180374,-70.02900000000004,-70.2516,0.0,2591,-0.22639999999999816,0,1,0
26444325173,702884532,14989130,1700845223,1700845223,2023-11-24,0.106039539,-70.9169,5.9435,-79.3289,3.194,0.0222,0.0003,0.0002,80830,3,39,1,2023-11-24,0,24,11,4,-70.852,-70.6256,0.111385359,0.113199374,-70.7981666666667,-70.33532,0.0,2592,-0.0648999999999944,0,1,0
26444325022,702884516,14989130,1700837648,1700837648,2023-11-24,0.097803727,-70.2155,7.5577,-77.8273,3.3072,0.043,0.0006,0.0005,80830,3,36,1,2023-11-24,0,24,11,4,-70.9169,-70.852,0.106039539,0.111385359,-70.6614666666667,-70.24388,0.0,2593,0.7013999999999925,0,1,0
26444325159,702884527,14989130,1700843892,1700843892,2023-11-24,0.098968572,-70.2181,7.459,-77.9308,3.1888,0.0269,0.0003,0.0007,80830,3,2,0,2023-11-24,0,24,11,4,-70.3441,-69.9334,0.104110231,0.100514224,-70.16520000000003,-70.10490000000001,0.0,2594,-0.002600000000001046,0,1,0
26444324798,702884490,14989130,1700818313,1700818313,2023-11-24,0.138987247,-67.8181,32.7652,-78.7655,4.1052,0.0311,0.0005,0.0004,80830,3,28,1,2023-11-24,0,24,11,4,-66.2715,-67.2583,0.152103572,0.161908097,-67.1159666666667,-68.44402000000001,0.0,2595,2.4000000000000057,1,1,0
26444325174,702884532,14989130,1700845255,1700845255,2023-11-24,0.111485983,-70.9737,4.8184,-79.8791,3.1895,0.0092,0.0004,0.0004,80830,3,39,1,2023-11-24,0,24,11,4,-70.2237,-68.3035,0.115840008,0.112327104,-69.83363333333337,-68.76061999999999,0.0,2596,-3.1555999999999926,0,1,0
26444325133,702884525,14989130,1700842878,1700842878,2023-11-24,0.112327104,-68.3035,13.0039,-76.9467,3.5055,0.0077,0.0002,0.0002,80830,3,33,1,2023-11-24,0,24,11,4,-68.293,-66.0092,0.126481329,0.172705078,-67.53523333333337,-67.93632,0.0,2597,2.670199999999994,0,1,0
26444325189,702884532,14989130,1700845762,1700845762,2023-11-24,0.115840008,-70.2237,8.4795,-79.4242,3.1757,0.0123,0.0003,0.0004,80830,3,39,1,2023-11-24,0,24,11,4,-68.3035,-68.293,0.112327104,0.126481329,-68.94006666666671,-68.30282000000001,0.0,2598,-1.9201999999999941,0,1,0
26444325176,702884532,14989130,1700845318,1700845318,2023-11-24,0.116456966,-70.6648,17.9462,-79.9789,3.1835,0.0079,0.0004,0.0004,80830,3,39,1,2023-11-24,0,24,11,4,-68.2658,-70.7541,0.106444025,0.105510746,-69.89490000000002,-70.16342,0.0,2599,-0.4411000000000058,1,1,0
26444325156,702884526,14989130,1700843702,1700843702,2023-11-24,0.105524193,-70.4626,8.9227,-78.7753,3.26,0.0225,0.0003,0.0002,80830,3,5,1,2023-11-24,0,24,11,4,-70.4401,-70.6679,0.100065796,0.111912191,-70.52353333333336,-70.10024,0.0,2600,0.20220000000000482,0,1,0
26444325138,702884525,14989130,1700843036,1700843036,2023-11-24,0.120245238,-68.5614,9.2704,-77.9324,3.5088,0.006,0.0003,0.0002,80830,3,33,1,2023-11-24,0,24,11,4,-70.4626,-70.4401,0.105524193,0.100065796,-69.82136666666669,-70.15935999999999,0.0,2601,1.9011999999999887,0,1,0
26444325158,702884527,14989130,1700843860,1700843860,2023-11-24,0.099976264,-70.1474,11.4371,-77.9395,3.1932,0.0201,0.0003,0.0,80830,3,2,0,2023-11-24,0,24,11,4,-68.5614,-70.4626,0.120245238,0.105524193,-69.72380000000003,-70.05588,0.0,2602,-1.5859999999999985,0,1,0
26444325177,702884532,14989130,1700845350,1700845350,2023-11-24,0.115152381,-70.605,9.3063,-79.7934,3.1867,0.0102,0.0002,0.0004,80830,3,39,1,2023-11-24,0,24,11,4,-70.1474,-68.5614,0.099976264,0.120245238,-69.7712666666667,-70.0433,0.0,2603,-0.45759999999999934,0,1,0
26444325178,702884532,14989130,1700845382,1700845382,2023-11-24,0.11694971,-70.5551,11.0588,-79.8993,3.1837,0.0196,0.0002,0.0004,80830,3,39,1,2023-11-24,0,24,11,4,-70.605,-70.1474,0.115152381,0.099976264,-70.43583333333336,-70.0663,0.0,2604,0.04990000000000805,0,1,0
26444325179,702884532,14989130,1700845413,1700845413,2023-11-24,0.112293666,-71.0466,8.3262,-80.0339,3.172,0.0189,0.0003,0.0004,80830,3,39,1,2023-11-24,0,24,11,4,-70.5551,-70.605,0.11694971,0.115152381,-70.73556666666668,-70.1831,0.0,2605,-0.49150000000000205,0,1,0
26444325190,702884532,14989130,1700845794,1700845794,2023-11-24,0.111912191,-70.6679,9.9894,-79.5731,3.1763,0.0087,0.0003,0.0001,80830,3,39,1,2023-11-24,0,24,11,4,-70.6648,-68.2658,0.116456966,0.106444025,-69.8661666666667,-70.11362,0.0,2606,0.37869999999999493,0,1,0
26444325180,702884532,14989130,1700845445,1700845445,2023-11-24,0.118847702,-70.8257,5.0657,-80.3785,3.18,0.0226,0.0003,0.0005,80830,3,39,1,2023-11-24,0,24,11,4,-71.0466,-70.5551,0.112293666,0.11694971,-70.80913333333335,-70.63596,0.0,2607,-0.1577999999999946,0,1,0
26444325182,702884532,14989130,1700845508,1700845508,2023-11-24,0.108029571,-70.6916,8.102,-79.2533,3.1825,0.0198,0.0003,0.0002,80830,3,39,1,2023-11-24,0,24,11,4,-70.5359,-70.8257,0.109089233,0.118847702,-70.68440000000002,-70.73098,0.0,2608,0.13410000000000366,0,1,0
26444325183,702884532,14989130,1700845540,1700845540,2023-11-24,0.106867255,-71.0747,7.7895,-79.5791,3.1778,0.0117,0.0002,0.0001,80830,3,39,1,2023-11-24,0,24,11,4,-70.6916,-70.5359,0.108029571,0.109089233,-70.76740000000002,-70.83489999999999,0.0,2609,-0.3831000000000131,0,1,0
26444325184,702884532,14989130,1700845572,1700845572,2023-11-24,0.110379613,-70.3212,12.7463,-79.0463,3.1867,0.005,0.0003,0.0004,80830,3,39,1,2023-11-24,0,24,11,4,-71.0747,-70.6916,0.106867255,0.108029571,-70.69583333333337,-70.68982000000001,0.0,2610,0.7535000000000025,1,1,0
26444325185,702884532,14989130,1700845635,1700845635,2023-11-24,0.104250348,-70.6931,9.6755,-78.9206,3.17,0.0148,0.0004,0.0008,80830,3,39,1,2023-11-24,0,24,11,4,-70.3212,-71.0747,0.110379613,0.106867255,-70.69633333333337,-70.6633,0.0,2611,-0.37189999999999657,0,1,0
26444325186,702884532,14989130,1700845667,1700845667,2023-11-24,0.112491996,-70.4124,5.6777,-79.3372,3.1843,0.01,0.0003,0.0002,80830,3,39,1,2023-11-24,0,24,11,4,-70.6931,-70.3212,0.104250348,0.110379613,-70.4755666666667,-70.6386,0.0,2612,0.28069999999999595,0,1,0
26444325187,702884532,14989130,1700845698,1700845698,2023-11-24,0.111375042,-70.4054,8.7234,-79.2296,3.1812,0.0189,0.0001,0.0002,80830,3,39,1,2023-11-24,0,24,11,4,-70.4124,-70.6931,0.112491996,0.104250348,-70.50363333333337,-70.58136,0.0,2613,0.007000000000005002,0,1,0
26444325188,702884532,14989130,1700845730,1700845730,2023-11-24,0.109545243,-70.6282,6.4787,-79.317,3.1715,0.0105,0.0003,0.0007,80830,3,39,1,2023-11-24,0,24,11,4,-70.4054,-70.4124,0.111375042,0.112491996,-70.48200000000003,-70.49206000000001,0.0,2614,-0.22280000000000655,0,1,0
26444325181,702884532,14989130,1700845477,1700845477,2023-11-24,0.109089233,-70.5359,11.3796,-79.1728,3.1695,0.0073,0.0003,0.0004,80830,3,39,1,2023-11-24,0,24,11,4,-70.8257,-71.0466,0.118847702,0.112293666,-70.80273333333336,-70.71365999999999,0.0,2615,0.09230000000000871,1,1,0
26444325132,702884525,14989130,1700842846,1700842846,2023-11-24,0.106444025,-68.2658,3.2395,-76.3979,3.5072,0.007,0.0005,0.0004,80830,3,33,1,2023-11-24,0,24,11,4,-70.7541,-70.2155,0.105510746,0.097803727,-69.74513333333336,-70.20086,0.0,2616,2.2700999999999993,0,1,0
26444325157,702884526,14989130,1700843765,1700843765,2023-11-24,0.103646425,-69.9915,6.0879,-78.0847,3.2185,0.0142,0.0008,0.0011,80830,3,5,1,2023-11-24,0,24,11,4,-70.6282,-70.4054,0.109545243,0.111375042,-70.34170000000003,-70.42612,0.0,2617,-1.7257000000000033,0,1,0
26444324890,702884500,14989130,1700823543,1700823543,2023-11-24,0.129857722,-70.1299,20.2943,-80.5959,3.886,0.003,0.0004,0.0001,80830,3,29,1,2023-11-24,0,24,11,4,-69.699,-61.3697,0.133845743,0.23153201,-67.06620000000004,-66.33654,0.0,2618,-0.1384000000000043,1,1,0
26444324824,702884490,14989130,1700819106,1700819106,2023-11-24,0.124153335,-69.917,1.7126,-79.8279,4.329,0.0048,0.0005,0.0004,80830,3,28,1,2023-11-24,0,24,11,4,-65.5941,-70.8781,0.180209016,0.11033721,-68.79640000000002,-69.40178,0.0,2619,0.21290000000000475,0,1,0
26444324834,702884492,14989130,1700819486,1700819486,2023-11-24,0.151748249,-67.1348,12.6432,-79.1449,4.2375,0.0055,0.0003,0.0003,80830,3,15,1,2023-11-24,0,24,11,4,-65.621,-65.6971,0.171487588,0.167836012,-66.15096666666669,-66.11456000000001,0.0,2620,2.782200000000003,1,1,0
26444324886,702884500,14989130,1700823416,1700823416,2023-11-24,0.128845075,-69.9006,31.2059,-80.239,3.8763,0.0036,0.0005,0.0004,80830,3,29,1,2023-11-24,0,24,11,4,-68.0145,-69.917,0.142296692,0.124153335,-69.2773666666667,-68.86085999999999,0.0,2621,-2.7657999999999987,1,1,0
26444324885,702884500,14989130,1700823385,1700823385,2023-11-24,0.1307683,-69.6777,23.3809,-80.1601,3.8775,0.0054,0.0002,0.0001,80830,3,29,1,2023-11-24,0,24,11,4,-69.9006,-68.0145,0.128845075,0.142296692,-69.19760000000002,-68.62078,0.0,2622,0.22289999999999566,1,1,0
26444324884,702884500,14989130,1700823353,1700823353,2023-11-24,0.13155896,-69.291,9.2631,-79.7878,3.88,0.0129,0.0003,0.0004,80830,3,29,1,2023-11-24,0,24,11,4,-69.6777,-69.9006,0.1307683,0.128845075,-69.62310000000002,-69.36016,0.0,2623,0.3867000000000047,0,1,0
26444324883,702884500,14989130,1700823321,1700823321,2023-11-24,0.134167329,-69.3293,32.3966,-80.0724,3.8832,0.0044,0.0003,0.0005,80830,3,29,1,2023-11-24,0,24,11,4,-69.291,-69.6777,0.13155896,0.1307683,-69.43266666666669,-69.24262,0.0,2624,-0.03830000000000666,1,1,0
26444324882,702884500,14989130,1700823289,1700823289,2023-11-24,0.12340147,-69.644,15.7553,-79.448,3.8878,0.0052,0.0003,0.0002,80830,3,29,1,2023-11-24,0,24,11,4,-69.3293,-69.291,0.134167329,0.13155896,-69.42143333333337,-69.56852,0.0,2625,-0.314700000000002,0,1,0
26444324881,702884500,14989130,1700823258,1700823258,2023-11-24,0.135882908,-69.3759,19.1235,-80.2853,3.898,0.0016,0.0004,0.0004,80830,3,29,1,2023-11-24,0,24,11,4,-69.644,-69.3293,0.12340147,0.134167329,-69.44973333333337,-69.46358000000001,0.0,2626,0.268100000000004,0,1,0
26444324880,702884500,14989130,1700823226,1700823226,2023-11-24,0.146530069,-68.1203,16.631,-79.8157,3.9158,0.0072,0.0002,0.0004,80830,3,29,1,2023-11-24,0,24,11,4,-69.3759,-69.644,0.135882908,0.12340147,-69.04673333333336,-69.15209999999999,0.0,2627,1.2556000000000012,0,1,0
26444324879,702884500,14989130,1700823194,1700823194,2023-11-24,0.127103058,-70.0052,46.3339,-80.1987,3.907,0.0084,0.0003,0.0002,80830,3,29,1,2023-11-24,0,24,11,4,-68.1203,-69.3759,0.146530069,0.135882908,-69.16713333333337,-69.29494,0.0,2628,-1.8849000000000018,1,1,0
26444324878,702884500,14989130,1700823163,1700823163,2023-11-24,0.169926063,-66.7323,5.626,-80.3932,3.8937,0.0037,0.0006,0.0,80830,3,29,1,2023-11-24,0,24,11,4,-70.0052,-68.1203,0.127103058,0.146530069,-68.28593333333338,-68.77554,0.0,2629,3.272900000000007,0,1,1
26444324877,702884499,14989130,1700823068,1700823068,2023-11-24,0.13359262,-69.9935,51.8069,-80.7859,3.9102,0.0068,0.0003,0.0004,80830,3,10,1,2023-11-24,0,24,11,4,-66.7323,-70.0052,0.169926063,0.127103058,-68.91033333333336,-68.84544000000001,0.0,2630,-3.2612000000000023,1,1,0
26444324876,702884499,14989130,1700823036,1700823036,2023-11-24,0.113393084,-70.3535,26.0782,-79.3514,3.9182,0.009,0.0003,0.0002,80830,3,10,1,2023-11-24,0,24,11,4,-69.9935,-66.7323,0.13359262,0.169926063,-69.02643333333336,-69.04096,0.0,2631,-0.35999999999999943,0,1,0
26444324875,702884499,14989130,1700823004,1700823004,2023-11-24,0.128338521,-69.3167,26.8856,-79.5225,3.9162,0.0127,0.0004,0.0004,80830,3,10,1,2023-11-24,0,24,11,4,-70.3535,-69.9935,0.113393084,0.13359262,-69.88790000000003,-69.28023999999999,0.0,2632,1.0367999999999995,0,1,0
26444324873,702884499,14989130,1700822941,1700822941,2023-11-24,0.144182662,-68.9182,14.8143,-80.5291,3.8853,0.005,0.0003,0.0006,80830,3,10,1,2023-11-24,0,24,11,4,-69.3167,-70.3535,0.128338521,0.113393084,-69.52946666666669,-69.06284,0.0,2633,0.3984999999999985,0,1,0
26444324788,702884488,14989130,1700815936,1700815936,2023-11-24,0.168091699,-66.4733,7.5191,-79.9046,4.238,0.0092,0.0004,0.0005,80830,3,14,1,2023-11-24,0,24,11,4,-68.9182,-69.3167,0.144182662,0.128338521,-68.2360666666667,-69.01104000000001,0.0,2634,2.444900000000004,0,1,1
26444324846,702884494,14989130,1700820754,1700820754,2023-11-24,0.222092204,-62.3567,8.0716,-80.1595,4.1052,0.0208,0.0003,0.0004,80830,3,6,1,2023-11-24,0,24,11,4,-66.4733,-68.9182,0.168091699,0.144182662,-65.9160666666667,-67.48367999999999,0.0,2635,4.116599999999998,0,1,1
26444324844,702884494,14989130,1700820690,1700820690,2023-11-24,0.158543035,-66.3456,11.5504,-78.8461,4.127,0.0343,0.0002,0.0001,80830,3,6,1,2023-11-24,0,24,11,4,-62.3567,-66.4733,0.222092204,0.168091699,-65.05853333333336,-66.68209999999999,0.0,2636,-3.988900000000008,0,1,1
26444324812,702884490,14989130,1700818757,1700818757,2023-11-24,0.22995303,-60.9543,2.1432,-79.1566,4.2702,0.0039,0.0003,0.0004,80830,3,28,1,2023-11-24,0,24,11,4,-66.3456,-62.3567,0.158543035,0.222092204,-63.21886666666669,-65.00962,0.0,2637,5.391300000000001,0,1,1
26444324887,702884500,14989130,1700823448,1700823448,2023-11-24,0.133876453,-69.5298,18.7928,-80.277,3.885,0.0099,0.0002,0.0003,80830,3,29,1,2023-11-24,0,24,11,4,-60.9543,-66.3456,0.22995303,0.158543035,-65.60990000000002,-65.13194,0.0,2638,-8.575499999999991,1,1,0
26444324811,702884490,14989130,1700818725,1700818725,2023-11-24,0.23153201,-61.3697,1.3695,-79.8598,4.2888,0.0016,0.0006,0.0004,80830,3,28,1,2023-11-24,0,24,11,4,-69.5298,-60.9543,0.133876453,0.22995303,-63.9512666666667,-64.11121999999999,0.0,2639,8.160099999999993,0,1,1
26444324888,702884500,14989130,1700823480,1700823480,2023-11-24,0.133845743,-69.699,19.5355,-80.4695,3.88,0.0055,0.0001,0.0004,80830,3,29,1,2023-11-24,0,24,11,4,-61.3697,-69.5298,0.23153201,0.133876453,-66.8661666666667,-65.57968,0.0,2640,-8.329299999999996,1,1,0
26444324856,702884496,14989130,1700821895,1700821895,2023-11-24,0.117171108,-70.5179,15.5745,-79.8772,3.9288,0.0088,0.0006,0.0004,80830,3,9,1,2023-11-24,0,24,11,4,-62.7734,-56.6711,0.218217278,0.282074507,-63.32080000000003,-62.11414,0.0,2641,-0.8188999999999993,1,1,0
26444324853,702884495,14989130,1700821483,1700821483,2023-11-24,0.122880505,-70.3363,13.6322,-80.1901,4.1723,0.0195,0.0004,0.0004,80830,3,5,1,2023-11-24,0,24,11,4,-70.1299,-69.699,0.129857722,0.133845743,-70.05506666666669,-68.21294,0.0,2642,0.1816000000000031,0,1,0
26444324852,702884495,14989130,1700821451,1700821451,2023-11-24,0.143497763,-68.9504,6.587,-80.5023,4.264,0.0062,0.0003,0.0004,80830,3,5,1,2023-11-24,0,24,11,4,-70.3363,-70.1299,0.122880505,0.129857722,-69.80553333333336,-68.09706,0.0,2643,1.3858999999999924,0,1,0
26444324851,702884495,14989130,1700821419,1700821419,2023-11-24,0.116314901,-70.6037,31.9601,-79.8969,4.286,0.0118,0.0006,0.0005,80830,3,5,1,2023-11-24,0,24,11,4,-68.9504,-70.3363,0.143497763,0.122880505,-69.96346666666669,-69.94386,0.0,2644,-1.6533000000000015,1,1,0
26444324850,702884495,14989130,1700821388,1700821388,2023-11-24,0.149809139,-68.4657,64.5622,-80.5298,4.1673,0.007,0.0003,0.0002,80830,3,5,1,2023-11-24,0,24,11,4,-70.6037,-68.9504,0.116314901,0.143497763,-69.33993333333336,-69.6972,0.0,2645,2.1380000000000052,1,1,0
26444324849,702884495,14989130,1700821356,1700821356,2023-11-24,0.144950298,-68.1608,14.9007,-79.7156,4.0258,0.0205,0.0004,0.0,80830,3,5,1,2023-11-24,0,24,11,4,-68.4657,-70.6037,0.149809139,0.116314901,-69.07673333333337,-69.30337999999999,0.0,2646,0.3049000000000035,0,1,0
26444324848,702884494,14989130,1700820849,1700820849,2023-11-24,0.188013283,-64.1381,7.7725,-78.9891,4.2245,0.0124,0.0003,0.0007,80830,3,6,1,2023-11-24,0,24,11,4,-68.1608,-68.4657,0.144950298,0.149809139,-66.92153333333336,-68.06374,0.0,2647,4.0227,0,1,1
26444324871,702884499,14989130,1700822846,1700822846,2023-11-24,0.137732787,-69.2761,28.5891,-80.3418,3.9202,0.0045,0.0003,0.0001,80830,3,10,1,2023-11-24,0,24,11,4,-64.1381,-68.1608,0.188013283,0.144950298,-67.19166666666668,-68.12888,0.0,2648,-5.138000000000005,0,1,0
26444324847,702884494,14989130,1700820785,1700820785,2023-11-24,0.223993536,-61.6548,23.5209,-79.4514,4.2337,0.0039,0.0002,0.0001,80830,3,6,1,2023-11-24,0,24,11,4,-69.2761,-64.1381,0.137732787,0.188013283,-65.02300000000002,-66.3391,0.0,2649,7.621299999999998,0,1,1
26444324872,702884499,14989130,1700822877,1700822877,2023-11-24,0.135934831,-68.7865,19.8057,-79.608,3.901,0.0061,0.0003,0.0002,80830,3,10,1,2023-11-24,0,24,11,4,-61.6548,-69.2761,0.223993536,0.137732787,-66.5724666666667,-66.40326,0.0,2650,-7.131700000000002,0,1,0
26444324874,702884499,14989130,1700822972,1700822972,2023-11-24,0.126832068,-70.138,19.2656,-80.3259,3.9022,0.0025,0.0003,0.0001,80830,3,10,1,2023-11-24,0,24,11,4,-68.7865,-61.6548,0.135934831,0.223993536,-66.85976666666669,-66.79870000000001,0.0,2651,-1.3515000000000015,0,1,0
26444324897,702884500,14989130,1700823765,1700823765,2023-11-24,0.126124244,-69.8696,24.6835,-79.9537,3.8965,0.0052,0.0003,0.0002,80830,3,29,1,2023-11-24,0,24,11,4,-70.138,-68.7865,0.126832068,0.135934831,-69.59803333333336,-67.94500000000001,0.0,2652,0.26839999999999975,0,1,0
26444324896,702884500,14989130,1700823733,1700823733,2023-11-24,0.123912477,-70.5487,17.2191,-80.527,3.899,0.0044,0.0006,0.0004,80830,3,29,1,2023-11-24,0,24,11,4,-69.8696,-70.138,0.126124244,0.126832068,-70.18543333333336,-68.19952,0.0,2653,-0.6790999999999912,0,1,0
26444324895,702884500,14989130,1700823701,1700823701,2023-11-24,0.127376608,-70.1344,18.9083,-80.3719,3.8923,0.0039,0.0002,0.0001,80830,3,29,1,2023-11-24,0,24,11,4,-70.5487,-69.8696,0.123912477,0.126124244,-70.18423333333335,-69.89544,0.0,2654,0.4142999999999972,0,1,0
26444324894,702884500,14989130,1700823670,1700823670,2023-11-24,0.114381864,-70.8181,29.6748,-79.9646,3.8948,0.0108,0.0003,0.0004,80830,3,29,1,2023-11-24,0,24,11,4,-70.1344,-70.5487,0.127376608,0.123912477,-70.50040000000003,-70.30176,0.0,2655,-0.6837000000000018,1,1,0
26444324893,702884500,14989130,1700823638,1700823638,2023-11-24,0.122083465,-70.0609,21.7047,-79.8036,3.8937,0.0072,0.0006,0.0002,80830,3,29,1,2023-11-24,0,24,11,4,-70.8181,-70.1344,0.114381864,0.127376608,-70.33780000000003,-70.28634000000001,0.0,2656,0.7571999999999974,0,1,0
26444324892,702884500,14989130,1700823606,1700823606,2023-11-24,0.129686313,-69.7472,4.164,-80.1403,3.892,0.002,0.0003,0.0002,80830,3,29,1,2023-11-24,0,24,11,4,-70.0609,-70.8181,0.122083465,0.114381864,-70.20873333333337,-70.26186,0.0,2657,0.3136999999999972,0,1,0
26444324891,702884500,14989130,1700823575,1700823575,2023-11-24,0.132179209,-69.734,14.9053,-80.3553,3.881,0.0053,0.0004,0.0001,80830,3,29,1,2023-11-24,0,24,11,4,-69.7472,-70.0609,0.129686313,0.122083465,-69.8473666666667,-70.09891999999999,0.0,2658,0.013200000000011869,0,1,0
26444324889,702884500,14989130,1700823511,1700823511,2023-11-24,0.12208165,-69.9197,24.0107,-79.6426,3.8835,0.009,0.0003,0.0004,80830,3,29,1,2023-11-24,0,24,11,4,-69.734,-69.7472,0.132179209,0.129686313,-69.80030000000004,-70.05598,0.0,2659,-0.1857000000000113,1,1,0
26444324810,702884490,14989130,1700818693,1700818693,2023-11-24,0.271307928,-58.3643,25.0981,-80.0946,4.2337,0.0092,0.0002,0.0001,80830,3,28,1,2023-11-24,0,24,11,4,-69.9197,-69.734,0.12208165,0.132179209,-66.00600000000003,-67.56522,0.0,2660,11.555400000000006,1,0,1
26444324809,702884490,14989130,1700818662,1700818662,2023-11-24,0.237674417,-60.8239,22.9759,-79.7873,4.238,0.0045,0.0003,0.0002,80830,3,28,1,2023-11-24,0,24,11,4,-58.3643,-69.9197,0.271307928,0.12208165,-63.035966666666695,-65.71782,0.0,2661,-2.459600000000002,1,1,1
26444324808,702884490,14989130,1700818630,1700818630,2023-11-24,0.197224082,-64.143,13.5316,-79.9015,4.1537,0.0358,0.0006,0.0004,80830,3,28,1,2023-11-24,0,24,11,4,-60.8239,-58.3643,0.237674417,0.271307928,-61.11040000000003,-64.59698,0.0,2662,-3.319099999999999,0,1,1
26444324842,702884493,14989130,1700820342,1700820342,2023-11-24,0.177229298,-65.9974,37.2084,-80.2136,4.2873,0.0032,0.0002,0.0004,80830,3,2,0,2023-11-24,0,24,11,4,-64.1831,-64.143,0.200338139,0.197224082,-64.77450000000003,-62.70234000000001,0.0,2663,-1.8543999999999983,1,1,1
26444324841,702884493,14989130,1700820310,1700820310,2023-11-24,0.131111425,-69.4149,36.138,-79.8893,4.2805,0.0106,0.0004,0.0,80830,3,2,0,2023-11-24,0,24,11,4,-65.9974,-64.1831,0.177229298,0.200338139,-66.53180000000002,-64.91246,0.0,2664,-3.417500000000004,1,1,0
26444324840,702884492,14989130,1700819708,1700819708,2023-11-24,0.134225121,-69.1426,44.4004,-79.8621,4.24,0.0053,0.0003,0.0004,80830,3,15,1,2023-11-24,0,24,11,4,-69.4149,-65.9974,0.131111425,0.177229298,-68.1849666666667,-66.5762,0.0,2665,0.2723000000000013,1,1,0
26444324839,702884492,14989130,1700819676,1700819676,2023-11-24,0.178837012,-65.9352,28.4147,-80.2949,4.2618,0.0023,0.0003,0.0002,80830,3,15,1,2023-11-24,0,24,11,4,-69.1426,-69.4149,0.134225121,0.131111425,-68.16423333333336,-66.93463999999999,0.0,2666,3.207400000000007,0,1,1
26444324838,702884492,14989130,1700819644,1700819644,2023-11-24,0.165409654,-66.4722,10.5554,-79.6465,3.9388,0.0039,0.0003,0.0003,80830,3,15,1,2023-11-24,0,24,11,4,-65.9352,-69.1426,0.178837012,0.134225121,-67.18333333333335,-67.39246,0.0,2667,-0.5370000000000061,0,1,1
26444324837,702884492,14989130,1700819613,1700819613,2023-11-24,0.176819994,-65.6477,17.897,-79.7489,3.953,0.0088,0.0002,0.0002,80830,3,15,1,2023-11-24,0,24,11,4,-66.4722,-65.9352,0.165409654,0.178837012,-66.0183666666667,-67.32252000000001,0.0,2668,0.8245000000000005,0,1,1
26444324836,702884492,14989130,1700819581,1700819581,2023-11-24,0.167836012,-65.6971,15.1273,-78.9473,3.9688,0.0048,0.0004,0.0004,80830,3,15,1,2023-11-24,0,24,11,4,-65.6477,-66.4722,0.176819994,0.165409654,-65.93900000000004,-66.57896,0.0,2669,-0.04940000000000566,0,1,1
26444324826,702884492,14989130,1700819201,1700819201,2023-11-24,0.142296692,-68.0145,7.8808,-79.2984,4.289,0.006,0.0003,0.0,80830,3,15,1,2023-11-24,0,24,11,4,-69.917,-65.5941,0.124153335,0.180209016,-67.84186666666669,-68.87904,0.0,2670,-2.317399999999992,0,1,0
26444324835,702884492,14989130,1700819549,1700819549,2023-11-24,0.171487588,-65.621,6.309,-79.2034,4.067,0.0197,0.0003,0.0005,80830,3,15,1,2023-11-24,0,24,11,4,-65.6971,-65.6477,0.167836012,0.176819994,-65.65526666666669,-65.87464,0.0,2671,2.393500000000003,0,1,1
26444324833,702884492,14989130,1700819454,1700819454,2023-11-24,0.146407018,-67.6784,10.185,-79.2865,4.267,0.006,0.0002,0.0005,80830,3,15,1,2023-11-24,0,24,11,4,-67.1348,-65.621,0.151748249,0.171487588,-66.81140000000003,-66.3558,0.0,2672,-2.0574000000000012,0,1,0
26444324832,702884492,14989130,1700819391,1700819391,2023-11-24,0.121617591,-69.4999,32.8709,-79.1226,4.2715,0.007,0.0003,0.0003,80830,3,15,1,2023-11-24,0,24,11,4,-67.6784,-67.1348,0.146407018,0.151748249,-68.10436666666669,-67.12624,0.0,2673,-1.8215000000000003,1,1,0
26444324831,702884492,14989130,1700819359,1700819359,2023-11-24,0.13328402,-68.4274,14.54,-78.9502,4.232,0.015,0.0005,0.0002,80830,3,15,1,2023-11-24,0,24,11,4,-69.4999,-67.6784,0.121617591,0.146407018,-68.53523333333335,-67.67229999999999,0.0,2674,1.072499999999991,0,1,0
26444324830,702884492,14989130,1700819327,1700819327,2023-11-24,0.201150503,-63.4912,4.8305,-79.4783,4.2812,0.0023,0.0004,0.0002,80830,3,15,1,2023-11-24,0,24,11,4,-68.4274,-69.4999,0.13328402,0.121617591,-67.13950000000003,-67.24634,0.0,2675,4.936200000000007,0,1,1
26444324829,702884492,14989130,1700819296,1700819296,2023-11-24,0.118655101,-69.8628,9.4545,-79.2684,4.278,0.0064,0.0003,0.0004,80830,3,15,1,2023-11-24,0,24,11,4,-63.4912,-68.4274,0.201150503,0.13328402,-67.26046666666669,-67.79194,0.0,2676,-6.371599999999994,0,1,0
26444324828,702884492,14989130,1700819264,1700819264,2023-11-24,0.1640234,-66.2631,13.3351,-79.2643,4.2358,0.0205,0.0003,0.0004,80830,3,15,1,2023-11-24,0,24,11,4,-69.8628,-63.4912,0.118655101,0.201150503,-66.53903333333335,-67.50887999999999,0.0,2677,3.5996999999999986,0,1,1
26444324827,702884492,14989130,1700819232,1700819232,2023-11-24,0.100642012,-71.8212,18.222,-79.8583,4.2257,0.0224,0.0002,0.0001,80830,3,15,1,2023-11-24,0,24,11,4,-66.2631,-69.8628,0.1640234,0.118655101,-69.31570000000004,-67.97314,0.0,2678,-5.55810000000001,1,1,0
26444324816,702884490,14989130,1700818915,1700818915,2023-11-24,0.193205818,-65.0168,45.112,-80.5866,4.1575,0.02,0.0003,0.0004,80830,3,28,1,2023-11-24,0,24,11,4,-71.8212,-66.2631,0.100642012,0.1640234,-67.7003666666667,-67.29102,0.0,2679,6.804400000000001,1,1,1
26444324843,702884494,14989130,1700820659,1700820659,2023-11-24,0.200338139,-64.1831,7.5911,-80.2628,4.2027,0.0068,0.0003,0.0,80830,3,6,1,2023-11-24,0,24,11,4,-64.143,-60.8239,0.197224082,0.237674417,-63.05000000000003,-63.486799999999995,0.0,2680,0.8337000000000074,0,1,1
26444324814,702884490,14989130,1700818852,1700818852,2023-11-24,0.195032702,-64.8732,40.7116,-80.5911,4.2285,0.0042,0.0003,0.0005,80830,3,28,1,2023-11-24,0,24,11,4,-65.0168,-71.8212,0.193205818,0.100642012,-67.23706666666669,-67.56742,0.0,2681,-0.690100000000001,1,1,1
26444324845,702884494,14989130,1700820722,1700820722,2023-11-24,0.156259496,-67.7473,11.7714,-80.294,4.2525,0.0071,0.0006,0.0004,80830,3,6,1,2023-11-24,0,24,11,4,-64.8732,-65.0168,0.195032702,0.193205818,-65.87910000000004,-67.14432,0.0,2682,-2.8740999999999985,0,1,0
26444324813,702884490,14989130,1700818789,1700818789,2023-11-24,0.136811527,-68.9073,5.5903,-79.8288,4.275,0.0086,0.0002,0.0001,80830,3,28,1,2023-11-24,0,24,11,4,-67.7473,-64.8732,0.156259496,0.195032702,-67.17593333333336,-67.67316000000001,0.0,2683,-1.1600000000000108,0,1,0
26444324806,702884490,14989130,1700818567,1700818567,2023-11-24,0.210726499,-62.9388,21.4356,-79.7427,4.235,0.0032,0.0003,0.0004,80830,3,28,1,2023-11-24,0,24,11,4,-63.1972,-68.9073,0.209737664,0.136811527,-65.01443333333337,-65.53276,0.0,2684,5.968500000000006,1,1,1
26444324805,702884490,14989130,1700818535,1700818535,2023-11-24,0.116946713,-70.4907,28.193,-79.8261,4.1235,0.0447,0.0003,0.0005,80830,3,28,1,2023-11-24,0,24,11,4,-62.9388,-63.1972,0.210726499,0.209737664,-65.54223333333336,-66.65626,0.0,2685,-7.551900000000003,1,1,0
26444324804,702884490,14989130,1700818503,1700818503,2023-11-24,0.227847847,-61.4237,10.6924,-79.5487,4.0235,0.0075,0.0003,0.0002,80830,3,28,1,2023-11-24,0,24,11,4,-70.4907,-62.9388,0.116946713,0.210726499,-64.95106666666669,-65.39154,0.0,2686,9.067000000000007,0,1,1
26444324803,702884490,14989130,1700818472,1700818472,2023-11-24,0.218864653,-61.6365,6.2107,-78.9063,3.9747,0.0023,0.0004,0.0004,80830,3,28,1,2023-11-24,0,24,11,4,-61.4237,-70.4907,0.227847847,0.116946713,-64.5169666666667,-63.93738,0.0,2687,-0.21280000000000143,0,1,1
26444324802,702884490,14989130,1700818440,1700818440,2023-11-24,0.222016088,-61.1833,9.2125,-78.6434,4.0423,0.0108,0.0003,0.0001,80830,3,28,1,2023-11-24,0,24,11,4,-61.6365,-61.4237,0.218864653,0.227847847,-61.41450000000003,-63.5346,0.0,2688,0.4531999999999954,0,1,1
26444324801,702884490,14989130,1700818408,1700818408,2023-11-24,0.198045572,-63.256,25.2811,-78.8773,4.011,0.0094,0.0003,0.0002,80830,3,28,1,2023-11-24,0,24,11,4,-61.1833,-61.6365,0.222016088,0.218864653,-62.0252666666667,-63.598040000000005,0.0,2689,-2.0726999999999975,1,1,1
26444324800,702884490,14989130,1700818377,1700818377,2023-11-24,0.129755041,-68.299,23.7288,-78.4825,4.0195,0.0149,0.0005,0.0003,80830,3,28,1,2023-11-24,0,24,11,4,-63.256,-61.1833,0.198045572,0.222016088,-64.24610000000003,-63.1597,0.0,2690,-5.043000000000006,1,1,0
26444324855,702884496,14989130,1700821863,1700821863,2023-11-24,0.128688741,-70.0712,11.4094,-80.4204,3.9518,0.0046,0.0002,0.0001,80830,3,9,1,2023-11-24,0,24,11,4,-68.299,-63.256,0.129755041,0.198045572,-67.20873333333337,-64.8892,0.0,2691,-1.772199999999998,0,1,0
26444324716,702884481,14989130,1700813749,1700813749,2023-11-24,0.112400635,-69.3516,16.6927,-78.1339,4.0447,0.0281,0.0002,0.0001,80830,3,23,1,2023-11-24,0,24,11,4,-67.0905,-65.1225,0.164258327,0.181178645,-67.18820000000004,-67.50262000000001,0.0,2692,0.7195999999999998,0,1,0
26444324799,702884490,14989130,1700818345,1700818345,2023-11-24,0.153883084,-66.7945,16.649,-78.9424,4.1745,0.0194,0.0002,0.0001,80830,3,28,1,2023-11-24,0,24,11,4,-70.0712,-68.299,0.128688741,0.129755041,-68.38823333333336,-65.9208,0.0,2693,2.5571000000000055,0,1,0
26444324796,702884490,14989130,1700818250,1700818250,2023-11-24,0.163118643,-66.3195,9.7592,-79.246,3.9733,0.0134,0.0002,0.0002,80830,3,28,1,2023-11-24,0,24,11,4,-68.6419,-66.7945,0.133164871,0.153883084,-67.2519666666667,-68.02522,0.0,2694,0.4749999999999943,0,1,1
26444324795,702884490,14989130,1700818218,1700818218,2023-11-24,0.173033057,-65.3657,33.9653,-79.0427,3.9358,0.0042,0.0004,0.0008,80830,3,28,1,2023-11-24,0,24,11,4,-66.3195,-68.6419,0.163118643,0.133164871,-66.77570000000004,-67.43856000000001,0.0,2695,0.9538000000000011,1,1,1
26444324794,702884490,14989130,1700818155,1700818155,2023-11-24,0.107109183,-70.2664,20.8275,-78.6954,3.8808,0.0105,0.0002,0.0,80830,3,28,1,2023-11-24,0,24,11,4,-65.3657,-66.3195,0.173033057,0.163118643,-67.31720000000004,-67.47760000000001,0.0,2696,-4.9007000000000005,0,1,0
26444324793,702884488,14989130,1700816158,1700816158,2023-11-24,0.125994284,-70.3114,8.9269,-80.4473,3.9653,0.0119,0.0003,0.0004,80830,3,14,1,2023-11-24,0,24,11,4,-70.2664,-65.3657,0.107109183,0.173033057,-68.64783333333337,-68.18098,0.0,2697,-0.045000000000001705,0,1,0
26444324792,702884488,14989130,1700816126,1700816126,2023-11-24,0.121560855,-70.5608,21.2922,-80.3252,3.9965,0.0074,0.0003,0.0003,80830,3,14,1,2023-11-24,0,24,11,4,-70.3114,-70.2664,0.125994284,0.107109183,-70.37953333333337,-68.56476,0.0,2698,-0.2493999999999943,1,1,0
26444324791,702884488,14989130,1700816063,1700816063,2023-11-24,0.161908097,-67.2583,17.7003,-80.2517,4.029,0.0066,0.0003,0.0005,80830,3,14,1,2023-11-24,0,24,11,4,-70.5608,-70.3114,0.121560855,0.125994284,-69.37683333333338,-68.75252,0.0,2699,3.302499999999995,0,1,1
26444324790,702884488,14989130,1700815999,1700815999,2023-11-24,0.152103572,-66.2715,33.1905,-78.1599,4.1063,0.0234,0.0003,0.0005,80830,3,14,1,2023-11-24,0,24,11,4,-67.2583,-70.5608,0.161908097,0.121560855,-68.03020000000004,-68.93368000000001,0.0,2700,0.9868000000000023,1,1,0
26444324807,702884490,14989130,1700818598,1700818598,2023-11-24,0.209737664,-63.1972,6.8761,-79.9699,4.1947,0.0032,0.0002,0.0001,80830,3,28,1,2023-11-24,0,24,11,4,-68.9073,-67.7473,0.136811527,0.156259496,-66.6172666666667,-65.94836000000001,0.0,2701,3.074300000000001,0,1,1
26444324797,702884490,14989130,1700818281,1700818281,2023-11-24,0.133164871,-68.6419,20.3468,-79.1868,3.972,0.0164,0.0004,0.0004,80830,3,28,1,2023-11-24,0,24,11,4,-66.7945,-70.0712,0.153883084,0.128688741,-68.50253333333337,-67.41252,0.0,2702,-5.4447000000000045,0,1,0
26444325130,702884525,14989130,1700842782,1700842782,2023-11-24,0.123403734,-68.7404,5.3306,-78.4174,3.5005,0.011,0.0002,0.0004,80830,3,33,1,2023-11-24,0,24,11,4,-68.4964,-68.4113,0.099505293,0.120381157,-68.54936666666669,-68.37116,0.0,2703,-0.09849999999998715,0,1,0
26444324989,702884512,14989130,1700834858,1700834858,2023-11-24,0.191158781,-64.2812,9.0833,-79.4732,4.0295,0.0103,0.0004,0.0,80830,3,4,1,2023-11-24,0,24,11,4,-70.1551,-70.2364,0.105785017,0.124053108,-68.22423333333337,-67.19059999999999,0.0,2704,4.459199999999996,0,1,1
26444325060,702884518,14989130,1700839328,1700839328,2023-11-24,0.123319291,-68.8595,5.7495,-78.5457,3.5165,0.0087,0.0007,0.0004,80830,3,39,1,2023-11-24,0,24,11,4,-69.8975,-70.1651,0.11285993,0.100398996,-69.64070000000002,-69.46266,0.0,2705,-4.578299999999999,0,1,0
26444324609,702884470,14989130,1700807093,1700807093,2023-11-24,0.127228307,-71.1967,15.1796,-81.5754,4.2512,0.0087,0.0002,0.0,80830,1,37,1,2023-11-24,0,24,11,4,-72.3499,-68.4786,0.119936893,0.161047193,-70.6750666666667,-69.85606,0.0,2706,-2.33720000000001,1,1,0
26444325214,702884533,14989130,1700846681,1700846681,2023-11-24,0.108364859,-71.1071,5.6922,-79.7491,3.179,0.0032,0.0003,0.0004,80830,3,5,1,2023-11-24,0,24,11,4,-70.5477,-70.4779,0.094333591,0.109825181,-70.71090000000004,-70.62858000000001,0.0,2707,0.08960000000000434,0,1,0
26444324611,702884470,14989130,1700807156,1700807156,2023-11-24,0.100086151,-73.3293,17.5975,-81.4848,4.2188,0.011,0.0003,0.0002,80830,1,37,1,2023-11-24,0,24,11,4,-69.0179,-69.052,0.153680046,0.125782405,-70.46640000000004,-70.52024,0.0,2708,-2.222200000000001,1,1,0
26444324612,702884470,14989130,1700807188,1700807188,2023-11-24,0.153217683,-69.6072,7.9884,-82.202,4.2732,0.005,0.0003,0.0004,80830,1,37,1,2023-11-24,0,24,11,4,-73.3293,-69.0179,0.100086151,0.153680046,-70.65146666666669,-70.37378,0.0,2709,3.7220999999999975,0,1,0
26444324613,702884470,14989130,1700807251,1700807251,2023-11-24,0.134412912,-70.7279,16.8497,-81.7109,4.092,0.0514,0.0003,0.0005,80830,1,37,1,2023-11-24,0,24,11,4,-69.6072,-73.3293,0.153217683,0.100086151,-71.2214666666667,-70.34686,0.0,2710,-1.1206999999999994,1,1,0
26444324614,702884470,14989130,1700807283,1700807283,2023-11-24,0.129374827,-71.0707,19.9452,-81.6318,3.9558,0.0063,0.0003,0.0004,80830,1,37,1,2023-11-24,0,24,11,4,-70.7279,-69.6072,0.134412912,0.153217683,-70.46860000000004,-70.7506,0.0,2711,-0.3427999999999969,1,1,0
26444324615,702884470,14989130,1700807315,1700807315,2023-11-24,0.14459166,-69.7269,24.2593,-81.513,3.905,0.0088,0.0004,0.0004,80830,1,37,1,2023-11-24,0,24,11,4,-71.0707,-70.7279,0.129374827,0.134412912,-70.50850000000004,-70.8924,0.0,2712,1.3438000000000017,1,1,0
26444324616,702884470,14989130,1700807346,1700807346,2023-11-24,0.153271486,-69.1375,27.7175,-81.6525,3.8848,0.0032,0.0003,0.0002,80830,1,37,1,2023-11-24,0,24,11,4,-69.7269,-71.0707,0.14459166,0.129374827,-69.9783666666667,-70.05404,0.0,2713,0.5893999999999977,1,1,0
26444324617,702884470,14989130,1700807378,1700807378,2023-11-24,0.148438978,-70.2078,58.3953,-82.446,3.8725,0.0055,0.0003,0.0004,80830,1,37,1,2023-11-24,0,24,11,4,-69.1375,-69.7269,0.153271486,0.14459166,-69.69073333333337,-70.17416,0.0,2714,-1.0703000000000031,1,1,0
26444324618,702884470,14989130,1700807410,1700807410,2023-11-24,0.153081838,-69.0074,11.707,-81.4806,3.8683,0.007,0.0004,0.0004,80830,1,37,1,2023-11-24,0,24,11,4,-70.2078,-69.1375,0.148438978,0.153271486,-69.45090000000005,-69.83006,0.0,2715,1.200400000000002,0,1,0
26444324619,702884470,14989130,1700807441,1700807441,2023-11-24,0.156077485,-69.0213,16.7355,-81.7863,3.881,0.0076,0.0003,0.0002,80830,1,37,1,2023-11-24,0,24,11,4,-69.0074,-70.2078,0.153081838,0.148438978,-69.41216666666669,-69.42018,0.0,2716,-0.013899999999992474,0,1,0
26444324620,702884470,14989130,1700807473,1700807473,2023-11-24,0.152690322,-69.0837,8.2957,-81.533,3.894,0.0041,0.0005,0.0004,80830,1,37,1,2023-11-24,0,24,11,4,-69.0213,-69.0074,0.156077485,0.153081838,-69.0374666666667,-69.29154,0.0,2717,-0.06239999999999668,0,1,0
26444324621,702884470,14989130,1700807505,1700807505,2023-11-24,0.160484306,-68.5818,26.86,-81.6921,3.8937,0.0048,0.0003,0.0001,80830,1,37,1,2023-11-24,0,24,11,4,-69.0837,-69.0213,0.152690322,0.156077485,-68.89560000000003,-69.1804,0.0,2718,0.501899999999992,1,1,1
26444324622,702884470,14989130,1700807537,1700807537,2023-11-24,0.148017327,-70.1186,52.5356,-82.3005,3.8988,0.0079,0.0006,0.0002,80830,1,37,1,2023-11-24,0,24,11,4,-68.5818,-69.0837,0.160484306,0.152690322,-69.26136666666669,-69.16256,0.0,2719,-1.5367999999999995,1,1,0
26444324623,702884470,14989130,1700807568,1700807568,2023-11-24,0.155813931,-68.8454,24.5428,-81.5524,3.906,0.0052,0.0002,0.0004,80830,1,37,1,2023-11-24,0,24,11,4,-70.1186,-68.5818,0.148017327,0.160484306,-69.18193333333336,-69.13016,0.0,2720,1.2732000000000028,0,1,0
26444324624,702884470,14989130,1700807600,1700807600,2023-11-24,0.16320457,-68.4097,16.1247,-81.752,3.9175,0.0085,0.0002,0.0002,80830,1,37,1,2023-11-24,0,24,11,4,-68.8454,-70.1186,0.155813931,0.148017327,-69.1245666666667,-69.00784,0.0,2721,0.4356999999999971,0,1,1
26444324645,702884470,14989130,1700808329,1700808329,2023-11-24,0.161047193,-68.4786,14.1596,-81.6239,3.8912,0.0036,0.0006,0.0004,80830,1,37,1,2023-11-24,0,24,11,4,-68.4097,-68.8454,0.16320457,0.155813931,-68.57790000000004,-68.88682,0.0,2722,-0.0688999999999993,0,1,1
26444325195,702884532,14989130,1700845952,1700845952,2023-11-24,0.10985251,-70.6073,10.4497,-79.3209,3.1898,0.0095,0.0003,0.0004,80830,3,39,1,2023-11-24,0,24,11,4,-73.8994,-71.1967,0.103496634,0.127228307,-71.90113333333336,-71.30638,0.0,2723,-2.128699999999995,0,1,0
26444324646,702884471,14989130,1700808836,1700808836,2023-11-24,0.119936893,-72.3499,49.1933,-82.2099,3.898,0.0096,0.0002,0.0,80830,1,10,1,2023-11-24,0,24,11,4,-68.4786,-68.4097,0.161047193,0.16320457,-69.7460666666667,-69.64044000000001,0.0,2724,-1.7426000000000101,1,1,0
26444324625,702884470,14989130,1700807632,1700807632,2023-11-24,0.115465135,-72.2075,29.3345,-81.6333,3.9238,0.0081,0.0006,0.0004,80830,1,37,1,2023-11-24,0,24,11,4,-68.9551,-67.9506,0.155371903,0.170640316,-69.70440000000002,-70.79024,0.0,2725,0.14240000000000919,1,1,0
26444324627,702884470,14989130,1700807758,1700807758,2023-11-24,0.155371903,-68.9551,18.2383,-81.6396,3.8925,0.0045,0.0003,0.0005,80830,1,37,1,2023-11-24,0,24,11,4,-67.9506,-72.592,0.170640316,0.112838375,-69.8325666666667,-70.07996,0.0,2726,3.2523999999999944,0,1,0
26444325192,702884532,14989130,1700845857,1700845857,2023-11-24,0.112534608,-70.615,15.3481,-79.5693,3.176,0.0096,0.0004,0.0007,80830,3,39,1,2023-11-24,0,24,11,4,-71.2681,-73.4644,0.128378891,0.099495718,-71.78250000000004,-71.42338,0.0,2727,-1.6598999999999933,0,1,0
26444324630,702884470,14989130,1700807853,1700807853,2023-11-24,0.174916433,-67.3604,10.1168,-81.6407,3.8998,0.002,0.0003,0.0002,80830,1,37,1,2023-11-24,0,24,11,4,-70.944,-70.6073,0.130623394,0.10985251,-69.63723333333336,-70.80156,0.0,2728,3.2545999999999964,0,1,1
26444324631,702884470,14989130,1700807885,1700807885,2023-11-24,0.169617608,-67.8586,15.7746,-81.7197,3.9078,0.0036,0.0006,0.0004,80830,1,37,1,2023-11-24,0,24,11,4,-67.3604,-70.944,0.174916433,0.130623394,-68.72100000000003,-70.13394000000001,0.0,2729,-0.4981999999999971,0,1,1
26444324632,702884470,14989130,1700807917,1700807917,2023-11-24,0.169211763,-67.9893,22.6249,-81.8371,3.9173,0.0046,0.0003,0.0004,80830,1,37,1,2023-11-24,0,24,11,4,-67.8586,-67.3604,0.169617608,0.174916433,-67.73610000000004,-68.95192,0.0,2730,-0.13070000000000448,1,1,1
26444324633,702884470,14989130,1700807949,1700807949,2023-11-24,0.179166422,-67.0273,6.9466,-81.6576,3.929,0.005,0.0003,0.0002,80830,1,37,1,2023-11-24,0,24,11,4,-67.9893,-67.8586,0.169211763,0.169617608,-67.62506666666668,-68.23592,0.0,2731,0.9620000000000033,0,1,1
26444324634,702884470,14989130,1700807980,1700807980,2023-11-24,0.165471966,-68.0596,23.8715,-81.5546,3.9552,0.0057,0.0005,0.0004,80830,1,37,1,2023-11-24,0,24,11,4,-67.0273,-67.9893,0.179166422,0.169211763,-67.6920666666667,-67.65903999999999,0.0,2732,-1.0323000000000064,1,1,1
26444324635,702884470,14989130,1700808012,1700808012,2023-11-24,0.162155533,-68.6544,5.8944,-81.9417,4.0228,0.0245,0.0002,0.0002,80830,1,37,1,2023-11-24,0,24,11,4,-68.0596,-67.0273,0.165471966,0.179166422,-67.91376666666669,-67.91784,0.0,2733,-0.5947999999999922,0,1,1
26444324628,702884470,14989130,1700807790,1700807790,2023-11-24,0.157651588,-69.323,46.6188,-82.2973,3.89,0.002,0.0003,0.0001,80830,1,37,1,2023-11-24,0,24,11,4,-68.6544,-68.0596,0.162155533,0.165471966,-68.67900000000003,-68.21072,0.0,2734,-0.6685999999999979,1,1,1
26444324636,702884470,14989130,1700808044,1700808044,2023-11-24,0.172095235,-67.5538,11.2187,-81.5961,4.0423,0.0045,0.0003,0.0002,80830,1,37,1,2023-11-24,0,24,11,4,-69.323,-68.6544,0.157651588,0.162155533,-68.51040000000003,-68.12362,0.0,2735,1.7691999999999979,0,1,1
26444324638,702884470,14989130,1700808107,1700808107,2023-11-24,0.181120832,-67.0617,12.9956,-81.8945,4.1593,0.0202,0.0004,0.0001,80830,1,37,1,2023-11-24,0,24,11,4,-67.5538,-69.323,0.172095235,0.157651588,-67.97950000000003,-68.1305,0.0,2736,0.49209999999999354,0,1,1
26444324639,702884470,14989130,1700808139,1700808139,2023-11-24,0.129260195,-71.1276,7.8073,-81.6864,4.044,0.0269,0.0003,0.0001,80830,1,37,1,2023-11-24,0,24,11,4,-67.0617,-67.5538,0.181120832,0.172095235,-68.58103333333337,-68.7441,0.0,2737,-4.065899999999999,0,1,0
26444324640,702884470,14989130,1700808170,1700808170,2023-11-24,0.128412762,-71.1997,18.8801,-81.6897,3.9388,0.0057,0.0003,0.0004,80830,1,37,1,2023-11-24,0,24,11,4,-71.1276,-67.0617,0.129260195,0.181120832,-69.79633333333338,-69.25316000000001,0.0,2738,-0.07210000000000605,0,1,0
26444324641,702884470,14989130,1700808202,1700808202,2023-11-24,0.156828709,-68.829,30.623,-81.6311,3.9232,0.0032,0.0002,0.0001,80830,1,37,1,2023-11-24,0,24,11,4,-71.1997,-71.1276,0.128412762,0.129260195,-70.38543333333337,-69.15436,0.0,2739,2.3707000000000136,1,1,0
26444324642,702884470,14989130,1700808234,1700808234,2023-11-24,0.160483245,-68.6561,7.3298,-81.7805,3.9043,0.0028,0.0006,0.0004,80830,1,37,1,2023-11-24,0,24,11,4,-68.829,-71.1997,0.156828709,0.128412762,-69.56160000000004,-69.37482,0.0,2740,0.1728999999999985,0,1,1
26444324643,702884470,14989130,1700808266,1700808266,2023-11-24,0.11616174,-72.246,33.5966,-81.7412,3.8982,0.0119,0.0003,0.0004,80830,1,37,1,2023-11-24,0,24,11,4,-68.6561,-68.829,0.160483245,0.156828709,-69.91036666666669,-70.41168,0.0,2741,-3.5899,1,1,0
26444324644,702884470,14989130,1700808297,1700808297,2023-11-24,0.112838375,-72.592,34.7137,-81.825,3.895,0.0056,0.0002,0.0001,80830,1,37,1,2023-11-24,0,24,11,4,-72.246,-68.6561,0.11616174,0.160483245,-71.16470000000002,-70.70455999999999,0.0,2742,-0.34600000000000364,1,1,0
26444324637,702884470,14989130,1700808075,1700808075,2023-11-24,0.170640316,-67.9506,13.2833,-81.9314,4.1072,0.0236,0.0003,0.0004,80830,1,37,1,2023-11-24,0,24,11,4,-72.592,-72.246,0.112838375,0.11616174,-70.92953333333337,-70.05474,0.0,2743,4.641400000000004,0,1,1
26444324626,702884470,14989130,1700807695,1700807695,2023-11-24,0.130623394,-70.944,30.1602,-81.6033,3.9065,0.002,0.0002,0.0005,80830,1,37,1,2023-11-24,0,24,11,4,-70.6073,-73.8994,0.10985251,0.103496634,-71.81690000000003,-71.79946,0.0,2744,-2.9934000000000083,1,1,0
26444324707,702884481,14989130,1700813432,1700813432,2023-11-24,0.191836698,-63.1835,9.0179,-78.1816,4.0488,0.0213,0.0004,0.0005,80830,3,23,1,2023-11-24,0,24,11,4,-70.7828,-74.1763,0.102250373,0.093408736,-69.3808666666667,-71.0097,0.0,2745,7.7605,0,1,1
26444324647,702884471,14989130,1700808868,1700808868,2023-11-24,0.103496634,-73.8994,41.427,-82.4307,3.9232,0.0048,0.0003,0.0004,80830,1,10,1,2023-11-24,0,24,11,4,-71.1967,-72.3499,0.127228307,0.119936893,-72.48200000000004,-70.86686,0.0,2746,-10.715899999999998,1,1,0
26444324648,702884471,14989130,1700808899,1700808899,2023-11-24,0.123266815,-71.5779,22.1474,-81.6416,3.9375,0.0072,0.0004,0.0004,80830,1,10,1,2023-11-24,0,24,11,4,-68.5747,-72.2075,0.163864906,0.115465135,-70.78670000000004,-69.85316,0.0,2747,2.3215000000000003,0,1,0
26444324652,702884471,14989130,1700809058,1700809058,2023-11-24,0.151849782,-69.0636,19.0186,-81.4285,3.951,0.0085,0.0006,0.0004,80830,1,10,1,2023-11-24,0,24,11,4,-73.382,-71.5779,0.110169594,0.123266815,-71.3411666666667,-70.96114,0.0,2748,2.5143000000000058,0,1,0
26444324653,702884471,14989130,1700809121,1700809121,2023-11-24,0.137423138,-70.3227,19.2424,-81.5263,4.0585,0.0133,0.0003,0.0005,80830,1,10,1,2023-11-24,0,24,11,4,-69.0636,-73.382,0.151849782,0.110169594,-70.9227666666667,-70.58417999999999,0.0,2749,-1.2591000000000037,0,1,0
26444324654,702884471,14989130,1700809153,1700809153,2023-11-24,0.106825316,-73.4136,42.8783,-82.194,4.1493,0.0517,0.0003,0.0004,80830,1,10,1,2023-11-24,0,24,11,4,-70.3227,-69.0636,0.137423138,0.151849782,-70.93330000000003,-71.55196,0.0,2750,-3.090900000000005,1,1,0
26444324655,702884471,14989130,1700809185,1700809185,2023-11-24,0.141924836,-70.4484,38.6881,-82.1005,4.1565,0.0185,0.0003,0.0002,80830,1,10,1,2023-11-24,0,24,11,4,-73.4136,-70.3227,0.106825316,0.137423138,-71.39490000000002,-71.32606,0.0,2751,2.965199999999996,1,1,0
26444324662,702884474,14989130,1700809533,1700809533,2023-11-24,0.157347212,-68.6971,10.1197,-81.5248,4.1893,0.0119,0.0002,0.0,80830,1,2,0,2023-11-24,0,24,11,4,-70.4484,-73.4136,0.141924836,0.106825316,-70.85303333333337,-70.38908,0.0,2752,1.7513000000000005,0,1,0
26444324663,702884474,14989130,1700809597,1700809597,2023-11-24,0.121093119,-72.3343,46.04,-82.3003,4.1627,0.0308,0.0003,0.0004,80830,1,2,0,2023-11-24,0,24,11,4,-68.6971,-70.4484,0.157347212,0.141924836,-70.49326666666671,-71.04321999999999,0.0,2753,-3.637199999999993,1,1,0
26444324680,702884477,14989130,1700810199,1700810199,2023-11-24,0.126305391,-71.4642,28.7294,-81.7954,3.9345,0.0085,0.0003,0.0,80830,1,2,0,2023-11-24,0,24,11,4,-72.3343,-68.6971,0.121093119,0.157347212,-70.8318666666667,-71.27152000000001,0.0,2754,0.8700999999999937,0,1,0
26444324681,702884477,14989130,1700810231,1700810231,2023-11-24,0.114699326,-72.3643,30.9968,-81.7398,3.9368,0.0072,0.0002,0.0001,80830,1,2,0,2023-11-24,0,24,11,4,-71.4642,-72.3343,0.126305391,0.121093119,-72.0542666666667,-71.06166,0.0,2755,-0.9000999999999948,0,1,0
26444325263,702884540,14989130,1700872291,1700872291,2023-11-24,0.119339621,-71.8367,8.7707,-81.5714,3.8808,0.0044,0.0005,0.0001,80830,1,5,1,2023-11-24,0,24,11,4,-70.615,-71.2681,0.112534608,0.128378891,-71.23993333333338,-71.5377,0.0,2756,0.5276000000000067,0,1,0
26444324720,702884482,14989130,1700813876,1700813876,2023-11-24,0.142358677,-70.2235,2.9882,-81.8798,4.305,0.009,0.0002,0.0,80830,1,3,0,2023-11-24,0,24,11,4,-72.3643,-71.4642,0.114699326,0.126305391,-71.35066666666671,-71.01668000000001,0.0,2757,1.613199999999992,0,1,0
26444324722,702884482,14989130,1700814002,1700814002,2023-11-24,0.13025654,-71.0503,3.6454,-81.6911,4.3035,0.0016,0.0006,0.0008,80830,1,3,0,2023-11-24,0,24,11,4,-72.9117,-70.2235,0.116775306,0.142358677,-71.3951666666667,-71.6028,0.0,2758,-0.8267999999999915,0,1,0
26444324728,702884484,14989130,1700814098,1700814098,2023-11-24,0.127119298,-71.3106,9.6605,-81.6957,4.3293,0.0081,0.0005,0.0,80830,1,6,1,2023-11-24,0,24,11,4,-71.0503,-72.9117,0.13025654,0.116775306,-71.75753333333336,-71.57208,0.0,2759,-0.26030000000000086,0,1,0
26444324729,702884484,14989130,1700814161,1700814161,2023-11-24,0.101779332,-73.5808,3.2878,-81.9184,4.3265,0.0094,0.0003,0.0005,80830,1,6,1,2023-11-24,0,24,11,4,-71.3106,-71.0503,0.127119298,0.13025654,-71.98056666666669,-71.81537999999999,0.0,2760,-2.2702000000000027,0,1,0
26444324734,702884484,14989130,1700814256,1700814256,2023-11-24,0.104251212,-73.3251,5.4791,-81.859,4.3072,0.0016,0.0003,0.0002,80830,1,6,1,2023-11-24,0,24,11,4,-73.5808,-71.3106,0.101779332,0.127119298,-72.73883333333337,-72.4357,0.0,2761,0.25569999999999027,0,1,0
26444324738,702884484,14989130,1700814319,1700814319,2023-11-24,0.093408736,-74.1763,11.5256,-81.8189,4.1575,0.0509,0.0003,0.0005,80830,1,6,1,2023-11-24,0,24,11,4,-73.3251,-73.5808,0.104251212,0.101779332,-73.6940666666667,-72.68861999999999,0.0,2762,-0.8511999999999915,1,1,0
26444325194,702884532,14989130,1700845920,1700845920,2023-11-24,0.102250373,-70.7828,9.7704,-78.8447,3.1605,0.0172,0.0008,0.0004,80830,3,39,1,2023-11-24,0,24,11,4,-74.1763,-73.3251,0.093408736,0.104251212,-72.76140000000002,-72.63512,0.0,2763,3.393500000000003,0,1,0
26444324651,702884471,14989130,1700809026,1700809026,2023-11-24,0.136686788,-70.4802,11.6604,-81.6392,3.9417,0.0094,0.0002,0.0001,80830,1,10,1,2023-11-24,0,24,11,4,-63.1835,-70.7828,0.191836698,0.102250373,-68.14883333333337,-70.38958,0.0,2764,0.3025999999999982,1,1,0
26444324650,702884471,14989130,1700808995,1700808995,2023-11-24,0.15130496,-69.1919,12.723,-81.5274,3.9595,0.0067,0.0003,0.0003,80830,1,10,1,2023-11-24,0,24,11,4,-70.9602,-70.4802,0.132479834,0.136686788,-70.2107666666667,-68.91972000000001,0.0,2765,1.2882999999999925,1,1,0
26444324629,702884470,14989130,1700807822,1700807822,2023-11-24,0.163864906,-68.5747,52.3642,-82.0139,3.8965,0.0069,0.0004,0.0004,80830,1,37,1,2023-11-24,0,24,11,4,-72.2075,-68.9551,0.115465135,0.155371903,-69.91243333333337,-70.05598,0.0,2766,0.6171999999999969,1,1,1
26444324756,702884486,14989130,1700814922,1700814922,2023-11-24,0.117035099,-72.1679,37.4459,-81.7336,3.875,0.0107,0.0002,0.0,80830,1,5,1,2023-11-24,0,24,11,4,-69.1919,-70.9602,0.15130496,0.132479834,-70.77333333333337,-69.19674,0.0,2767,-3.593199999999996,1,1,0
26444324649,702884471,14989130,1700808931,1700808931,2023-11-24,0.128378891,-71.2681,19.1835,-81.765,3.9177,0.0055,0.0003,0.0002,80830,1,10,1,2023-11-24,0,24,11,4,-73.4644,-70.5043,0.099495718,0.134062314,-71.74560000000004,-71.90464,0.0,2768,0.899799999999999,0,1,0
26444324761,702884486,14989130,1700815017,1700815017,2023-11-24,0.110169594,-73.382,55.3909,-82.4674,3.8812,0.0085,0.0006,0.0002,80830,1,5,1,2023-11-24,0,24,11,4,-71.5779,-68.5747,0.123266815,0.163864906,-71.17820000000005,-70.93944,0.0,2769,-2.113900000000001,1,1,0
26444324774,702884487,14989130,1700815556,1700815556,2023-11-24,0.120991505,-71.7423,35.9852,-81.6173,3.9615,0.0077,0.0003,0.0004,80830,1,3,0,2023-11-24,0,24,11,4,-73.0932,-71.6263,0.106358162,0.122710515,-72.15393333333337,-71.56432,0.0,2770,1.6397000000000048,0,1,0
26444324775,702884487,14989130,1700815587,1700815587,2023-11-24,0.105726418,-72.9281,16.9097,-81.5501,3.9405,0.0068,0.0003,0.0001,80830,1,3,0,2023-11-24,0,24,11,4,-71.7423,-73.0932,0.120991505,0.106358162,-72.5878666666667,-72.31156,0.0,2771,-1.1858000000000004,0,1,0
26444324782,702884489,14989130,1700815777,1700815777,2023-11-24,0.155674509,-68.9922,11.4033,-81.7128,4.019,0.006,0.0002,0.0,80830,1,4,1,2023-11-24,0,24,11,4,-72.9281,-71.7423,0.105726418,0.120991505,-71.22086666666671,-71.67642000000001,0.0,2772,3.9359000000000037,0,1,0
26444324783,702884489,14989130,1700815809,1700815809,2023-11-24,0.154625758,-68.9822,13.7649,-81.5996,3.9773,0.0011,0.0002,0.0002,80830,1,4,1,2023-11-24,0,24,11,4,-68.9922,-72.9281,0.155674509,0.105726418,-70.30083333333337,-71.1476,0.0,2773,0.009999999999990905,0,1,0
26444324785,702884489,14989130,1700815841,1700815841,2023-11-24,0.105971432,-73.1116,17.812,-81.7777,4.043,0.0317,0.0003,0.0003,80830,1,4,1,2023-11-24,0,24,11,4,-68.9822,-68.9922,0.154625758,0.155674509,-70.36200000000004,-71.15128000000001,0.0,2774,-4.12939999999999,0,1,0
26444324787,702884489,14989130,1700815873,1700815873,2023-11-24,0.112216739,-73.2217,51.6568,-82.477,4.0035,0.018,0.0003,0.0004,80830,1,4,1,2023-11-24,0,24,11,4,-73.1116,-68.9822,0.105971432,0.154625758,-71.77183333333336,-71.44716,0.0,2775,-0.11010000000000275,1,1,0
26444324819,702884491,14989130,1700819010,1700819010,2023-11-24,0.12664747,-71.2743,4.4314,-81.61,4.316,0.0057,0.0003,0.0,80830,1,4,1,2023-11-24,0,24,11,4,-73.2217,-73.1116,0.112216739,0.105971432,-72.5358666666667,-71.1164,0.0,2776,1.9474000000000018,0,1,0
26444324820,702884491,14989130,1700819042,1700819042,2023-11-24,0.105638174,-73.2028,11.0445,-81.8492,4.2998,0.0109,0.0003,0.0004,80830,1,4,1,2023-11-24,0,24,11,4,-71.2743,-73.2217,0.12664747,0.112216739,-72.56626666666669,-71.95852,0.0,2777,-1.9284999999999997,0,1,0
26444324823,702884491,14989130,1700819106,1700819106,2023-11-24,0.096686319,-74.6764,38.2996,-82.6694,4.3143,0.0048,0.0002,0.0005,80830,1,4,1,2023-11-24,0,24,11,4,-73.2028,-71.2743,0.105638174,0.12664747,-73.0511666666667,-73.09736000000001,0.0,2778,-1.4736000000000047,1,1,0
26444324825,702884491,14989130,1700819137,1700819137,2023-11-24,0.094169102,-73.9793,9.0415,-81.6701,4.3145,0.0144,0.0006,0.0004,80830,1,4,1,2023-11-24,0,24,11,4,-74.6764,-73.2028,0.096686319,0.105638174,-73.95283333333337,-73.2709,0.0,2779,0.697100000000006,0,1,0
26444324610,702884470,14989130,1700807124,1700807124,2023-11-24,0.153680046,-69.0179,14.045,-81.5506,4.2002,0.0133,0.0004,0.0004,80830,1,37,1,2023-11-24,0,24,11,4,-69.052,-70.8625,0.125782405,0.112758128,-69.64413333333336,-69.418,0.0,2780,4.961399999999998,0,1,0
26444325260,702884539,14989130,1700871816,1700871816,2023-11-24,0.140141714,-70.1168,16.5616,-81.5446,3.9198,0.006,0.0005,0.0,80830,1,2,0,2023-11-24,0,24,11,4,-73.9793,-74.6764,0.094169102,0.096686319,-72.9241666666667,-72.64992,0.0,2781,-1.0989000000000004,0,1,0
26444325261,702884539,14989130,1700871848,1700871848,2023-11-24,0.104403455,-73.0213,8.4206,-81.5337,3.9158,0.0042,0.0003,0.0001,80830,1,2,0,2023-11-24,0,24,11,4,-70.1168,-73.9793,0.140141714,0.094169102,-72.3724666666667,-72.99932,0.0,2782,-2.9044999999999987,0,1,0
26444325262,702884540,14989130,1700872260,1700872260,2023-11-24,0.124605235,-71.2651,19.7759,-81.4091,3.8915,0.0028,0.0003,0.0,80830,1,5,1,2023-11-24,0,24,11,4,-73.0213,-70.1168,0.104403455,0.140141714,-71.46773333333337,-72.61178,0.0,2783,1.7561999999999927,1,1,0
26444324757,702884486,14989130,1700814953,1700814953,2023-11-24,0.134062314,-70.5043,13.4035,-81.4196,3.88,0.0083,0.0003,0.0003,80830,1,5,1,2023-11-24,0,24,11,4,-71.2651,-73.0213,0.124605235,0.104403455,-71.59690000000005,-71.77736,0.0,2784,0.7608000000000033,0,1,0
26444325264,702884540,14989130,1700872323,1700872323,2023-11-24,0.099495718,-73.4644,24.2988,-81.5814,3.8737,0.0087,0.0003,0.0002,80830,1,5,1,2023-11-24,0,24,11,4,-70.5043,-71.2651,0.134062314,0.124605235,-71.74460000000005,-71.67438,0.0,2785,-2.960099999999997,1,1,0
26444324763,702884486,14989130,1700815048,1700815048,2023-11-24,0.122710515,-71.6263,27.7506,-81.645,3.8888,0.0061,0.0003,0.0002,80830,1,5,1,2023-11-24,0,24,11,4,-72.1679,-69.1919,0.117035099,0.15130496,-70.99536666666671,-70.8853,0.0,2786,1.8380999999999972,1,1,0
26444324759,702884486,14989130,1700814985,1700814985,2023-11-24,0.132479834,-70.9602,20.9103,-81.7966,3.8835,0.0087,0.0004,0.0002,80830,1,5,1,2023-11-24,0,24,11,4,-70.4802,-63.1835,0.136686788,0.191836698,-68.2079666666667,-69.91659999999999,0.0,2787,0.6661000000000001,0,1,0
26444325265,702884540,14989130,1700872355,1700872355,2023-11-24,0.120232997,-71.6206,18.5396,-81.4086,3.879,0.0048,0.0003,0.0001,80830,1,5,1,2023-11-24,0,24,11,4,-71.8367,-70.615,0.119339621,0.112534608,-71.35743333333336,-71.76096,0.0,2788,-0.6603999999999957,0,1,0
26444325233,702884537,14989130,1700848076,1700848076,2023-11-24,0.111819176,-70.8445,10.4056,-79.7636,3.185,0.012,0.0003,0.0005,80830,3,25,1,2023-11-24,0,24,11,4,-70.6067,-70.758,0.115894483,0.114718287,-70.73640000000003,-70.73740000000001,0.0,2789,0.7760999999999996,0,1,0
26444325268,702884541,14989130,1700873718,1700873718,2023-11-24,0.111022027,-72.515,22.194,-81.5712,3.889,0.0093,0.0004,0.0004,80830,1,2,0,2023-11-24,0,24,11,4,-70.3137,-71.6206,0.119375843,0.120232997,-71.48310000000004,-71.3802,0.0,2790,-1.670500000000004,1,1,0
26444325275,702884545,14989130,1700875493,1700875493,2023-11-24,0.118403825,-67.3342,10.0772,-76.3776,3.9575,0.0198,0.0004,0.0,80830,3,2,0,2023-11-24,0,24,11,4,-70.8937,-70.8717,0.110976095,0.112857315,-69.69986666666671,-70.1833,0.0,2791,5.180800000000005,0,1,0
26444325279,702884547,14989130,1700889249,1700889249,2023-11-24,0.102416595,-73.3007,43.0111,-81.6645,3.9315,0.0133,0.0004,0.0,80830,1,2,0,2023-11-24,0,24,11,4,-72.515,-70.3137,0.111022027,0.119375843,-72.04313333333336,-71.91734,0.0,2792,-5.966500000000011,1,1,0
26444325280,702884547,14989130,1700889312,1700889312,2023-11-24,0.095245971,-73.851,21.4231,-81.6255,3.9408,0.0116,0.0005,0.0005,80830,1,2,0,2023-11-24,0,24,11,4,-73.3007,-72.515,0.102416595,0.111022027,-73.22223333333336,-72.3202,0.0,2793,-0.5502999999999929,0,1,0
26444325278,702884546,14989130,1700876634,1700876634,2023-11-24,0.138531847,-66.0703,47.2413,-76.695,3.9493,0.0132,0.0006,0.0002,80830,3,2,0,2023-11-24,0,24,11,4,-73.851,-73.3007,0.095245971,0.102416595,-71.07400000000005,-71.21014,0.0,2794,7.780699999999996,1,1,0
26444325277,702884546,14989130,1700876570,1700876570,2023-11-24,0.108802523,-68.2168,14.1167,-76.5451,3.9232,0.015,0.0003,0.0,80830,3,2,0,2023-11-24,0,24,11,4,-66.0703,-73.851,0.138531847,0.095245971,-69.37936666666671,-70.79076,0.0,2795,-2.146500000000003,0,1,0
26444325276,702884545,14989130,1700875556,1700875556,2023-11-24,0.104707673,-68.6597,17.8571,-76.6897,3.9895,0.0308,0.0004,0.0006,80830,3,2,0,2023-11-24,0,24,11,4,-68.2168,-66.0703,0.108802523,0.138531847,-67.64893333333337,-70.0197,0.0,2796,-0.4428999999999945,0,1,0
26444325274,702884544,14989130,1700875271,1700875271,2023-11-24,0.166230913,-66.4905,51.7189,-79.7469,3.9155,0.0061,0.0003,0.0002,80830,3,2,0,2023-11-24,0,24,11,4,-68.6597,-68.2168,0.104707673,0.108802523,-67.78900000000004,-68.65765999999999,0.0,2797,2.1692000000000036,1,1,1
26444325272,702884543,14989130,1700874161,1700874161,2023-11-24,0.151783986,-64.8624,12.3311,-76.4692,3.8883,0.0055,0.0003,0.0001,80830,3,2,0,2023-11-24,0,24,11,4,-66.3073,-66.4905,0.133101924,0.166230913,-65.88673333333337,-66.90734,0.0,2798,1.6281000000000034,0,1,0
26444325271,702884543,14989130,1700874130,1700874130,2023-11-24,0.112313485,-67.9872,14.1058,-76.5892,3.9045,0.014,0.0003,0.0,80830,3,2,0,2023-11-24,0,24,11,4,-64.8624,-66.3073,0.151783986,0.133101924,-66.38563333333337,-66.86142,0.0,2799,-3.1248000000000076,0,1,0
26444325270,702884542,14989130,1700873749,1700873749,2023-11-24,0.160730203,-64.4012,30.3675,-76.7348,3.8843,0.0083,0.0003,0.0004,80830,3,2,0,2023-11-24,0,24,11,4,-67.9872,-64.8624,0.112313485,0.151783986,-65.7502666666667,-66.00971999999999,0.0,2800,3.5859999999999985,1,1,1
26444325269,702884542,14989130,1700873718,1700873718,2023-11-24,0.137437863,-66.4925,8.5729,-77.0872,3.8845,0.0083,0.0003,0.0,80830,3,2,0,2023-11-24,0,24,11,4,-64.4012,-67.9872,0.160730203,0.112313485,-66.29363333333337,-66.01012,0.0,2801,-2.091300000000004,0,1,0
26444325259,702884538,14989130,1700848963,1700848963,2023-11-24,0.147355681,-68.1227,5.4876,-79.8958,3.467,0.0049,0.0003,0.0004,80830,3,6,1,2023-11-24,0,24,11,4,-66.4925,-64.4012,0.137437863,0.160730203,-66.33880000000005,-66.3732,0.0,2802,-1.6301999999999879,0,1,0
26444325258,702884538,14989130,1700848931,1700848931,2023-11-24,0.142746431,-68.582,7.004,-80.002,3.444,0.0078,0.0006,0.0004,80830,3,6,1,2023-11-24,0,24,11,4,-68.1227,-66.4925,0.147355681,0.137437863,-67.73240000000004,-67.11712,0.0,2803,-0.45929999999999893,0,1,0
26444325257,702884538,14989130,1700848900,1700848900,2023-11-24,0.1202954,-69.0898,11.036,-78.5375,3.3727,0.0472,0.0003,0.0004,80830,3,6,1,2023-11-24,0,24,11,4,-68.582,-68.1227,0.142746431,0.147355681,-68.5981666666667,-67.33764,0.0,2804,-0.5078000000000031,0,1,0
26444325255,702884538,14989130,1700848836,1700848836,2023-11-24,0.115450232,-70.6175,16.4421,-79.8344,3.1763,0.0106,0.0003,0.0001,80830,3,6,1,2023-11-24,0,24,11,4,-69.0898,-68.582,0.1202954,0.142746431,-69.4297666666667,-68.58090000000001,0.0,2805,-1.52770000000001,1,1,0
26444325267,702884541,14989130,1700873686,1700873686,2023-11-24,0.103499904,-73.1103,23.6912,-81.5508,3.8985,0.0079,0.0003,0.0,80830,1,2,0,2023-11-24,0,24,11,4,-70.6175,-69.0898,0.115450232,0.1202954,-70.93920000000003,-69.90446,0.0,2806,-2.4927999999999884,1,1,0
26444325236,702884537,14989130,1700848171,1700848171,2023-11-24,0.119660744,-70.5194,9.1876,-80.1048,3.1913,0.0161,0.0002,0.0001,80830,3,25,1,2023-11-24,0,24,11,4,-73.1103,-70.6175,0.103499904,0.115450232,-71.41573333333338,-70.3838,0.0,2807,2.5908999999999907,0,1,0
26444325256,702884538,14989130,1700848868,1700848868,2023-11-24,0.136715988,-69.114,2.5277,-80.0594,3.181,0.0108,0.0003,0.0004,80830,3,6,1,2023-11-24,0,24,11,4,-70.5194,-73.1103,0.119660744,0.103499904,-70.91456666666672,-70.4902,0.0,2808,1.4054000000000002,0,1,0
26444325273,702884544,14989130,1700875239,1700875239,2023-11-24,0.133101924,-66.3073,21.978,-76.488,3.9365,0.0067,0.0004,0.0,80830,3,2,0,2023-11-24,0,24,11,4,-66.4905,-68.6597,0.166230913,0.104707673,-67.15250000000003,-67.14892,0.0,2809,2.8067000000000064,1,1,0
26444325247,702884537,14989130,1700848519,1700848519,2023-11-24,0.117779492,-70.6918,5.8593,-80.1294,3.183,0.0101,0.0003,0.0006,80830,3,25,1,2023-11-24,0,24,11,4,-70.582,-70.7384,0.120722238,0.117316902,-70.67073333333337,-70.67062,0.0,2810,-4.384500000000003,0,1,0
26444324956,702884505,14989130,1700828076,1700828076,2023-11-24,0.112758128,-70.8625,28.9066,-79.8683,3.9055,0.007,0.0004,0.0004,80830,3,16,1,2023-11-24,0,24,11,4,-70.3395,-67.8181,0.110189753,0.138987247,-69.67336666666671,-68.50998000000001,0.0,2811,-0.17069999999999652,1,1,0
26444325238,702884537,14989130,1700848234,1700848234,2023-11-24,0.121046144,-70.3033,7.4473,-79.9852,3.1785,0.0134,0.0003,0.0002,80830,3,25,1,2023-11-24,0,24,11,4,-70.2503,-70.9276,0.108283723,0.106151419,-70.49373333333337,-70.26664,86400.0,2812,0.5592000000000041,0,1,0
26444325248,702884537,14989130,1700848551,1700848551,2023-11-24,0.120722238,-70.582,4.2768,-80.2727,3.1785,0.0165,0.0003,0.0001,80830,3,25,1,2023-11-24,0,24,11,4,-70.7384,-70.6546,0.117316902,0.120344917,-70.65833333333336,-70.68968,0.0,2813,-0.2787000000000006,0,1,0
26444325240,702884537,14989130,1700848298,1700848298,2023-11-24,0.108283723,-70.2503,13.7381,-78.781,3.185,0.0127,0.0003,0.0004,80830,3,25,1,2023-11-24,0,24,11,4,-70.9276,-70.738,0.106151419,0.116977015,-70.63863333333337,-70.30986,0.0,2814,0.3316999999999979,0,1,0
26444325252,702884537,14989130,1700848678,1700848678,2023-11-24,0.115644329,-70.7871,13.0416,-80.0437,3.17,0.0076,0.0003,0.0005,80830,3,25,1,2023-11-24,0,24,11,4,-70.3033,-70.2503,0.121046144,0.108283723,-70.44690000000004,-70.60126,0.0,2815,-0.5367999999999995,0,1,0
26444325251,702884537,14989130,1700848646,1700848646,2023-11-24,0.120158377,-70.6863,4.7592,-80.3398,3.1695,0.0061,0.0002,0.0002,80830,3,25,1,2023-11-24,0,24,11,4,-70.7871,-70.3033,0.115644329,0.121046144,-70.59223333333337,-70.59092,0.0,2816,0.10079999999999245,0,1,0
26444325250,702884537,14989130,1700848615,1700848615,2023-11-24,0.120344917,-70.6546,4.2659,-80.3208,3.1803,0.0103,0.0003,0.0004,80830,3,25,1,2023-11-24,0,24,11,4,-70.6863,-70.7871,0.120158377,0.115644329,-70.70933333333338,-70.53632,0.0,2817,0.03170000000000073,0,1,0
26444325249,702884537,14989130,1700848583,1700848583,2023-11-24,0.117316902,-70.7384,5.039,-80.1402,3.1772,0.0087,0.0004,0.0004,80830,3,25,1,2023-11-24,0,24,11,4,-70.6546,-70.6863,0.120344917,0.120158377,-70.69310000000003,-70.63394,0.0,2818,-0.08379999999999654,0,1,0
26444325244,702884537,14989130,1700848424,1700848424,2023-11-24,0.121053666,-70.6483,12.7968,-80.3784,3.186,0.0157,0.0003,0.0001,80830,3,25,1,2023-11-24,0,24,11,4,-70.9548,-70.9852,0.113967645,0.111643402,-70.8627666666667,-70.76282,0.0,2819,0.09009999999999252,1,1,0
26444325246,702884537,14989130,1700848488,1700848488,2023-11-24,0.119903673,-70.534,4.6056,-80.1435,3.2022,0.0181,0.0002,0.0001,80830,3,25,1,2023-11-24,0,24,11,4,-70.6918,-70.582,0.117779492,0.120722238,-70.60260000000004,-70.64016000000001,0.0,2820,0.11430000000000007,0,1,0
26444325253,702884537,14989130,1700848710,1700848710,2023-11-24,0.111643402,-70.9852,10.2836,-79.9062,3.1753,0.0132,0.0003,0.0006,80830,3,25,1,2023-11-24,0,24,11,4,-70.534,-70.6918,0.119903673,0.117779492,-70.73700000000004,-70.70628,0.0,2821,-0.45120000000000005,1,1,0
26444325245,702884537,14989130,1700848456,1700848456,2023-11-24,0.113967645,-70.9548,12.1797,-80.0815,3.1645,0.0042,0.0003,0.0002,80830,3,25,1,2023-11-24,0,24,11,4,-70.9852,-70.534,0.111643402,0.119903673,-70.8246666666667,-70.74956,0.0,2822,0.030400000000000205,1,1,0
26444325243,702884537,14989130,1700848393,1700848393,2023-11-24,0.110083937,-70.9078,8.4882,-79.6792,3.1675,0.011,0.0005,0.0006,80830,3,25,1,2023-11-24,0,24,11,4,-70.6483,-70.9548,0.121053666,0.113967645,-70.8369666666667,-70.80602,0.0,2823,0.047000000000011255,0,1,0
26444325242,702884537,14989130,1700848361,1700848361,2023-11-24,0.113795767,-70.9091,7.9593,-80.0144,3.18,0.0124,0.0002,0.0004,80830,3,25,1,2023-11-24,0,24,11,4,-70.9078,-70.6483,0.110083937,0.121053666,-70.82173333333337,-70.88104000000001,0.0,2824,-0.001300000000000523,0,1,0
26444325024,702884516,14989130,1700837774,1700837774,2023-11-24,0.106151419,-70.9276,8.5707,-79.3508,3.2948,0.038,0.0003,0.0008,80830,3,36,1,2023-11-24,0,24,11,4,-70.738,-69.114,0.116977015,0.136715988,-70.25986666666671,-70.88185999999999,0.0,2825,-0.01850000000000307,0,1,0
26444325241,702884537,14989130,1700848329,1700848329,2023-11-24,0.112857315,-70.8717,8.9329,-79.8876,3.1793,0.0079,0.0002,0.0004,80830,3,25,1,2023-11-24,0,24,11,4,-70.9091,-70.9078,0.113795767,0.110083937,-70.89620000000004,-70.85834,0.0,2826,0.055899999999994066,0,1,0
26444325239,702884537,14989130,1700848266,1700848266,2023-11-24,0.110976095,-70.8937,7.3538,-79.7433,3.1808,0.0085,0.0002,0.0004,80830,3,25,1,2023-11-24,0,24,11,4,-70.8717,-70.9091,0.112857315,0.113795767,-70.89150000000004,-70.84612,0.0,2827,-0.02199999999999136,0,1,0
26444325254,702884538,14989130,1700848805,1700848805,2023-11-24,0.116977015,-70.738,9.456,-80.1089,3.165,0.0151,0.0003,0.0,80830,3,6,1,2023-11-24,0,24,11,4,-69.114,-70.5194,0.136715988,0.119660744,-70.12380000000003,-70.81984,0.0,2828,0.15569999999999595,0,1,0
26444325223,702884535,14989130,1700847220,1700847220,2023-11-24,0.112888414,-70.8104,6.4841,-79.8213,3.1915,0.0166,0.0003,0.0008,80830,3,6,1,2023-11-24,0,24,11,4,-70.9457,-70.819,0.115020613,0.115371788,-70.85836666666671,-70.72850000000001,0.0,2829,-0.0724000000000018,0,1,0
26444324732,702884484,14989130,1700814224,1700814224,2023-11-24,0.104139466,-73.7622,34.3675,-82.3367,4.4078,0.0071,0.0004,0.0008,80830,1,6,1,2023-11-24,0,24,11,4,-67.3342,-70.8937,0.118403825,0.110976095,-70.6633666666667,-70.75417999999999,0.0,2830,-2.9518000000000058,1,1,0
26444325212,702884533,14989130,1700846618,1700846618,2023-11-24,0.119978127,-70.3273,12.5801,-79.9154,3.1867,0.0184,0.0002,0.0004,80830,3,5,1,2023-11-24,0,24,11,4,-70.4685,-73.7622,0.105999711,0.104139466,-71.51933333333336,-70.55717999999999,0.0,2831,3.434900000000013,0,1,0
26444325232,702884537,14989130,1700848044,1700848044,2023-11-24,0.111757946,-70.6442,8.1514,-79.5326,3.183,0.0118,0.0003,0.0004,80830,3,25,1,2023-11-24,0,24,11,4,-70.3273,-70.4685,0.119978127,0.105999711,-70.48000000000003,-70.50728000000001,0.0,2832,-0.31690000000000396,0,1,0
26444325231,702884537,14989130,1700848012,1700848012,2023-11-24,0.110824397,-70.9499,5.5472,-79.7929,3.1985,0.0218,0.0002,0.0004,80830,3,25,1,2023-11-24,0,24,11,4,-70.6442,-70.3273,0.111757946,0.119978127,-70.6404666666667,-71.23042000000001,0.0,2833,-0.30570000000000164,0,1,0
26444325230,702884537,14989130,1700847981,1700847981,2023-11-24,0.1137083,-70.7033,6.3007,-79.7743,3.2098,0.016,0.0004,0.0005,80830,3,25,1,2023-11-24,0,24,11,4,-70.9499,-70.6442,0.110824397,0.111757946,-70.76580000000003,-70.61864,0.0,2834,0.24660000000000082,0,1,0
26444325229,702884537,14989130,1700847949,1700847949,2023-11-24,0.116760659,-70.5241,6.0418,-79.8471,3.1932,0.017,0.0003,0.0,80830,3,25,1,2023-11-24,0,24,11,4,-70.7033,-70.9499,0.1137083,0.110824397,-70.7257666666667,-70.62976,0.0,2835,0.17919999999999447,0,1,0
26444325228,702884536,14989130,1700847727,1700847727,2023-11-24,0.12372635,-70.3568,10.5037,-80.2909,3.1778,0.0082,0.0003,0.0002,80830,3,2,0,2023-11-24,0,24,11,4,-70.5241,-70.7033,0.116760659,0.1137083,-70.5280666666667,-70.63566,0.0,2836,0.16729999999999734,1,1,0
26444325227,702884536,14989130,1700847695,1700847695,2023-11-24,0.096888921,-70.3892,7.2922,-77.9408,3.2102,0.029,0.0006,0.0,80830,3,2,0,2023-11-24,0,24,11,4,-70.3568,-70.5241,0.12372635,0.116760659,-70.42336666666671,-70.58466000000001,0.0,2837,-0.032399999999995543,0,1,0
26444325226,702884535,14989130,1700847347,1700847347,2023-11-24,0.116521396,-70.6782,10.9566,-79.9999,3.1808,0.0177,0.0003,0.0006,80830,3,6,1,2023-11-24,0,24,11,4,-70.3892,-70.3568,0.096888921,0.12372635,-70.47473333333339,-70.53032,0.0,2838,-0.2890000000000015,1,1,0
26444325225,702884535,14989130,1700847283,1700847283,2023-11-24,0.115371788,-70.819,8.0109,-80.0551,3.1953,0.0266,0.0003,0.0001,80830,3,6,1,2023-11-24,0,24,11,4,-70.6782,-70.3892,0.116521396,0.096888921,-70.62880000000004,-70.55346,0.0,2839,-0.1407999999999987,0,1,0
26444325211,702884533,14989130,1700846586,1700846586,2023-11-24,0.105999711,-70.4685,12.536,-78.8238,3.1888,0.0157,0.0003,0.001,80830,3,5,1,2023-11-24,0,24,11,4,-73.7622,-67.3342,0.104139466,0.118403825,-70.52163333333338,-70.66606,0.0,2840,0.3504999999999967,1,1,0
26444325224,702884535,14989130,1700847252,1700847252,2023-11-24,0.115020613,-70.9457,9.2932,-80.1665,3.185,0.0265,0.0003,0.0003,80830,3,6,1,2023-11-24,0,24,11,4,-70.819,-70.6782,0.115371788,0.116521396,-70.81430000000005,-70.63778,0.0,2841,-0.4771999999999963,0,1,0
26444325222,702884535,14989130,1700847157,1700847157,2023-11-24,0.117483654,-70.4008,11.2503,-79.7728,3.1858,0.0098,0.0004,0.0004,80830,3,6,1,2023-11-24,0,24,11,4,-70.8104,-70.9457,0.112888414,0.115020613,-70.7189666666667,-70.73082,0.0,2842,0.5448999999999984,0,1,0
26444325221,702884535,14989130,1700847125,1700847125,2023-11-24,0.121576802,-70.1601,16.7563,-79.8705,3.193,0.008,0.0003,0.0,80830,3,6,1,2023-11-24,0,24,11,4,-70.4008,-70.8104,0.117483654,0.112888414,-70.45710000000004,-70.62719999999999,0.0,2843,0.2407000000000039,1,1,0
26444325220,702884534,14989130,1700846998,1700846998,2023-11-24,0.113208798,-70.8712,7.3609,-79.9187,3.1953,0.0161,0.0004,0.0004,80830,3,6,1,2023-11-24,0,24,11,4,-70.1601,-70.4008,0.121576802,0.117483654,-70.4773666666667,-70.63764,0.0,2844,-0.7111000000000018,0,1,0
26444325219,702884534,14989130,1700846966,1700846966,2023-11-24,0.11558018,-70.8101,9.4482,-80.0639,3.1805,0.0072,0.0003,0.0004,80830,3,6,1,2023-11-24,0,24,11,4,-70.8712,-70.1601,0.113208798,0.121576802,-70.61380000000004,-70.61052,0.0,2845,0.06109999999999616,0,1,0
26444325218,702884534,14989130,1700846935,1700846935,2023-11-24,0.116998121,-70.6677,8.8808,-80.0312,3.1713,0.0169,0.0003,0.0005,80830,3,6,1,2023-11-24,0,24,11,4,-70.8101,-70.8712,0.11558018,0.113208798,-70.78300000000003,-70.58198000000002,0.0,2846,0.14240000000000919,0,1,0
26444325217,702884534,14989130,1700846871,1700846871,2023-11-24,0.114718287,-70.758,7.6789,-79.9271,3.1865,0.0106,0.0003,0.0002,80830,3,6,1,2023-11-24,0,24,11,4,-70.6677,-70.8101,0.116998121,0.11558018,-70.74526666666671,-70.65342,0.0,2847,-0.09029999999999916,0,1,0
26444325215,702884534,14989130,1700846808,1700846808,2023-11-24,0.115894483,-70.6067,10.9921,-79.8623,3.1675,0.012,0.0003,0.0,80830,3,6,1,2023-11-24,0,24,11,4,-70.758,-70.6677,0.114718287,0.116998121,-70.6774666666667,-70.74274,0.0,2848,0.151299999999992,1,1,0
26444325234,702884537,14989130,1700848107,1700848107,2023-11-24,0.116006921,-70.6596,6.8267,-79.9323,3.1873,0.0309,0.0003,0.0004,80830,3,25,1,2023-11-24,0,24,11,4,-70.8445,-70.6067,0.111819176,0.115894483,-70.70360000000004,-70.7073,0.0,2849,-0.05289999999999395,0,1,0
26444325210,702884533,14989130,1700846523,1700846523,2023-11-24,0.114876494,-70.9176,9.8251,-80.1217,3.1957,0.0087,0.0002,0.0,80830,3,5,1,2023-11-24,0,24,11,4,-72.852,-71.1098,0.107955812,0.111268586,-71.6264666666667,-71.21962,0.0,2850,-0.25799999999999557,0,1,0
26444325216,702884534,14989130,1700846840,1700846840,2023-11-24,0.114995597,-70.5591,9.1883,-79.7274,3.1852,0.01,0.0003,0.0001,80830,3,6,1,2023-11-24,0,24,11,4,-70.6596,-70.8445,0.116006921,0.111819176,-70.68773333333337,-70.68557999999999,0.0,2851,0.35849999999999227,0,1,0
26444325235,702884537,14989130,1700848139,1700848139,2023-11-24,0.111268586,-71.1098,5.7116,-80.0127,3.198,0.0082,0.0003,0.0002,80830,3,25,1,2023-11-24,0,24,11,4,-70.5591,-70.6596,0.114995597,0.116006921,-70.77616666666671,-70.75594,0.0,2852,-0.5507000000000062,0,1,0
26444325266,702884540,14989130,1700872387,1700872387,2023-11-24,0.107955812,-72.852,16.7763,-81.6686,3.8845,0.0046,0.0006,0.0004,80830,1,5,1,2023-11-24,0,24,11,4,-71.1098,-70.5591,0.111268586,0.114995597,-71.5069666666667,-71.20500000000001,0.0,2853,-1.7421999999999969,1,1,0
26444325237,702884537,14989130,1700848202,1700848202,2023-11-24,0.119375843,-70.3137,10.6219,-79.8453,3.19,0.0061,0.0003,0.0004,80830,3,25,1,2023-11-24,0,24,11,4,-71.6206,-71.8367,0.120232997,0.119339621,-71.25700000000003,-71.13082,0.0,2854,2.5383000000000067,0,1,0
26444325209,702884532,14989130,1700846427,1700846427,2023-11-24,0.096370246,-70.3211,4.9717,-77.8207,3.3365,0.0414,0.0003,0.0004,80830,3,39,1,2023-11-24,0,24,11,4,-70.9176,-72.852,0.114876494,0.107955812,-71.3635666666667,-71.15192,0.0,2855,-0.00740000000000407,0,1,0
26444325208,702884532,14989130,1700846396,1700846396,2023-11-24,0.109881611,-70.3214,6.0061,-79.0023,3.437,0.0128,0.0003,0.0004,80830,3,39,1,2023-11-24,0,24,11,4,-70.3211,-70.9176,0.096370246,0.114876494,-70.52003333333337,-71.10438,0.0,2856,-0.0002999999999957481,0,1,0
26444325207,702884532,14989130,1700846364,1700846364,2023-11-24,0.141344806,-68.6755,11.8981,-79.9803,3.4745,0.0092,0.0004,0.0004,80830,3,39,1,2023-11-24,0,24,11,4,-70.3214,-70.3211,0.109881611,0.096370246,-69.7726666666667,-70.61752,0.0,2857,1.6458999999999975,0,1,0
26444325206,702884532,14989130,1700846332,1700846332,2023-11-24,0.123262253,-68.5587,2.848,-78.1975,3.484,0.0028,0.0003,0.0004,80830,3,39,1,2023-11-24,0,24,11,4,-68.6755,-70.3214,0.141344806,0.109881611,-69.18520000000002,-69.75886,0.0,2858,0.1167999999999978,0,1,0
26444325205,702884532,14989130,1700846301,1700846301,2023-11-24,0.142449238,-68.596,4.9157,-79.9906,3.4718,0.0072,0.0006,0.0005,80830,3,39,1,2023-11-24,0,24,11,4,-68.5587,-68.6755,0.123262253,0.141344806,-68.6100666666667,-69.29454,0.0,2859,-0.03730000000000189,0,1,0
26444325204,702884532,14989130,1700846269,1700846269,2023-11-24,0.145730125,-68.0625,6.8103,-79.6733,3.4672,0.0116,0.0003,0.0004,80830,3,39,1,2023-11-24,0,24,11,4,-68.596,-68.5587,0.142449238,0.123262253,-68.40573333333337,-68.84281999999999,0.0,2860,0.5335000000000036,0,1,0
26444325203,702884532,14989130,1700846237,1700846237,2023-11-24,0.138364922,-68.7378,5.3539,-79.776,3.4575,0.0139,0.0001,0.0005,80830,3,39,1,2023-11-24,0,24,11,4,-68.0625,-68.596,0.145730125,0.142449238,-68.46543333333337,-68.5261,0.0,2861,-0.6752999999999929,0,1,0
26444325202,702884532,14989130,1700846206,1700846206,2023-11-24,0.114553424,-68.3988,10.8136,-77.2478,3.4562,0.0129,0.0003,0.0006,80830,3,39,1,2023-11-24,0,24,11,4,-68.7378,-68.0625,0.138364922,0.145730125,-68.39970000000004,-68.47076,0.0,2862,0.33899999999999864,1,1,0
26444325201,702884532,14989130,1700846174,1700846174,2023-11-24,0.142655045,-68.2997,12.8368,-79.6642,3.43,0.011,0.0002,0.0002,80830,3,39,1,2023-11-24,0,24,11,4,-68.3988,-68.7378,0.114553424,0.138364922,-68.47876666666671,-68.41896,0.0,2863,0.09909999999999286,1,1,0
26444325200,702884532,14989130,1700846142,1700846142,2023-11-24,0.115568004,-68.3344,14.2839,-77.2636,3.4238,0.0219,0.0003,0.0005,80830,3,39,1,2023-11-24,0,24,11,4,-68.2997,-68.3988,0.142655045,0.114553424,-68.34430000000005,-68.36664,0.0,2864,-0.03470000000000084,1,1,0
26444325199,702884532,14989130,1700846079,1700846079,2023-11-24,0.128894359,-68.6514,2.5798,-78.8095,3.286,0.0214,0.0003,0.0004,80830,3,39,1,2023-11-24,0,24,11,4,-68.3344,-68.2997,0.115568004,0.142655045,-68.42850000000003,-68.48442,0.0,2865,-0.31699999999999307,0,1,0
26444325198,702884532,14989130,1700846047,1700846047,2023-11-24,0.111603625,-70.5687,8.4494,-79.4338,3.1855,0.017,0.0004,0.0007,80830,3,39,1,2023-11-24,0,24,11,4,-68.6514,-68.3344,0.128894359,0.115568004,-69.18483333333337,-68.85060000000001,0.0,2866,-1.9173000000000116,0,1,0
26444325197,702884532,14989130,1700846015,1700846015,2023-11-24,0.112882202,-70.4415,8.2553,-79.4049,3.1772,0.0219,0.0003,0.0002,80830,3,39,1,2023-11-24,0,24,11,4,-70.5687,-68.6514,0.111603625,0.128894359,-69.88720000000005,-69.25914,0.0,2867,0.12720000000000198,0,1,0
26444325196,702884532,14989130,1700845984,1700845984,2023-11-24,0.109825181,-70.4779,3.6376,-79.1731,3.1695,0.0045,0.0004,0.0004,80830,3,39,1,2023-11-24,0,24,11,4,-70.4415,-70.5687,0.112882202,0.111603625,-70.49603333333339,-69.69478000000001,0.0,2868,-0.03640000000000043,0,1,0
26444325213,702884533,14989130,1700846649,1700846649,2023-11-24,0.094333591,-70.5477,6.7201,-77.8959,3.1955,0.0097,0.0006,0.0004,80830,3,5,1,2023-11-24,0,24,11,4,-70.4779,-70.4415,0.109825181,0.112882202,-70.48903333333338,-70.13744,0.0,2869,-0.06980000000000075,0,1,0
26444324988,702884511,14989130,1700834763,1700834763,2023-11-24,0.106583767,-70.9846,5.7744,-79.453,3.9142,0.0106,0.0003,0.0004,80830,3,3,0,2023-11-24,0,24,11,4,-68.0897,-68.869,0.137534089,0.132976212,-69.31443333333335,-67.34598000000001,0.0,2870,-0.4368999999999943,0,1,0
26444324721,702884482,14989130,1700813939,1700813939,2023-11-24,0.116775306,-72.9117,35.6182,-82.5517,4.3087,0.0093,0.0003,0.0005,80830,1,3,0,2023-11-24,0,24,11,4,-70.2235,-72.3643,0.142358677,0.114699326,-71.83316666666671,-71.8596,0.0,2871,-1.9270999999999958,1,1,0
26444324773,702884487,14989130,1700815524,1700815524,2023-11-24,0.106358162,-73.0932,18.2929,-81.7925,3.9838,0.0172,0.0003,0.0,80830,1,3,0,2023-11-24,0,24,11,4,-71.6263,-72.1679,0.122710515,0.117035099,-72.29580000000003,-71.4079,0.0,2872,-0.18149999999999977,1,1,0
26444325002,702884515,14989130,1700836824,1700836824,2023-11-24,0.136995407,-68.6792,5.9867,-79.5815,3.6105,0.0175,0.0003,0.0004,80830,3,12,1,2023-11-24,0,24,11,4,-69.3621,-69.1482,0.117254255,0.121986711,-69.0631666666667,-68.69272,0.0,2873,4.4140000000000015,0,1,0
26444325085,702884518,14989130,1700840183,1700840183,2023-11-24,0.128836822,-69.5521,5.6773,-79.8382,3.5215,0.0049,0.0004,0.0004,80830,3,39,1,2023-11-24,0,24,11,4,-68.8665,-74.7732,0.119481456,0.094281755,-71.06393333333337,-69.50782,0.0,2874,-0.8729000000000013,0,1,0
26444325084,702884518,14989130,1700840152,1700840152,2023-11-24,0.105810566,-69.3291,9.8855,-77.5329,3.5257,0.0152,0.0005,0.0004,80830,3,39,1,2023-11-24,0,24,11,4,-69.5521,-68.8665,0.128836822,0.119481456,-69.24923333333338,-69.15222000000001,0.0,2875,0.22299999999999898,0,1,0
26444325083,702884518,14989130,1700840120,1700840120,2023-11-24,0.109028878,-69.309,11.2551,-77.7904,3.5112,0.0048,0.0002,0.0001,80830,3,39,1,2023-11-24,0,24,11,4,-69.3291,-69.5521,0.105810566,0.128836822,-69.39673333333336,-70.36598000000001,0.0,2876,0.02009999999999934,0,1,0
26444325082,702884518,14989130,1700840088,1700840088,2023-11-24,0.11038499,-69.1399,8.8924,-77.7189,3.5065,0.0059,0.0003,0.0002,80830,3,39,1,2023-11-24,0,24,11,4,-69.309,-69.3291,0.109028878,0.105810566,-69.25933333333337,-69.23931999999999,0.0,2877,0.16910000000000025,0,1,0
26444325081,702884518,14989130,1700840057,1700840057,2023-11-24,0.116433801,-68.949,6.0534,-78.0349,3.506,0.0037,0.0005,0.0003,80830,3,39,1,2023-11-24,0,24,11,4,-69.1399,-69.309,0.11038499,0.109028878,-69.13263333333337,-69.25582,0.0,2878,0.19089999999999918,0,1,0
26444325080,702884518,14989130,1700840025,1700840025,2023-11-24,0.100148527,-69.37,9.4438,-77.0905,3.4985,0.0107,0.0003,0.0004,80830,3,39,1,2023-11-24,0,24,11,4,-68.949,-69.1399,0.116433801,0.11038499,-69.1529666666667,-69.2194,0.0,2879,-0.4210000000000065,0,1,0
26444325079,702884518,14989130,1700839993,1700839993,2023-11-24,0.134330134,-69.1285,4.9272,-79.8555,3.506,0.0067,0.0003,0.0004,80830,3,39,1,2023-11-24,0,24,11,4,-69.37,-68.949,0.100148527,0.116433801,-69.14916666666672,-69.17927999999999,0.0,2880,0.24150000000000205,0,1,0
26444325078,702884518,14989130,1700839961,1700839961,2023-11-24,0.133517185,-69.2487,8.1568,-79.9193,3.484,0.0109,0.0002,0.0002,80830,3,39,1,2023-11-24,0,24,11,4,-69.1285,-69.37,0.134330134,0.100148527,-69.2490666666667,-69.16722,0.0,2881,-0.12019999999999698,0,1,0
26444325077,702884518,14989130,1700839930,1700839930,2023-11-24,0.133824423,-69.1403,6.5816,-79.8225,3.4795,0.0064,0.0003,0.0004,80830,3,39,1,2023-11-24,0,24,11,4,-69.2487,-69.1285,0.133517185,0.134330134,-69.17250000000003,-69.1673,0.0,2882,0.10840000000000316,0,1,0
26444325076,702884518,14989130,1700839898,1700839898,2023-11-24,0.124071924,-68.7212,4.8116,-78.4553,3.4342,0.0191,0.0003,0.0002,80830,3,39,1,2023-11-24,0,24,11,4,-69.1403,-69.2487,0.133824423,0.133517185,-69.03673333333337,-69.12174,0.0,2883,0.41910000000000025,0,1,0
26444325075,702884518,14989130,1700839866,1700839866,2023-11-24,0.132126693,-68.9567,8.8029,-79.4548,3.408,0.0129,0.0004,0.0004,80830,3,39,1,2023-11-24,0,24,11,4,-68.7212,-69.1403,0.124071924,0.133824423,-68.93940000000003,-69.03908,0.0,2884,-0.23550000000000182,1,1,0
26444325074,702884518,14989130,1700839835,1700839835,2023-11-24,0.113466759,-69.0089,7.1583,-77.8413,3.2367,0.0165,0.0005,0.0004,80830,3,39,1,2023-11-24,0,24,11,4,-68.9567,-68.7212,0.132126693,0.124071924,-68.89560000000004,-69.01516,0.0,2885,-0.052199999999999136,0,1,0
26444325073,702884518,14989130,1700839803,1700839803,2023-11-24,0.111848919,-71.0091,11.6193,-79.9516,3.2332,0.0262,0.0006,0.0005,80830,3,39,1,2023-11-24,0,24,11,4,-69.0089,-68.9567,0.113466759,0.132126693,-69.65823333333337,-69.36724000000001,0.0,2886,-2.0002000000000066,1,1,0
26444325072,702884518,14989130,1700839771,1700839771,2023-11-24,0.099372389,-70.215,6.6336,-77.9623,3.288,0.0463,0.0006,0.0004,80830,3,39,1,2023-11-24,0,24,11,4,-71.0091,-69.0089,0.111848919,0.113466759,-70.0776666666667,-69.58218,0.0,2887,0.7941000000000003,0,1,0
26444325071,702884518,14989130,1700839740,1700839740,2023-11-24,0.116800358,-69.8943,5.8745,-79.1376,3.2113,0.0234,0.0003,0.0004,80830,3,39,1,2023-11-24,0,24,11,4,-70.215,-71.0091,0.099372389,0.111848919,-70.37280000000004,-69.81680000000001,0.0,2888,0.3207000000000022,0,1,0
26444325070,702884518,14989130,1700839708,1700839708,2023-11-24,0.116651519,-70.7548,8.7433,-80.0984,3.28,0.0238,0.0004,0.0008,80830,3,39,1,2023-11-24,0,24,11,4,-69.8943,-70.215,0.116800358,0.099372389,-70.28803333333337,-70.17642000000001,0.0,2889,-0.8605000000000018,0,1,0
26444325069,702884518,14989130,1700839645,1700839645,2023-11-24,0.096119182,-70.404,8.1446,-77.8908,3.4145,0.0147,0.0006,0.0005,80830,3,39,1,2023-11-24,0,24,11,4,-70.7548,-69.8943,0.116651519,0.116800358,-70.35103333333336,-70.45544,0.0,2890,0.35080000000000666,0,1,0
26444324978,702884510,14989130,1700834351,1700834351,2023-11-24,0.209439196,-63.2402,47.4235,-79.9941,4.2925,0.0016,0.0002,0.0,80830,3,8,1,2023-11-24,0,24,11,4,-71.1071,-70.5477,0.108364859,0.094333591,-68.29833333333339,-69.16288,0.0,2891,7.163799999999995,1,1,1
26444325068,702884518,14989130,1700839613,1700839613,2023-11-24,0.118365497,-70.5975,13.807,-80.0757,3.4672,0.007,0.0003,0.0005,80830,3,39,1,2023-11-24,0,24,11,4,-69.1264,-70.404,0.136218005,0.096119182,-70.04263333333337,-70.15540000000001,0.0,2892,-7.357299999999995,0,1,0
26444325009,702884515,14989130,1700837045,1700837045,2023-11-24,0.128024395,-70.1432,7.5308,-80.4417,3.433,0.0078,0.0006,0.0004,80830,3,12,1,2023-11-24,0,24,11,4,-70.5975,-69.1264,0.118365497,0.136218005,-69.95570000000004,-70.20518,0.0,2893,0.4543000000000035,0,1,0
26444324901,702884500,14989130,1700823923,1700823923,2023-11-24,0.130355513,-69.7354,6.6238,-80.1884,3.9108,0.0081,0.0006,0.0005,80830,3,29,1,2023-11-24,0,24,11,4,-70.1432,-70.5975,0.128024395,0.118365497,-70.15870000000002,-70.00129999999999,0.0,2894,0.4077999999999946,0,1,0
26444324944,702884504,14989130,1700827442,1700827442,2023-11-24,0.157612848,-67.0338,8.269,-79.576,4.086,0.0259,0.0003,0.0005,80830,3,26,1,2023-11-24,0,24,11,4,-69.7354,-70.1432,0.130355513,0.128024395,-68.97080000000004,-69.32726,0.0,2895,2.701599999999999,0,1,0
26444324943,702884504,14989130,1700827378,1700827378,2023-11-24,0.136926369,-68.9267,41.851,-79.8619,4.3368,0.0098,0.0003,0.0004,80830,3,26,1,2023-11-24,0,24,11,4,-67.0338,-69.7354,0.157612848,0.130355513,-68.56530000000004,-69.28732,0.0,2896,-1.8928999999999974,1,1,0
26444324942,702884504,14989130,1700827346,1700827346,2023-11-24,0.178765021,-65.4645,10.5944,-79.7147,4.2852,0.0023,0.0003,0.0002,80830,3,26,1,2023-11-24,0,24,11,4,-68.9267,-67.0338,0.136926369,0.157612848,-67.1416666666667,-68.26072,0.0,2897,3.4621999999999957,0,1,1
26444324941,702884504,14989130,1700827315,1700827315,2023-11-24,0.190999869,-64.2139,26.6833,-79.3744,3.905,0.0063,0.0004,0.0004,80830,3,26,1,2023-11-24,0,24,11,4,-65.4645,-68.9267,0.178765021,0.136926369,-66.20170000000003,-67.07485999999999,0.0,2898,1.2506000000000057,1,1,1
26444324940,702884504,14989130,1700827283,1700827283,2023-11-24,0.190342208,-64.1134,16.9147,-79.1858,3.8973,0.0023,0.0005,0.0004,80830,3,26,1,2023-11-24,0,24,11,4,-64.2139,-65.4645,0.190999869,0.178765021,-64.59726666666671,-65.95045999999999,0.0,2899,0.1004999999999967,0,1,1
26444324939,702884504,14989130,1700827251,1700827251,2023-11-24,0.174188699,-65.0352,6.819,-78.7531,3.9093,0.0032,0.0002,0.0001,80830,3,26,1,2023-11-24,0,24,11,4,-64.1134,-64.2139,0.190342208,0.190999869,-64.45416666666671,-65.55073999999999,0.0,2900,-0.9218000000000046,0,1,1
26444324938,702884504,14989130,1700827220,1700827220,2023-11-24,0.179350348,-64.7271,6.9673,-78.873,3.9232,0.0071,0.0003,0.0004,80830,3,26,1,2023-11-24,0,24,11,4,-65.0352,-64.1134,0.174188699,0.190342208,-64.62523333333337,-64.71081999999998,0.0,2901,0.30810000000001025,0,1,1
26444324937,702884504,14989130,1700827188,1700827188,2023-11-24,0.206846389,-63.0826,12.9231,-79.5339,3.9272,0.0048,0.0003,0.0002,80830,3,26,1,2023-11-24,0,24,11,4,-64.7271,-65.0352,0.179350348,0.174188699,-64.28163333333337,-64.23443999999999,0.0,2902,1.6444999999999936,0,1,1
26444324936,702884504,14989130,1700827156,1700827156,2023-11-24,0.204796515,-63.5564,6.0475,-79.9247,3.9405,0.0034,0.0003,0.0002,80830,3,26,1,2023-11-24,0,24,11,4,-63.0826,-64.7271,0.206846389,0.179350348,-63.788700000000034,-64.10294,0.0,2903,-0.4737999999999971,0,1,1
26444324935,702884504,14989130,1700827125,1700827125,2023-11-24,0.221981972,-61.7807,19.9274,-79.4078,3.9375,0.0011,0.0004,0.0004,80830,3,26,1,2023-11-24,0,24,11,4,-63.5564,-63.0826,0.204796515,0.206846389,-62.806566666666704,-63.6364,0.0,2904,1.7756999999999934,1,1,1
26444324934,702884504,14989130,1700827093,1700827093,2023-11-24,0.209004399,-62.7322,5.6395,-79.3079,3.9493,0.0069,0.0004,0.0001,80830,3,26,1,2023-11-24,0,24,11,4,-61.7807,-63.5564,0.221981972,0.204796515,-62.689766666666706,-63.175799999999995,0.0,2905,-0.9514999999999958,0,1,1
26444324933,702884504,14989130,1700827061,1700827061,2023-11-24,0.242517049,-59.236,2.988,-78.2011,3.9015,0.0025,0.0003,0.0004,80830,3,26,1,2023-11-24,0,24,11,4,-62.7322,-61.7807,0.209004399,0.221981972,-61.24963333333337,-62.07758,0.0,2906,3.4962000000000018,0,0,1
26444324932,702884504,14989130,1700827030,1700827030,2023-11-24,0.233460082,-60.5982,9.3386,-79.0542,3.9348,0.0037,0.0003,0.0001,80830,3,26,1,2023-11-24,0,24,11,4,-59.236,-62.7322,0.242517049,0.209004399,-60.8554666666667,-61.5807,0.0,2907,-1.3622000000000014,0,1,1
26444324931,702884504,14989130,1700826998,1700826998,2023-11-24,0.170383015,-66.2411,44.1507,-79.8454,3.8845,0.0069,0.0003,0.0005,80830,3,26,1,2023-11-24,0,24,11,4,-60.5982,-59.236,0.233460082,0.242517049,-62.02510000000004,-62.117639999999994,0.0,2908,-5.6429000000000045,1,1,1
26444324930,702884504,14989130,1700826934,1700826934,2023-11-24,0.114002705,-70.296,20.0971,-79.3411,3.912,0.0066,0.0003,0.0002,80830,3,26,1,2023-11-24,0,24,11,4,-66.2411,-60.5982,0.170383015,0.233460082,-65.71176666666672,-63.8207,0.0,2909,-4.0549000000000035,1,1,0
26444324929,702884504,14989130,1700826903,1700826903,2023-11-24,0.132046878,-68.4401,21.4676,-78.8523,3.9088,0.0036,0.0003,0.0002,80830,3,26,1,2023-11-24,0,24,11,4,-70.296,-66.2411,0.114002705,0.170383015,-68.32573333333336,-64.96228,0.0,2910,1.8559000000000054,0,1,0
26444324927,702884504,14989130,1700826839,1700826839,2023-11-24,0.187534443,-64.7219,7.203,-79.6611,3.9078,0.002,0.0002,0.0002,80830,3,26,1,2023-11-24,0,24,11,4,-68.4401,-70.296,0.132046878,0.114002705,-67.81933333333338,-66.05946000000002,0.0,2911,3.718199999999996,0,1,1
26444325007,702884515,14989130,1700836982,1700836982,2023-11-24,0.120473894,-70.0437,8.3529,-79.638,3.4823,0.0049,0.0003,0.0004,80830,3,12,1,2023-11-24,0,24,11,4,-64.7219,-68.4401,0.187534443,0.132046878,-67.73523333333338,-67.94856,0.0,2912,-5.321799999999996,0,1,0
26444325067,702884518,14989130,1700839549,1700839549,2023-11-24,0.111800038,-69.1469,7.0444,-77.8506,3.4975,0.0054,0.0003,0.0002,80830,3,39,1,2023-11-24,0,24,11,4,-70.0437,-64.7219,0.120473894,0.187534443,-67.97083333333337,-68.52972,0.0,2913,0.8967999999999989,0,1,0
26444325066,702884518,14989130,1700839518,1700839518,2023-11-24,0.108949921,-69.3253,8.4409,-77.8018,3.4823,0.0069,0.0003,0.0004,80830,3,39,1,2023-11-24,0,24,11,4,-69.1469,-70.0437,0.111800038,0.120473894,-69.50530000000005,-68.33558000000001,0.0,2914,-0.17839999999999634,0,1,0
26444325065,702884518,14989130,1700839486,1700839486,2023-11-24,0.136849646,-69.1588,9.3062,-80.1237,3.4457,0.0067,0.0004,0.0004,80830,3,39,1,2023-11-24,0,24,11,4,-69.3253,-69.1469,0.108949921,0.111800038,-69.21033333333337,-68.47932,0.0,2915,0.1664999999999992,0,1,0
26444325095,702884518,14989130,1700840564,1700840564,2023-11-24,0.122004453,-70.0766,9.0656,-79.8143,3.3945,0.0146,0.0006,0.0002,80830,3,39,1,2023-11-24,0,24,11,4,-70.0296,-69.1588,0.113890351,0.136849646,-69.75500000000004,-69.54744000000001,0.0,2916,-0.9177999999999997,0,1,0
26444325094,702884518,14989130,1700840532,1700840532,2023-11-24,0.121225182,-70.3432,3.3046,-80.0469,3.4285,0.0194,0.0003,0.0004,80830,3,39,1,2023-11-24,0,24,11,4,-70.0766,-70.0296,0.122004453,0.113890351,-70.14980000000004,-69.7867,0.0,2917,-0.26659999999999684,0,1,0
26444325093,702884518,14989130,1700840500,1700840500,2023-11-24,0.110386414,-70.3123,9.8883,-79.0369,3.4402,0.0255,0.0004,0.0004,80830,3,39,1,2023-11-24,0,24,11,4,-70.3432,-70.0766,0.121225182,0.122004453,-70.24403333333338,-69.98409999999998,0.0,2918,0.030900000000002592,0,1,0
26444325092,702884518,14989130,1700840469,1700840469,2023-11-24,0.096325228,-69.7336,2.94,-77.1667,3.4665,0.02,0.0003,0.0007,80830,3,39,1,2023-11-24,0,24,11,4,-70.3123,-70.3432,0.110386414,0.121225182,-70.12970000000003,-70.09906,0.0,2919,0.5786999999999978,0,1,0
26444325091,702884518,14989130,1700840405,1700840405,2023-11-24,0.118488614,-69.0658,12.1746,-78.3493,3.54,0.0133,0.0002,0.0002,80830,3,39,1,2023-11-24,0,24,11,4,-69.7336,-70.3123,0.096325228,0.110386414,-69.70390000000003,-69.90629999999999,0.0,2920,0.6677999999999997,1,1,0
26444325089,702884518,14989130,1700840342,1700840342,2023-11-24,0.126869835,-69.3254,10.191,-79.3987,3.5345,0.0036,0.0003,0.0004,80830,3,39,1,2023-11-24,0,24,11,4,-69.0658,-69.7336,0.118488614,0.096325228,-69.37493333333337,-69.75606,0.0,2921,-0.25960000000000605,1,1,0
26444325008,702884515,14989130,1700837014,1700837014,2023-11-24,0.100398996,-70.1651,6.8217,-77.9958,3.4453,0.0056,0.0008,0.0004,80830,3,12,1,2023-11-24,0,24,11,4,-69.3254,-69.0658,0.126869835,0.118488614,-69.5187666666667,-69.72043999999998,0.0,2922,-0.8396999999999935,0,1,0
26444324736,702884484,14989130,1700814288,1700814288,2023-11-24,0.094281755,-74.7732,35.6291,-82.5568,4.2585,0.006,0.0003,0.0001,80830,1,6,1,2023-11-24,0,24,11,4,-63.2402,-71.1071,0.209439196,0.108364859,-69.70683333333336,-70.02922000000001,0.0,2923,-4.608100000000007,1,1,0
26444325062,702884518,14989130,1700839391,1700839391,2023-11-24,0.11285993,-69.8975,5.5683,-78.7897,3.4838,0.0178,0.0003,0.0002,80830,3,39,1,2023-11-24,0,24,11,4,-70.1651,-69.3254,0.100398996,0.126869835,-69.79600000000003,-69.63748000000001,0.0,2924,4.875700000000009,0,1,0
26444325032,702884516,14989130,1700838123,1700838123,2023-11-24,0.107462487,-70.7178,5.3075,-79.2323,3.3305,0.0443,0.0003,0.0005,80830,3,36,1,2023-11-24,0,24,11,4,-68.8595,-69.8975,0.123319291,0.11285993,-69.82493333333338,-69.79306,0.0,2925,-0.8203000000000031,0,1,0
26444325031,702884516,14989130,1700838060,1700838060,2023-11-24,0.104981527,-70.1332,11.4845,-78.3595,3.3655,0.0272,0.0003,0.0004,80830,3,36,1,2023-11-24,0,24,11,4,-70.7178,-68.8595,0.107462487,0.123319291,-69.90350000000004,-69.95462,0.0,2926,0.5845999999999947,0,1,0
26444325030,702884516,14989130,1700838028,1700838028,2023-11-24,0.099710262,-70.721,8.4388,-78.5536,3.3203,0.0416,0.0004,0.0004,80830,3,36,1,2023-11-24,0,24,11,4,-70.1332,-70.7178,0.104981527,0.107462487,-70.52400000000004,-70.0658,0.0,2927,-0.5878000000000014,0,1,0
26444325029,702884516,14989130,1700837996,1700837996,2023-11-24,0.108839172,-69.9899,6.9225,-78.5379,3.3625,0.0196,0.0005,0.0004,80830,3,36,1,2023-11-24,0,24,11,4,-70.721,-70.1332,0.099710262,0.104981527,-70.2813666666667,-70.08428,0.0,2928,0.7310999999999979,0,1,0
26444325028,702884516,14989130,1700837965,1700837965,2023-11-24,0.095610303,-70.5452,11.7432,-78.0031,3.3365,0.0342,0.0002,0.0007,80830,3,36,1,2023-11-24,0,24,11,4,-69.9899,-70.721,0.108839172,0.099710262,-70.41870000000004,-70.42142,0.0,2929,-0.5552999999999884,1,1,0
26444325027,702884516,14989130,1700837901,1700837901,2023-11-24,0.110230394,-70.3378,3.7562,-79.0517,3.3792,0.0345,0.0002,0.0004,80830,3,36,1,2023-11-24,0,24,11,4,-70.5452,-69.9899,0.095610303,0.108839172,-70.2909666666667,-70.34542,0.0,2930,0.2073999999999927,0,1,0
26444325026,702884516,14989130,1700837870,1700837870,2023-11-24,0.119241115,-70.5967,9.5679,-80.1544,3.4333,0.0062,0.0002,0.0001,80830,3,36,1,2023-11-24,0,24,11,4,-70.3378,-70.5452,0.110230394,0.095610303,-70.49323333333336,-70.43812,0.0,2931,-0.258899999999997,0,1,0
26444325097,702884519,14989130,1700840691,1700840691,2023-11-24,0.108612868,-70.9726,6.6686,-79.6204,3.322,0.0351,0.0002,0.0002,80830,3,2,0,2023-11-24,0,24,11,4,-70.5967,-70.3378,0.119241115,0.110230394,-70.63570000000004,-70.48844,0.0,2932,-0.37590000000000146,0,1,0
26444325096,702884519,14989130,1700840659,1700840659,2023-11-24,0.113890351,-70.0296,8.1664,-79.0304,3.3243,0.0454,0.0002,0.0,80830,3,2,0,2023-11-24,0,24,11,4,-69.1588,-69.3253,0.136849646,0.108949921,-69.5045666666667,-69.54086000000001,0.0,2933,0.9429999999999978,0,1,0
26444325098,702884520,14989130,1700840786,1700840786,2023-11-24,0.119397925,-70.3867,2.1888,-79.9302,3.3215,0.0405,0.0004,0.0,80830,3,11,1,2023-11-24,0,24,11,4,-70.9726,-70.5967,0.108612868,0.119241115,-70.65200000000003,-70.5678,0.0,2934,-0.35710000000000264,0,1,0
26444325099,702884520,14989130,1700840817,1700840817,2023-11-24,0.11789824,-70.0709,4.9567,-79.4363,3.3253,0.0361,0.0003,0.0004,80830,3,11,1,2023-11-24,0,24,11,4,-70.3867,-70.9726,0.119397925,0.108612868,-70.47673333333337,-70.47294000000001,0.0,2935,0.3158000000000101,0,1,0
26444325100,702884520,14989130,1700840849,1700840849,2023-11-24,0.11601322,-70.1836,6.3158,-79.3944,3.3135,0.0544,0.0003,0.0004,80830,3,11,1,2023-11-24,0,24,11,4,-70.0709,-70.3867,0.11789824,0.119397925,-70.21373333333338,-70.44210000000001,0.0,2936,-0.1127000000000038,0,1,0
26444325087,702884518,14989130,1700840278,1700840278,2023-11-24,0.14042253,-68.9688,7.3086,-80.2357,3.5303,0.0055,0.0002,0.0005,80830,3,39,1,2023-11-24,0,24,11,4,-70.0156,-70.1836,0.103941395,0.11601322,-69.72266666666671,-69.92512,0.0,2937,1.2147999999999968,0,1,0
26444325063,702884518,14989130,1700839423,1700839423,2023-11-24,0.117605485,-70.7901,15.8654,-80.225,3.477,0.0063,0.0003,0.0002,80830,3,39,1,2023-11-24,0,24,11,4,-68.9688,-70.0156,0.14042253,0.103941395,-69.92483333333337,-70.0058,0.0,2938,-1.8212999999999937,1,1,0
26444325088,702884518,14989130,1700840310,1700840310,2023-11-24,0.137236571,-69.1215,7.1209,-80.1164,3.53,0.0067,0.0006,0.0004,80830,3,39,1,2023-11-24,0,24,11,4,-70.7901,-68.9688,0.117605485,0.14042253,-69.62680000000003,-69.81591999999999,0.0,2939,1.6685999999999979,0,1,0
26444325090,702884518,14989130,1700840374,1700840374,2023-11-24,0.124198568,-69.1193,5.918,-78.9212,3.536,0.011,0.0003,0.0001,80830,3,39,1,2023-11-24,0,24,11,4,-69.1215,-70.7901,0.137236571,0.117605485,-69.6769666666667,-69.60306,0.0,2940,0.002200000000001978,0,1,0
26444325113,702884522,14989130,1700841483,1700841483,2023-11-24,0.10468058,-70.8152,6.6767,-79.0949,3.352,0.0261,0.0004,0.0008,80830,3,4,1,2023-11-24,0,24,11,4,-69.1193,-69.1215,0.124198568,0.137236571,-69.68533333333336,-69.76298,0.0,2941,-1.6959000000000088,0,1,0
26444325112,702884522,14989130,1700841420,1700841420,2023-11-24,0.11131499,-70.2749,4.019,-79.0774,3.3933,0.0288,0.0004,0.0004,80830,3,4,1,2023-11-24,0,24,11,4,-70.8152,-69.1193,0.10468058,0.124198568,-70.06980000000004,-70.0242,0.0,2942,0.540300000000002,0,1,0
26444325111,702884522,14989130,1700841388,1700841388,2023-11-24,0.112595267,-70.7006,7.6582,-79.6712,3.3378,0.0106,0.0006,0.0,80830,3,4,1,2023-11-24,0,24,11,4,-70.2749,-70.8152,0.11131499,0.10468058,-70.59690000000003,-70.0063,0.0,2943,-0.425699999999992,0,1,0
26444324945,702884504,14989130,1700827505,1700827505,2023-11-24,0.102345843,-70.8452,21.6895,-78.9226,3.9435,0.0037,0.0003,0.0005,80830,3,26,1,2023-11-24,0,24,11,4,-70.7006,-70.2749,0.112595267,0.11131499,-70.60690000000004,-70.35104,0.0,2944,-0.14460000000001116,1,1,0
26444325109,702884521,14989130,1700841261,1700841261,2023-11-24,0.110378904,-70.6312,7.3227,-79.3947,3.3457,0.0517,0.0003,0.0,80830,3,2,0,2023-11-24,0,24,11,4,-70.5346,-70.115,0.112943044,0.113491766,-70.42693333333337,-70.46826,0.0,2945,0.21399999999999864,0,1,0
26444325110,702884521,14989130,1700841293,1700841293,2023-11-24,0.115059332,-70.8695,4.3194,-80.0839,3.3662,0.0383,0.0003,0.0002,80830,3,2,0,2023-11-24,0,24,11,4,-70.8452,-70.7006,0.102345843,0.112595267,-70.80510000000004,-70.70108,0.0,2946,-0.2382999999999953,0,1,0
26444325107,702884520,14989130,1700841103,1700841103,2023-11-24,0.111082927,-70.0872,9.1325,-78.8456,3.3133,0.0453,0.0005,0.0001,80830,3,11,1,2023-11-24,0,24,11,4,-70.2682,-70.8695,0.119736227,0.115059332,-70.40830000000004,-70.55413999999999,0.0,2947,0.7823000000000064,0,1,0
26444325106,702884520,14989130,1700841071,1700841071,2023-11-24,0.106087408,-70.2424,5.572,-78.5786,3.3483,0.0304,0.0003,0.0004,80830,3,11,1,2023-11-24,0,24,11,4,-70.0872,-70.2682,0.111082927,0.119736227,-70.1992666666667,-70.4625,0.0,2948,-0.15520000000000778,0,1,0
26444325105,702884520,14989130,1700841039,1700841039,2023-11-24,0.115811229,-70.077,8.9141,-79.2557,3.3803,0.0192,0.0005,0.0004,80830,3,11,1,2023-11-24,0,24,11,4,-70.2424,-70.0872,0.106087408,0.111082927,-70.13553333333337,-70.30886000000001,0.0,2949,0.16540000000000532,0,1,0
26444325104,702884520,14989130,1700841007,1700841007,2023-11-24,0.105582237,-70.6387,9.8878,-78.9773,3.3475,0.043,0.0003,0.0004,80830,3,11,1,2023-11-24,0,24,11,4,-70.077,-70.2424,0.115811229,0.106087408,-70.31936666666671,-70.2627,0.0,2950,-0.5617000000000019,1,1,0
26444325103,702884520,14989130,1700840976,1700840976,2023-11-24,0.119469945,-70.4218,7.9674,-79.9766,3.39,0.002,0.0002,0.0004,80830,3,11,1,2023-11-24,0,24,11,4,-70.6387,-70.077,0.105582237,0.115811229,-70.3791666666667,-70.29342,0.0,2951,0.21689999999999543,0,1,0
26444325102,702884520,14989130,1700840944,1700840944,2023-11-24,0.113491766,-70.115,16.8432,-79.0912,3.3425,0.0431,0.0003,0.0005,80830,3,11,1,2023-11-24,0,24,11,4,-70.4218,-70.6387,0.119469945,0.105582237,-70.39183333333337,-70.29898,0.0,2952,0.30680000000000973,1,1,0
26444325101,702884520,14989130,1700840912,1700840912,2023-11-24,0.112943044,-70.5346,9.5842,-79.5153,3.3095,0.0511,0.0003,0.0005,80830,3,11,1,2023-11-24,0,24,11,4,-70.115,-70.4218,0.113491766,0.119469945,-70.35713333333337,-70.35742,0.0,2953,-0.41960000000000264,0,1,0
26444325064,702884518,14989130,1700839454,1700839454,2023-11-24,0.103941395,-70.0156,6.581,-78.1373,3.436,0.018,0.0006,0.0005,80830,3,39,1,2023-11-24,0,24,11,4,-70.1836,-70.0709,0.11601322,0.11789824,-70.09003333333338,-70.32588000000001,0.0,2954,0.5189999999999912,0,1,0
26444325108,702884520,14989130,1700841134,1700841134,2023-11-24,0.119736227,-70.2682,3.3191,-79.8263,3.343,0.0289,0.0003,0.0004,80830,3,11,1,2023-11-24,0,24,11,4,-70.8695,-70.8452,0.115059332,0.102345843,-70.66096666666671,-70.59168,0.0,2955,-0.25259999999998684,0,1,0
26444324946,702884504,14989130,1700827537,1700827537,2023-11-24,0.108860811,-70.296,31.4649,-78.8833,3.9165,0.0093,0.0002,0.0004,80830,3,26,1,2023-11-24,0,24,11,4,-70.6312,-70.5346,0.110378904,0.112943044,-70.48726666666671,-70.39972,0.0,2956,-0.02780000000001337,1,1,0
26444324977,702884509,14989130,1700834256,1700834256,2023-11-24,0.136218005,-69.1264,6.0388,-80.0276,4.2503,0.005,0.0002,0.0004,80830,3,3,0,2023-11-24,0,24,11,4,-70.404,-70.7548,0.096119182,0.116651519,-70.09506666666671,-70.0789,0.0,2957,1.1696000000000026,0,1,0
26444324949,702884505,14989130,1700827790,1700827790,2023-11-24,0.109650444,-71.2293,25.1538,-80.0015,3.9068,0.0155,0.0006,0.0002,80830,3,16,1,2023-11-24,0,24,11,4,-65.2651,-70.8826,0.175314698,0.109793544,-69.12566666666669,-67.14516,0.0,2958,-2.102899999999991,1,1,0
26444324980,702884510,14989130,1700834415,1700834415,2023-11-24,0.184887738,-64.0838,41.1833,-78.6196,4.244,0.0,0.0003,0.0002,80830,3,8,1,2023-11-24,0,24,11,4,-70.6445,-69.3421,0.116765999,0.1025721,-68.0234666666667,-68.99952,0.0,2959,7.145499999999998,1,1,1
26444324982,702884510,14989130,1700834478,1700834478,2023-11-24,0.163667388,-66.3139,20.2174,-79.2913,4.0092,0.0169,0.0003,0.0004,80830,3,8,1,2023-11-24,0,24,11,4,-64.0838,-70.6445,0.184887738,0.116765999,-67.0140666666667,-68.13606,0.0,2960,-2.2301000000000073,0,1,1
26444325005,702884515,14989130,1700836919,1700836919,2023-11-24,0.116764509,-69.9602,9.7398,-79.209,3.5558,0.0076,0.0003,0.0002,80830,3,12,1,2023-11-24,0,24,11,4,-66.3139,-64.0838,0.163667388,0.184887738,-66.7859666666667,-68.06890000000001,0.0,2961,-3.6462999999999965,0,1,0
26444325004,702884515,14989130,1700836887,1700836887,2023-11-24,0.121986711,-69.1482,11.2945,-78.7553,3.602,0.0133,0.0004,0.0004,80830,3,12,1,2023-11-24,0,24,11,4,-69.9602,-66.3139,0.116764509,0.163667388,-68.47410000000004,-68.03012,0.0,2962,0.8119999999999976,0,1,0
26444325003,702884515,14989130,1700836855,1700836855,2023-11-24,0.117254255,-69.3621,16.5063,-78.5754,3.6077,0.0212,0.0003,0.0004,80830,3,12,1,2023-11-24,0,24,11,4,-69.1482,-69.9602,0.121986711,0.116764509,-69.49016666666671,-67.77364,0.0,2963,-0.21389999999999532,0,1,0
26444325001,702884515,14989130,1700836792,1700836792,2023-11-24,0.100942933,-71.9011,20.6249,-79.9739,3.628,0.026,0.0002,0.0002,80830,3,12,1,2023-11-24,0,24,11,4,-68.6792,-69.3621,0.136995407,0.117254255,-69.98080000000003,-69.81016,0.0,2964,-2.5390000000000015,1,1,0
26444325000,702884515,14989130,1700836760,1700836760,2023-11-24,0.10581652,-71.7804,26.2028,-80.2748,3.7807,0.0265,0.0003,0.0008,80830,3,12,1,2023-11-24,0,24,11,4,-71.9011,-68.6792,0.100942933,0.136995407,-70.78690000000003,-70.17420000000001,0.0,2965,0.12069999999999936,1,1,0
26444324999,702884515,14989130,1700836697,1700836697,2023-11-24,0.103838842,-72.032,19.7836,-80.3784,3.926,0.0091,0.0004,0.0,80830,3,12,1,2023-11-24,0,24,11,4,-71.7804,-71.9011,0.10581652,0.100942933,-71.90450000000004,-70.75095999999999,0.0,2966,-0.25159999999999627,0,1,0
26444324998,702884514,14989130,1700835841,1700835841,2023-11-24,0.120647851,-69.6694,22.9119,-79.2281,3.9137,0.0053,0.0003,0.0002,80830,3,4,1,2023-11-24,0,24,11,4,-72.032,-71.7804,0.103838842,0.10581652,-71.16060000000004,-70.81242,0.0,2967,2.3626000000000005,0,1,0
26444324997,702884514,14989130,1700835809,1700835809,2023-11-24,0.116389932,-69.4529,16.8151,-78.6013,3.9245,0.0074,0.0003,0.0003,80830,3,4,1,2023-11-24,0,24,11,4,-69.6694,-72.032,0.120647851,0.103838842,-70.38476666666669,-70.96716,0.0,2968,0.21649999999999636,0,1,0
26444324996,702884514,14989130,1700835778,1700835778,2023-11-24,0.117051101,-68.9101,26.6013,-78.0454,3.9438,0.01,0.0002,0.0005,80830,3,4,1,2023-11-24,0,24,11,4,-69.4529,-69.6694,0.116389932,0.120647851,-69.34413333333337,-70.36896,0.0,2969,0.5427999999999997,1,1,0
26444324995,702884514,14989130,1700835714,1700835714,2023-11-24,0.108514697,-71.0282,14.6488,-79.674,4.154,0.0474,0.0005,0.0,80830,3,4,1,2023-11-24,0,24,11,4,-68.9101,-69.4529,0.117051101,0.116389932,-69.79706666666671,-70.21851999999998,0.0,2970,-2.1180999999999983,0,1,0
26444324994,702884513,14989130,1700835080,1700835080,2023-11-24,0.159303684,-66.9354,6.6209,-79.619,4.1167,0.0244,0.0002,0.0001,80830,3,2,0,2023-11-24,0,24,11,4,-71.0282,-68.9101,0.108514697,0.117051101,-68.95790000000004,-69.19919999999999,0.0,2971,4.092799999999997,0,1,1
26444324993,702884513,14989130,1700835049,1700835049,2023-11-24,0.155921033,-67.2893,38.2841,-79.7192,4.2142,0.0071,0.0003,0.0,80830,3,2,0,2023-11-24,0,24,11,4,-66.9354,-71.0282,0.159303684,0.108514697,-68.41763333333337,-68.72318,0.0,2972,-0.3538999999999959,1,1,0
26444324992,702884512,14989130,1700834954,1700834954,2023-11-24,0.119652843,-70.4364,15.2577,-80.0098,4.2038,0.0116,0.0003,0.0001,80830,3,4,1,2023-11-24,0,24,11,4,-67.2893,-66.9354,0.155921033,0.159303684,-68.22036666666669,-68.91988,0.0,2973,-3.147100000000009,0,1,0
26444324991,702884512,14989130,1700834922,1700834922,2023-11-24,0.2150991,-62.2136,26.7784,-79.263,4.0122,0.0086,0.0003,0.0003,80830,3,4,1,2023-11-24,0,24,11,4,-70.4364,-67.2893,0.119652843,0.155921033,-66.64643333333338,-67.58058,0.0,2974,8.222800000000007,1,1,1
26444324955,702884505,14989130,1700828044,1700828044,2023-11-24,0.120529387,-70.5521,24.2551,-80.2211,3.9043,0.0057,0.0002,0.0002,80830,3,16,1,2023-11-24,0,24,11,4,-62.2136,-70.4364,0.2150991,0.119652843,-67.73403333333337,-67.48535999999999,0.0,2975,-8.338499999999996,1,1,0
26444324990,702884512,14989130,1700834890,1700834890,2023-11-24,0.164463975,-65.9583,11.508,-78.9413,3.9865,0.0034,0.0002,0.0002,80830,3,4,1,2023-11-24,0,24,11,4,-70.5521,-62.2136,0.120529387,0.2150991,-66.24133333333337,-67.28994,0.0,2976,4.593800000000002,0,1,1
26444324979,702884510,14989130,1700834383,1700834383,2023-11-24,0.152385139,-66.9097,1.4168,-78.9388,4.254,0.0053,0.0004,0.0004,80830,3,8,1,2023-11-24,0,24,11,4,-65.9583,-70.5521,0.164463975,0.120529387,-67.80670000000003,-67.21401999999999,0.0,2977,-0.9514000000000067,0,1,0
26444324958,702884505,14989130,1700828139,1700828139,2023-11-24,0.109953673,-71.2588,24.5555,-80.0619,3.9068,0.0028,0.0004,0.0005,80830,3,16,1,2023-11-24,0,24,11,4,-66.9097,-65.9583,0.152385139,0.164463975,-68.0422666666667,-67.3785,0.0,2978,-4.349099999999993,1,1,0
26444324947,702884505,14989130,1700827727,1700827727,2023-11-24,0.105785017,-70.1551,19.371,-78.4544,3.8968,0.011,0.0006,0.0,80830,3,16,1,2023-11-24,0,24,11,4,-70.2364,-71.4856,0.124053108,0.107142054,-70.62570000000004,-67.4724,0.0,2979,1.1036999999999892,1,1,0
26444324976,702884509,14989130,1700834225,1700834225,2023-11-24,0.119481456,-68.8665,30.4051,-78.2113,4.235,0.0121,0.0002,0.0002,80830,3,3,0,2023-11-24,0,24,11,4,-74.7732,-63.2402,0.094281755,0.209439196,-68.95996666666672,-69.70694,0.0,2980,1.2886000000000024,1,1,0
26444324974,702884508,14989130,1700829407,1700829407,2023-11-24,0.166866704,-65.3888,20.6537,-78.4854,4.274,0.0039,0.0006,0.0004,80830,3,6,1,2023-11-24,0,24,11,4,-70.7602,-71.2588,0.115936217,0.109953673,-69.13593333333337,-68.05516,0.0,2981,3.4776999999999987,0,1,1
26444324973,702884508,14989130,1700829375,1700829375,2023-11-24,0.104089475,-70.4596,14.622,-78.6458,4.2983,0.0048,0.0002,0.0005,80830,3,6,1,2023-11-24,0,24,11,4,-65.3888,-70.7602,0.166866704,0.115936217,-68.86953333333337,-68.95542,0.0,2982,-5.070799999999991,0,1,0
26444324972,702884508,14989130,1700829312,1700829312,2023-11-24,0.102441361,-70.4632,11.0384,-78.5054,4.334,0.0068,0.0005,0.0004,80830,3,6,1,2023-11-24,0,24,11,4,-70.4596,-65.3888,0.104089475,0.166866704,-68.77053333333338,-69.66612,0.0,2983,-0.0036000000000058208,0,1,0
26444324971,702884508,14989130,1700829280,1700829280,2023-11-24,0.111310447,-70.1432,7.5915,-78.9288,4.266,0.0101,0.0003,0.0002,80830,3,6,1,2023-11-24,0,24,11,4,-70.4632,-70.4596,0.102441361,0.104089475,-70.35533333333336,-69.443,0.0,2984,0.3200000000000074,0,1,0
26444324970,702884508,14989130,1700829248,1700829248,2023-11-24,0.158445227,-66.9748,15.8667,-79.5846,4.107,0.0195,0.0004,0.0005,80830,3,6,1,2023-11-24,0,24,11,4,-70.1432,-70.4632,0.111310447,0.102441361,-69.19373333333338,-68.68592,0.0,2985,3.1683999999999912,0,1,1
26444324969,702884508,14989130,1700829185,1700829185,2023-11-24,0.121298762,-69.2725,11.3925,-78.8351,3.982,0.0065,0.0003,0.0,80830,3,6,1,2023-11-24,0,24,11,4,-66.9748,-70.1432,0.158445227,0.111310447,-68.79683333333337,-69.46266,0.0,2986,-2.297699999999992,0,1,0
26444324968,702884507,14989130,1700828614,1700828614,2023-11-24,0.098621517,-72.0196,18.8267,-79.8994,4.2415,0.0149,0.0003,0.0004,80830,3,3,0,2023-11-24,0,24,11,4,-69.2725,-66.9748,0.121298762,0.158445227,-69.42230000000004,-69.77466000000001,0.0,2987,-2.747100000000003,1,1,0
26444324967,702884507,14989130,1700828583,1700828583,2023-11-24,0.111700387,-71.1345,13.1057,-80.0794,4.0335,0.0199,0.0006,0.0006,80830,3,3,0,2023-11-24,0,24,11,4,-72.0196,-69.2725,0.098621517,0.121298762,-70.8088666666667,-69.90892,0.0,2988,0.8850999999999942,0,1,0
26444324966,702884507,14989130,1700828519,1700828519,2023-11-24,0.139386998,-68.9808,25.7796,-80.1531,3.9808,0.0034,0.0004,0.0,80830,3,3,0,2023-11-24,0,24,11,4,-71.1345,-72.0196,0.111700387,0.098621517,-70.71163333333338,-69.67644,0.0,2989,2.1537000000000006,1,1,0
26444324965,702884506,14989130,1700828424,1700828424,2023-11-24,0.148592189,-68.2669,10.3371,-80.1812,4.1405,0.0289,0.0003,0.0004,80830,3,3,0,2023-11-24,0,24,11,4,-68.9808,-71.1345,0.139386998,0.111700387,-69.46073333333338,-69.93486,0.0,2990,0.7138999999999953,0,1,0
26444324964,702884506,14989130,1700828392,1700828392,2023-11-24,0.152224407,-68.0345,7.9313,-80.2506,4.2607,0.0094,0.0003,0.0002,80830,3,3,0,2023-11-24,0,24,11,4,-68.2669,-68.9808,0.148592189,0.139386998,-68.42740000000003,-69.68726000000001,0.0,2991,0.2324000000000126,0,1,0
26444324963,702884506,14989130,1700828361,1700828361,2023-11-24,0.184344889,-63.8525,9.6119,-78.2837,4.2385,0.0062,0.0003,0.0,80830,3,3,0,2023-11-24,0,24,11,4,-68.0345,-68.2669,0.152224407,0.148592189,-66.71796666666671,-68.05384000000001,0.0,2992,4.181999999999995,0,1,1
26444324962,702884505,14989130,1700828266,1700828266,2023-11-24,0.179614948,-65.6902,6.7398,-80.0724,4.2242,0.0062,0.0003,0.0002,80830,3,16,1,2023-11-24,0,24,11,4,-63.8525,-68.0345,0.184344889,0.152224407,-65.8590666666667,-66.96498,0.0,2993,-1.8377000000000052,0,1,1
26444324961,702884505,14989130,1700828234,1700828234,2023-11-24,0.254377181,-59.7947,38.2396,-80.1943,3.8963,0.0016,0.0006,0.0004,80830,3,16,1,2023-11-24,0,24,11,4,-65.6902,-63.8525,0.179614948,0.184344889,-63.11246666666671,-65.12776,0.0,2994,5.8955000000000055,1,0,1
26444324960,702884505,14989130,1700828202,1700828202,2023-11-24,0.107142054,-71.4856,23.8929,-80.0638,3.905,0.0066,0.0002,0.0001,80830,3,16,1,2023-11-24,0,24,11,4,-59.7947,-65.6902,0.254377181,0.179614948,-65.65683333333338,-65.77149999999999,0.0,2995,-11.690900000000006,1,1,0
26444324959,702884505,14989130,1700828171,1700828171,2023-11-24,0.124053108,-70.2364,12.5495,-80.1834,3.9102,0.0134,0.0003,0.0004,80830,3,16,1,2023-11-24,0,24,11,4,-71.4856,-59.7947,0.107142054,0.254377181,-67.17223333333338,-66.21188,0.0,2996,1.2492000000000019,0,1,0
26444325086,702884518,14989130,1700840215,1700840215,2023-11-24,0.1025721,-69.3421,4.2582,-77.2676,3.521,0.0147,0.0004,0.0005,80830,3,39,1,2023-11-24,0,24,11,4,-70.296,-70.6312,0.108860811,0.110378904,-70.08976666666672,-70.18378,0.0,2997,0.8943000000000012,0,1,0
26444324948,702884505,14989130,1700827759,1700827759,2023-11-24,0.116765999,-70.6445,16.6506,-79.9839,3.902,0.0016,0.0003,0.0002,80830,3,16,1,2023-11-24,0,24,11,4,-69.3421,-70.296,0.1025721,0.108860811,-70.09420000000004,-70.28968,0.0,2998,-1.3023999999999916,0,1,0
26444324975,702884509,14989130,1700834193,1700834193,2023-11-24,0.115936217,-70.7602,18.7087,-80.0397,4.2257,0.012,0.0004,0.0,80830,3,3,0,2023-11-24,0,24,11,4,-71.2588,-66.9097,0.109953673,0.152385139,-69.64290000000004,-69.08782,0.0,2999,-0.11570000000000391,1,1,0
26444324911,702884502,14989130,1700824716,1700824716,2023-11-24,0.144945098,-67.8103,13.3744,-79.3052,4.2882,0.0078,0.0003,0.0,80830,3,6,1,2023-11-24,0,24,11,4,-68.1536,-70.273,0.134185847,0.121259071,-68.74563333333337,-68.13463999999999,0.0,3000,2.9498999999999995,0,1,0
26444324910,702884501,14989130,1700824335,1700824335,2023-11-24,0.164114088,-66.6232,6.5679,-79.7037,4.3345,0.0073,0.0005,0.0003,80830,3,4,1,2023-11-24,0,24,11,4,-67.8103,-68.1536,0.144945098,0.134185847,-67.52903333333336,-67.42826,0.0,3001,1.187100000000001,0,1,1
26444324909,702884501,14989130,1700824304,1700824304,2023-11-24,0.165850966,-66.3337,7.3526,-79.5226,4.2335,0.0055,0.0002,0.0001,80830,3,4,1,2023-11-24,0,24,11,4,-66.6232,-67.8103,0.164114088,0.144945098,-66.92240000000004,-67.83876000000001,0.0,3002,0.28950000000000387,0,1,1
26444324908,702884501,14989130,1700824272,1700824272,2023-11-24,0.200356038,-64.0546,7.0878,-80.1039,4.2637,0.0055,0.0003,0.0004,80830,3,4,1,2023-11-24,0,24,11,4,-66.3337,-66.6232,0.165850966,0.164114088,-65.67050000000005,-66.59508,0.0,3003,2.2790999999999997,0,1,1
26444324907,702884501,14989130,1700824240,1700824240,2023-11-24,0.171527044,-65.5028,15.7216,-79.0645,4.0432,0.0184,0.0003,0.0,80830,3,4,1,2023-11-24,0,24,11,4,-64.0546,-66.3337,0.200356038,0.165850966,-65.29703333333337,-66.06492,0.0,3004,-1.4482,1,1,1
26444324906,702884500,14989130,1700824114,1700824114,2023-11-24,0.248639481,-59.4508,5.0704,-79.1242,3.9175,0.0034,0.0002,0.0005,80830,3,29,1,2023-11-24,0,24,11,4,-65.5028,-64.0546,0.171527044,0.200356038,-63.00273333333337,-64.39302,0.0,3005,6.0519999999999925,0,0,1
26444324905,702884500,14989130,1700824050,1700824050,2023-11-24,0.192085844,-63.8846,9.0883,-79.0735,3.8798,0.003,0.0003,0.0002,80830,3,29,1,2023-11-24,0,24,11,4,-59.4508,-65.5028,0.248639481,0.171527044,-62.9460666666667,-63.845299999999995,0.0,3006,-4.433799999999998,0,1,1
26444324912,702884502,14989130,1700824747,1700824747,2023-11-24,0.138891666,-68.8959,33.3871,-80.0084,4.2873,0.0057,0.0006,0.0005,80830,3,6,1,2023-11-24,0,24,11,4,-63.8846,-59.4508,0.192085844,0.248639481,-64.07710000000003,-64.35773999999999,0.0,3007,-5.0112999999999985,1,1,0
26444324913,702884502,14989130,1700824811,1700824811,2023-11-24,0.175314698,-65.2651,13.017,-79.1394,4.0133,0.0114,0.0002,0.0005,80830,3,6,1,2023-11-24,0,24,11,4,-70.8826,-59.6348,0.109793544,0.247267256,-65.26083333333337,-66.85556,0.0,3008,3.6307999999999936,0,1,1
26444324904,702884500,14989130,1700824018,1700824018,2023-11-24,0.232721809,-61.4886,11.4324,-80.1386,3.8828,0.0037,0.0003,0.0001,80830,3,29,1,2023-11-24,0,24,11,4,-68.8959,-63.8846,0.138891666,0.192085844,-64.7563666666667,-63.844539999999995,0.0,3009,3.7765000000000057,0,1,1
26444324925,702884504,14989130,1700826776,1700826776,2023-11-24,0.17567403,-66.3284,18.478,-80.4638,3.9145,0.0046,0.0003,0.0004,80830,3,26,1,2023-11-24,0,24,11,4,-69.3712,-61.4886,0.124298927,0.232721809,-65.72940000000004,-65.99374,0.0,3010,-4.839800000000004,0,1,1
26444324953,702884505,14989130,1700827949,1700827949,2023-11-24,0.113955424,-70.783,14.1392,-79.8865,3.8985,0.0109,0.0003,0.0007,80830,3,16,1,2023-11-24,0,24,11,4,-66.3284,-69.3712,0.17567403,0.124298927,-68.82753333333336,-67.37342000000001,0.0,3011,-4.454599999999999,0,1,0
26444324926,702884504,14989130,1700826808,1700826808,2023-11-24,0.156793346,-66.7307,12.1511,-79.1392,3.9182,0.0023,0.0004,0.0004,80830,3,26,1,2023-11-24,0,24,11,4,-70.783,-66.3284,0.113955424,0.17567403,-67.9473666666667,-66.94038,0.0,3012,4.0523000000000025,0,1,0
26444324928,702884504,14989130,1700826871,1700826871,2023-11-24,0.188233084,-65.2495,14.8416,-80.3796,3.9057,0.0054,0.0006,0.0004,80830,3,26,1,2023-11-24,0,24,11,4,-66.7307,-70.783,0.156793346,0.113955424,-67.58773333333336,-67.69256,0.0,3013,1.4812000000000012,0,1,1
26444324951,702884505,14989130,1700827854,1700827854,2023-11-24,0.106176973,-69.7813,19.6429,-78.0706,3.8988,0.0117,0.0004,0.0001,80830,3,16,1,2023-11-24,0,24,11,4,-65.2495,-66.7307,0.188233084,0.156793346,-67.25383333333336,-67.77457999999999,0.0,3014,-4.531800000000004,1,1,0
26444324950,702884505,14989130,1700827822,1700827822,2023-11-24,0.125254127,-68.714,15.9443,-78.5531,3.897,0.0036,0.0003,0.0002,80830,3,16,1,2023-11-24,0,24,11,4,-69.7813,-65.2495,0.106176973,0.188233084,-67.91493333333335,-68.2517,0.0,3015,1.067300000000003,0,1,0
26444324903,702884500,14989130,1700823987,1700823987,2023-11-24,0.247267256,-59.6348,29.6934,-79.2244,3.9048,0.0023,0.0003,0.0001,80830,3,29,1,2023-11-24,0,24,11,4,-68.714,-69.7813,0.125254127,0.106176973,-66.0433666666667,-66.02206000000001,0.0,3016,9.0792,1,0,1
26444324902,702884500,14989130,1700823955,1700823955,2023-11-24,0.124298927,-69.3712,19.8965,-79.2179,3.909,0.0088,0.0003,0.0001,80830,3,29,1,2023-11-24,0,24,11,4,-61.4886,-68.8959,0.232721809,0.138891666,-66.58523333333336,-64.61822,0.0,3017,-9.736400000000003,0,1,0
26444324987,702884511,14989130,1700834732,1700834732,2023-11-24,0.134185847,-68.1536,15.6989,-78.7162,3.925,0.0023,0.0004,0.0002,80830,3,3,0,2023-11-24,0,24,11,4,-70.273,-64.2812,0.121259071,0.191158781,-67.5692666666667,-68.61985999999999,0.0,3018,1.2176000000000045,0,1,0
26444324986,702884511,14989130,1700834700,1700834700,2023-11-24,0.127363624,-69.4362,19.9459,-79.5706,4.0185,0.0197,0.0003,0.0,80830,3,3,0,2023-11-24,0,24,11,4,-71.2293,-65.2651,0.109650444,0.175314698,-68.64353333333337,-67.2896,0.0,3019,-1.2826000000000022,0,1,0
26444324914,702884502,14989130,1700824843,1700824843,2023-11-24,0.109793544,-70.8826,25.5692,-79.6249,3.9457,0.0154,0.0003,0.0004,80830,3,6,1,2023-11-24,0,24,11,4,-59.6348,-68.714,0.247267256,0.125254127,-66.4104666666667,-66.85244,0.0,3020,-1.446399999999997,1,1,0
26444324984,702884510,14989130,1700834541,1700834541,2023-11-24,0.182196098,-65.2933,14.091,-79.8398,4.005,0.0048,0.0002,0.0002,80830,3,8,1,2023-11-24,0,24,11,4,-63.9638,-69.4362,0.188351841,0.127363624,-66.23110000000004,-67.03754,0.0,3021,5.589299999999994,0,1,1
26444324983,702884510,14989130,1700834510,1700834510,2023-11-24,0.185858773,-64.9679,37.8676,-79.7993,4.0355,0.0083,0.0003,0.0001,80830,3,8,1,2023-11-24,0,24,11,4,-65.2933,-63.9638,0.182196098,0.188351841,-64.74166666666669,-66.9781,0.0,3022,0.3254000000000019,1,1,1
26444324981,702884510,14989130,1700834446,1700834446,2023-11-24,0.198062182,-63.9624,44.5458,-79.7598,4.0955,0.0202,0.0003,0.0001,80830,3,8,1,2023-11-24,0,24,11,4,-64.9679,-65.2933,0.185858773,0.182196098,-64.74120000000003,-65.52472,0.0,3023,1.0054999999999978,1,1,1
26444325006,702884515,14989130,1700836950,1700836950,2023-11-24,0.109977723,-70.5963,7.349,-79.3197,3.5067,0.0098,0.0004,0.0005,80830,3,12,1,2023-11-24,0,24,11,4,-63.9624,-64.9679,0.198062182,0.185858773,-66.50886666666669,-65.75674000000001,0.0,3024,-6.633899999999997,0,1,0
26444324954,702884505,14989130,1700828012,1700828012,2023-11-24,0.132002782,-69.7763,8.2081,-80.3877,3.903,0.005,0.0003,0.0005,80830,3,16,1,2023-11-24,0,24,11,4,-70.5963,-63.9624,0.109977723,0.198062182,-68.1116666666667,-66.91924,0.0,3025,0.8199999999999932,0,1,0
26444324915,702884502,14989130,1700824874,1700824874,2023-11-24,0.126843798,-69.9158,30.0689,-80.0725,3.9217,0.0064,0.0003,0.0004,80830,3,6,1,2023-11-24,0,24,11,4,-69.7763,-70.5963,0.132002782,0.109977723,-70.09613333333337,-67.84374,0.0,3026,-0.13949999999999818,1,1,0
26444324924,702884504,14989130,1700826744,1700826744,2023-11-24,0.172661234,-65.488,10.771,-79.155,3.9235,0.0046,0.0003,0.0002,80830,3,26,1,2023-11-24,0,24,11,4,-69.9158,-69.7763,0.126843798,0.132002782,-68.3933666666667,-67.94776,0.0,3027,4.427800000000005,0,1,1
26444324985,702884510,14989130,1700834573,1700834573,2023-11-24,0.188351841,-63.9638,10.6816,-78.8073,4.0568,0.0205,0.0003,0.0003,80830,3,8,1,2023-11-24,0,24,11,4,-69.4362,-71.2293,0.127363624,0.109650444,-68.20976666666668,-68.1554,0.0,3028,1.5242000000000004,0,1,1
26444324922,702884504,14989130,1700826649,1700826649,2023-11-24,0.116971053,-71.1135,25.0398,-80.5336,3.9213,0.0039,0.0006,0.0004,80830,3,26,1,2023-11-24,0,24,11,4,-70.477,-65.488,0.121479786,0.172661234,-69.0261666666667,-69.35412,0.0,3029,-7.149700000000003,1,1,0
26444324952,702884505,14989130,1700827885,1700827885,2023-11-24,0.121479786,-70.477,28.8098,-80.2224,3.8963,0.0099,0.0003,0.0004,80830,3,16,1,2023-11-24,0,24,11,4,-65.488,-69.9158,0.172661234,0.126843798,-68.62693333333337,-69.25068000000002,0.0,3030,0.6364999999999981,1,1,0
26444324920,702884503,14989130,1700826015,1700826015,2023-11-24,0.196243126,-63.7978,48.4,-79.3745,3.923,0.0036,0.0005,0.0001,80830,3,4,1,2023-11-24,0,24,11,4,-71.2123,-71.1135,0.112342786,0.116971053,-68.7078666666667,-68.41772,0.0,3031,6.679200000000002,1,1,1
26444324919,702884503,14989130,1700825984,1700825984,2023-11-24,0.18080279,-64.7917,6.0032,-79.0917,3.8992,0.0042,0.0003,0.0002,80830,3,4,1,2023-11-24,0,24,11,4,-63.7978,-71.2123,0.196243126,0.112342786,-66.60060000000003,-68.27846,0.0,3032,-0.9939000000000036,0,1,1
26444324918,702884503,14989130,1700825952,1700825952,2023-11-24,0.182945092,-64.8713,15.3164,-79.3965,3.9188,0.0064,0.0004,0.0004,80830,3,4,1,2023-11-24,0,24,11,4,-64.7917,-63.7978,0.18080279,0.196243126,-64.48693333333337,-67.15732,0.0,3033,-0.07959999999999923,0,1,1
26444324917,702884503,14989130,1700825920,1700825920,2023-11-24,0.19888874,-63.9153,9.5954,-79.7833,3.8975,0.003,0.0002,0.0,80830,3,4,1,2023-11-24,0,24,11,4,-64.8713,-64.7917,0.182945092,0.18080279,-64.52610000000003,-65.71768,0.0,3034,0.9560000000000031,0,1,1
26444324916,702884502,14989130,1700824906,1700824906,2023-11-24,0.132976212,-68.869,21.0643,-79.4315,3.902,0.0045,0.0002,0.0002,80830,3,6,1,2023-11-24,0,24,11,4,-63.9153,-64.8713,0.19888874,0.182945092,-65.88520000000004,-65.24902,0.0,3035,-4.953699999999998,0,1,0
26444324923,702884504,14989130,1700826713,1700826713,2023-11-24,0.137534089,-68.0897,23.7153,-78.9477,3.929,0.0023,0.0004,0.0006,80830,3,26,1,2023-11-24,0,24,11,4,-68.869,-63.9153,0.132976212,0.19888874,-66.95800000000003,-66.10740000000001,0.0,3036,0.7793000000000063,1,1,0
26444325025,702884516,14989130,1700837838,1700837838,2023-11-24,0.125782405,-69.052,11.5605,-78.9872,3.3955,0.0165,0.0003,0.0007,80830,3,36,1,2023-11-24,0,24,11,4,-70.8625,-70.3395,0.112758128,0.110189753,-70.0846666666667,-68.86872000000001,0.0,3037,-0.9623000000000133,0,1,0
26444324921,702884504,14989130,1700826617,1700826617,2023-11-24,0.112342786,-71.2123,45.2302,-80.225,3.9145,0.006,0.0003,0.0,80830,3,26,1,2023-11-24,0,24,11,4,-71.1135,-70.477,0.116971053,0.121479786,-70.9342666666667,-69.64132,0.0,3038,-2.1602999999999923,1,1,0
26444324957,702884505,14989130,1700828107,1700828107,2023-11-24,0.121259071,-70.273,26.9653,-79.9701,3.9082,0.0152,0.0003,0.0002,80830,3,16,1,2023-11-24,0,24,11,4,-64.2812,-70.1551,0.191158781,0.105785017,-68.23643333333337,-69.28626,0.0,3039,0.9393000000000029,0,1,0
26444325282,702884548,14989130,1700892450,1700892450,2023-11-25,0.13017193,-71.4208,51.1107,-82.1091,3.88,0.0091,0.0004,0.0004,80830,1,2,0,2023-11-25,0,25,11,5,-70.9846,-68.0897,0.106583767,0.137534089,-70.16503333333337,-68.65588,0.0,3040,-1.1478000000000037,1,1,0
26444325281,702884548,14989130,1700892418,1700892418,2023-11-25,0.105698648,-72.9876,29.2201,-81.6141,3.8697,0.0066,0.0002,0.0,80830,1,2,0,2023-11-25,0,25,11,5,-71.4208,-70.9846,0.13017193,0.106583767,-71.7976666666667,-70.47034,86400.0,3041,-1.5668000000000006,0,1,0
26444325284,702884549,14989132,1701061955,1701061955,2023-11-26,0.103819627,-74.0383,42.0806,-82.6154,4.4627,0.0283,0.0003,0.0004,80830,1,2,0,2023-11-26,0,26,11,6,-72.9876,-71.4208,0.105698648,0.13017193,-72.8155666666667,-71.5042,0.0,3042,-1.0507000000000062,1,1,0
26444325283,702884549,14989132,1701061923,1701061923,2023-11-26,0.087432537,-76.8672,46.0237,-84.2318,4.3815,0.0199,0.0004,0.0,80830,1,2,0,2023-11-26,0,26,11,6,-74.0383,-72.9876,0.103819627,0.105698648,-74.63103333333336,-73.2597,86400.0,3043,-2.82889999999999,1,1,0
26444325292,702884553,14989132,1701150672,1701150672,2023-11-27,0.12365537,-68.4079,17.8576,-78.0605,3.887,0.0094,0.0004,0.0001,80830,3,2,0,2023-11-27,0,27,11,0,-76.8672,-74.0383,0.087432537,0.103819627,-73.10446666666668,-72.74436,86400.0,3044,8.459299999999999,0,1,0
26444325291,702884553,14989132,1701150640,1701150640,2023-11-27,0.123689452,-68.6797,6.9426,-78.3737,3.8923,0.0119,0.0003,0.0,80830,3,2,0,2023-11-27,0,27,11,0,-68.4079,-76.8672,0.12365537,0.087432537,-71.3182666666667,-72.19614,0.0,3045,-0.27179999999999893,0,1,0
26444325290,702884552,14989132,1701150418,1701150418,2023-11-27,0.102087355,-69.7732,10.4884,-77.706,3.8808,0.0137,0.0006,0.0002,80830,3,2,0,2023-11-27,0,27,11,0,-68.6797,-68.4079,0.123689452,0.12365537,-68.95360000000004,-71.55326,0.0,3046,-1.093500000000006,0,1,0
26444325289,702884552,14989132,1701150387,1701150387,2023-11-27,0.098441384,-70.4303,23.3279,-78.1206,3.8805,0.0141,0.0005,0.0,80830,3,2,0,2023-11-27,0,27,11,0,-69.7732,-68.6797,0.102087355,0.123689452,-69.62773333333337,-70.83165999999999,0.0,3047,-0.6570999999999998,1,1,0
26444325287,702884551,14989132,1701073207,1701073207,2023-11-27,0.101021471,-70.7586,12.8211,-78.71,4.025,0.0137,0.0005,0.0,80830,3,2,0,2023-11-27,0,27,11,0,-70.4303,-69.7732,0.098441384,0.102087355,-70.32070000000003,-69.60994000000001,0.0,3048,-0.3282999999999987,0,1,0
26444325288,702884551,14989132,1701073239,1701073239,2023-11-27,0.119138801,-68.9347,12.2468,-78.2583,4.0992,0.0374,0.0006,0.0004,80830,3,2,0,2023-11-27,0,27,11,0,-70.7586,-70.4303,0.101021471,0.098441384,-70.04120000000005,-69.7153,0.0,3049,1.8238999999999947,0,1,0
26444325285,702884550,14989132,1701072953,1701072953,2023-11-27,0.130301587,-68.2755,11.5742,-78.5048,4.2635,0.0126,0.0003,0.0,80830,3,2,0,2023-11-27,0,27,11,0,-68.9347,-70.7586,0.119138801,0.101021471,-69.32293333333337,-69.63446,0.0,3050,0.6592000000000127,0,1,0
26444325286,702884550,14989132,1701072985,1701072985,2023-11-27,0.149648786,-66.9939,14.2488,-78.7838,4.2665,0.0055,0.0002,0.0002,80830,3,2,0,2023-11-27,0,27,11,0,-68.2755,-68.9347,0.130301587,0.119138801,-68.06803333333336,-69.07860000000001,0.0,3051,1.2815999999999974,0,1,0
26444325306,702884559,14989132,1701164618,1701164618,2023-11-28,0.101870359,-69.8294,17.6854,-77.7498,3.877,0.0113,0.0003,0.0005,80830,3,2,0,2023-11-28,0,28,11,1,-68.988,-69.5895,0.113221468,0.114971824,-69.4689666666667,-67.87434,0.0,3052,-2.8355000000000103,1,1,0
26444325301,702884557,14989132,1701163604,1701163604,2023-11-28,0.114971824,-69.5895,9.4897,-78.6297,3.8798,0.0063,0.0003,0.0004,80830,3,2,0,2023-11-28,0,28,11,1,-68.2141,-62.7507,0.131792605,0.192576418,-66.85143333333336,-67.35198,0.0,3053,0.23990000000000578,0,1,0
26444325302,702884558,14989132,1701163857,1701163857,2023-11-28,0.131792605,-68.2141,12.1593,-78.5689,3.8928,0.0151,0.0003,0.0,80830,3,3,0,2023-11-28,0,28,11,1,-62.7507,-69.143,0.192576418,0.116372094,-66.70260000000003,-67.19708,0.0,3054,1.375399999999999,0,1,0
26444325314,702884561,14989132,1701165759,1701165759,2023-11-28,0.192576418,-62.7507,8.4481,-77.7172,3.8862,0.0044,0.0006,0.0004,80830,3,7,1,2023-11-28,0,28,11,1,-69.143,-67.0626,0.116372094,0.135446976,-66.31876666666669,-66.32075999999999,0.0,3055,5.4634,0,1,1
26444325305,702884559,14989132,1701164555,1701164555,2023-11-28,0.135446976,-67.0626,9.9969,-77.5691,3.885,0.0016,0.0003,0.0,80830,3,2,0,2023-11-28,0,28,11,1,-68.815,-63.8325,0.11878111,0.182009004,-66.57003333333337,-66.27295999999998,0.0,3056,-4.311900000000001,0,1,0
26444325303,702884558,14989132,1701163889,1701163889,2023-11-28,0.11878111,-68.815,21.0792,-78.0907,3.891,0.0025,0.0003,0.0004,80830,3,3,0,2023-11-28,0,28,11,1,-63.8325,-64.2935,0.182009004,0.170444986,-65.64700000000003,-66.39063999999999,0.0,3057,-1.7523999999999944,1,1,0
26444325307,702884560,14989132,1701165379,1701165379,2023-11-28,0.182009004,-63.8325,15.2113,-78.0357,3.882,0.0046,0.0001,0.0,80830,3,2,0,2023-11-28,0,28,11,1,-64.2935,-67.3612,0.170444986,0.132481027,-65.16240000000002,-66.47738,0.0,3058,4.982499999999995,0,1,1
26444325311,702884561,14989132,1701165632,1701165632,2023-11-28,0.10913638,-69.2487,9.0889,-77.7321,3.8878,0.0096,0.0003,0.0001,80830,3,7,1,2023-11-28,0,28,11,1,-67.2891,-63.0818,0.136830101,0.195388283,-66.5398666666667,-66.9778,0.0,3059,-5.416199999999996,0,1,0
26444325309,702884561,14989132,1701165569,1701165569,2023-11-28,0.132481027,-67.3612,30.4907,-77.6481,3.9025,0.0064,0.0006,0.0,80830,3,7,1,2023-11-28,0,28,11,1,-67.651,-69.2487,0.126897985,0.10913638,-68.08696666666668,-66.92636,0.0,3060,1.8875000000000028,1,1,0
26444325310,702884561,14989132,1701165601,1701165601,2023-11-28,0.126897985,-67.651,28.0323,-77.4835,3.9035,0.0053,0.0003,0.0004,80830,3,7,1,2023-11-28,0,28,11,1,-69.2487,-67.2891,0.10913638,0.136830101,-68.06293333333336,-66.8529,0.0,3061,-0.2897999999999996,1,1,0
26444325315,702884561,14989132,1701165791,1701165791,2023-11-28,0.179800743,-63.8106,48.5091,-77.7989,3.8902,0.0087,0.0003,0.0002,80830,3,7,1,2023-11-28,0,28,11,1,-69.8294,-68.988,0.101870359,0.113221468,-67.54266666666669,-68.08632,0.0,3062,3.8403999999999954,1,1,1
26444325312,702884561,14989132,1701165696,1701165696,2023-11-28,0.136830101,-67.2891,13.653,-77.9558,3.8857,0.0077,0.0003,0.0008,80830,3,7,1,2023-11-28,0,28,11,1,-63.0818,-66.9939,0.195388283,0.149648786,-65.7882666666667,-66.91499999999999,0.0,3063,-3.478500000000004,0,1,0
26444325313,702884561,14989132,1701165728,1701165728,2023-11-28,0.195388283,-63.0818,52.8708,-78.4003,3.88,0.0032,0.0002,0.0001,80830,3,7,1,2023-11-28,0,28,11,1,-66.9939,-68.2755,0.149648786,0.130301587,-66.11706666666669,-67.6089,0.0,3064,4.207300000000004,1,1,1
26444325298,702884556,14989132,1701163445,1701163445,2023-11-28,0.132276331,-67.0425,11.1537,-77.2625,3.8805,0.0113,0.0005,0.0,80830,3,2,0,2023-11-28,0,28,11,1,-69.5954,-64.7057,0.101431349,0.165757289,-67.11453333333337,-68.41802,0.0,3065,-3.9607000000000028,0,1,0
26444325308,702884560,14989132,1701165411,1701165411,2023-11-28,0.170444986,-64.2935,11.6658,-77.5036,3.8868,0.0109,0.0005,0.0004,80830,3,2,0,2023-11-28,0,28,11,1,-67.3612,-67.651,0.132481027,0.126897985,-66.43523333333336,-67.1687,0.0,3066,2.7490000000000094,0,1,1
26444325300,702884557,14989132,1701163572,1701163572,2023-11-28,0.113221468,-68.988,20.8823,-77.7962,3.8832,0.0092,0.0003,0.0,80830,3,2,0,2023-11-28,0,28,11,1,-69.5895,-68.2141,0.114971824,0.131792605,-68.93053333333336,-67.73706000000001,0.0,3067,-4.694500000000005,0,1,0
26444325322,702884564,14989132,1701168168,1701168168,2023-11-28,0.134378338,-67.416,27.9832,-77.8816,3.8883,0.0074,0.0003,0.0,80830,3,3,0,2023-11-28,0,28,11,1,-69.3743,-64.3472,0.110772863,0.174690961,-67.04583333333336,-66.59244,0.0,3068,1.5720000000000027,1,1,0
26444325320,702884563,14989132,1701166615,1701166615,2023-11-28,0.165757289,-64.7057,13.7058,-77.5622,3.8995,0.0067,0.0001,0.0002,80830,3,4,1,2023-11-28,0,28,11,1,-73.3305,-67.416,0.105413595,0.134378338,-68.48406666666669,-67.83474,0.0,3069,2.7103000000000037,0,1,1
26444325296,702884555,14989132,1701161892,1701161892,2023-11-28,0.111863832,-72.7737,15.1228,-81.9398,3.9158,0.0071,0.0003,0.0002,80830,1,3,0,2023-11-28,0,28,11,1,-64.6224,-64.5502,0.169648983,0.165127125,-67.31543333333337,-67.11726,0.0,3070,-8.068000000000012,0,1,0
26444325297,702884555,14989132,1701161924,1701161924,2023-11-28,0.102006418,-74.2145,44.5464,-82.6448,3.898,0.007,0.0003,0.0004,80830,1,3,0,2023-11-28,0,28,11,1,-72.7737,-64.6224,0.111863832,0.169648983,-70.5368666666667,-67.99428,0.0,3071,-1.4407999999999959,1,1,0
26444325316,702884562,14989132,1701165886,1701165886,2023-11-28,0.120882248,-71.9797,23.6284,-81.8772,3.8832,0.0095,0.0003,0.0,80830,1,2,0,2023-11-28,0,28,11,1,-74.2145,-72.7737,0.102006418,0.111863832,-72.98930000000003,-69.6281,0.0,3072,2.234800000000007,0,1,0
26444325317,702884562,14989132,1701165918,1701165918,2023-11-28,0.14544257,-70.0626,3.8585,-81.987,3.8855,0.0063,0.0003,0.0004,80830,1,2,0,2023-11-28,0,28,11,1,-71.9797,-74.2145,0.120882248,0.102006418,-72.08560000000001,-70.73058,0.0,3073,1.9170999999999907,0,1,0
26444325345,702884570,14989132,1701181639,1701181639,2023-11-28,0.131368172,-68.3238,25.4464,-78.6568,3.9615,0.0099,0.0003,0.0002,80830,3,5,1,2023-11-28,0,28,11,1,-70.0626,-71.9797,0.14544257,0.120882248,-70.12203333333336,-71.47085999999999,0.0,3074,1.7387999999999977,1,1,0
26444325328,702884566,14989132,1701168453,1701168453,2023-11-28,0.143003329,-70.7671,50.1833,-82.5757,3.8933,0.0025,0.0003,0.0005,80830,1,2,0,2023-11-28,0,28,11,1,-68.3238,-70.0626,0.131368172,0.14544257,-69.71783333333337,-71.06954,0.0,3075,-2.4432999999999936,1,1,0
26444325319,702884563,14989132,1701166583,1701166583,2023-11-28,0.169648983,-64.6224,32.4532,-77.8254,3.9188,0.0023,0.0004,0.0005,80830,3,4,1,2023-11-28,0,28,11,1,-64.5502,-63.8106,0.165127125,0.179800743,-64.32773333333337,-66.36012000000001,0.0,3076,6.1447,1,1,1
26444325299,702884556,14989132,1701163477,1701163477,2023-11-28,0.174690961,-64.3472,11.2186,-77.9674,3.8765,0.0087,0.0002,0.0001,80830,3,2,0,2023-11-28,0,28,11,1,-65.704,-66.1207,0.157674503,0.151551431,-65.39063333333335,-66.84778,0.0,3077,0.2751999999999981,0,1,1
26444325324,702884564,14989132,1701168263,1701168263,2023-11-28,0.157674503,-65.704,13.4791,-78.0031,3.8865,0.0074,0.0005,0.0005,80830,3,3,0,2023-11-28,0,28,11,1,-66.1207,-67.2999,0.151551431,0.12720404,-66.3748666666667,-67.6431,0.0,3078,-1.3567999999999927,0,1,1
26444325325,702884565,14989132,1701168358,1701168358,2023-11-28,0.101431349,-69.5954,6.5203,-77.4514,3.886,0.0113,0.0003,0.0,80830,3,7,1,2023-11-28,0,28,11,1,-64.7057,-73.3305,0.165757289,0.105413595,-69.21053333333336,-68.88438,0.0,3079,-3.8914000000000044,0,1,0
26444325321,702884563,14989132,1701166647,1701166647,2023-11-28,0.165127125,-64.5502,3.7624,-77.3174,3.8832,0.007,0.0002,0.0004,80830,3,4,1,2023-11-28,0,28,11,1,-63.8106,-69.8294,0.179800743,0.101870359,-66.06340000000004,-67.35354,0.0,3080,5.045199999999994,0,1,1
26444325323,702884564,14989132,1701168200,1701168200,2023-11-28,0.110772863,-69.3743,22.2487,-78.0164,3.8897,0.0054,0.0003,0.0004,80830,3,3,0,2023-11-28,0,28,11,1,-64.3472,-65.704,0.174690961,0.157674503,-66.4751666666667,-66.56922,0.0,3081,-4.824100000000001,1,1,0
26444325318,702884563,14989132,1701166552,1701166552,2023-11-28,0.12720404,-67.2999,12.9413,-77.1084,3.897,0.0178,0.0003,0.0,80830,3,4,1,2023-11-28,0,28,11,1,-70.7671,-68.3238,0.143003329,0.131368172,-68.79693333333336,-69.68661999999999,0.0,3082,2.0744000000000113,0,1,0
26444325295,702884555,14989132,1701161861,1701161861,2023-11-28,0.105413595,-73.3305,36.3921,-81.9714,3.936,0.0046,0.0003,0.0,80830,1,3,0,2023-11-28,0,28,11,1,-67.416,-69.3743,0.134378338,0.110772863,-70.0402666666667,-68.0344,0.0,3083,-6.030600000000007,1,1,0
26444325329,702884565,14989132,1701168453,1701168453,2023-11-28,0.151551431,-66.1207,16.1911,-77.9313,3.8985,0.0046,0.0004,0.0004,80830,3,7,1,2023-11-28,0,28,11,1,-67.2999,-70.7671,0.12720404,0.143003329,-68.06256666666668,-68.51482,0.0,3084,7.209800000000001,0,1,0
26444325304,702884558,14989132,1701163953,1701163953,2023-11-28,0.116372094,-69.143,28.9513,-78.249,3.8828,0.0079,0.0005,0.0005,80830,3,3,0,2023-11-28,0,28,11,1,-67.0626,-68.815,0.135446976,0.11878111,-68.34020000000002,-66.62931999999999,0.0,3085,-3.0223000000000013,1,1,0
26444325335,702884567,14989132,1701168834,1701168834,2023-11-28,0.138601362,-67.0747,13.9703,-77.8672,3.9013,0.0098,0.0004,0.0008,80830,3,2,0,2023-11-28,0,28,11,1,-67.5591,-68.6346,0.137085876,0.122948882,-67.75613333333337,-68.21966,0.0,3086,2.0682999999999936,0,1,0
26444325331,702884565,14989132,1701168548,1701168548,2023-11-28,0.125153626,-68.1221,22.981,-77.8675,3.8923,0.009,0.0003,0.0005,80830,3,7,1,2023-11-28,0,28,11,1,-65.3135,-69.0179,0.169369156,0.121514015,-67.48450000000003,-68.00949999999999,0.0,3087,-1.0473999999999961,0,1,0
26444325342,702884570,14989132,1701181512,1701181512,2023-11-28,0.12917897,-67.7423,11.6738,-77.7913,3.9108,0.0114,0.0006,0.0004,80830,3,5,1,2023-11-28,0,28,11,1,-67.0425,-69.5954,0.132276331,0.101431349,-68.12673333333338,-68.48328000000001,0.0,3088,0.379800000000003,0,1,0
26444325347,702884571,14989132,1701214413,1701214413,2023-11-28,0.14163633,-67.4582,5.2355,-78.5893,3.9365,0.008,0.0004,0.0004,80830,3,2,0,2023-11-28,0,28,11,1,-68.6332,-63.169,0.116076661,0.190775955,-66.42013333333335,-66.55462,86400.0,3089,0.28409999999999513,0,1,0
26444325337,702884568,14989132,1701169341,1701169341,2023-11-28,0.116076661,-68.6332,13.0981,-77.6461,3.8817,0.0041,0.0002,0.0002,80830,3,2,0,2023-11-28,0,28,11,1,-63.169,-67.3448,0.190775955,0.138491611,-66.38233333333336,-66.46106,0.0,3090,-1.1749999999999972,0,1,0
26444325344,702884570,14989132,1701181607,1701181607,2023-11-28,0.190775955,-63.169,33.5127,-78.0612,3.9475,0.0071,0.0003,0.0005,80830,3,5,1,2023-11-28,0,28,11,1,-67.3448,-66.1679,0.138491611,0.153054132,-65.5605666666667,-65.91962,0.0,3091,5.464200000000005,1,1,1
26444325343,702884570,14989132,1701181544,1701181544,2023-11-28,0.138491611,-67.3448,47.2575,-78.1708,3.9305,0.01,0.0003,0.0002,80830,3,5,1,2023-11-28,0,28,11,1,-66.1679,-66.9904,0.153054132,0.141544928,-66.8343666666667,-66.33948000000001,0.0,3092,-4.1758000000000095,1,1,0
26444325341,702884570,14989132,1701181480,1701181480,2023-11-28,0.153054132,-66.1679,11.1215,-78.1253,3.9022,0.0069,0.0002,0.0,80830,3,5,1,2023-11-28,0,28,11,1,-66.9904,-65.926,0.141544928,0.153207679,-66.36143333333335,-66.69742,0.0,3093,1.1769000000000034,0,1,0
26444325340,702884569,14989132,1701171338,1701171338,2023-11-28,0.141544928,-66.9904,51.8963,-78.036,3.917,0.012,0.0007,0.0006,80830,3,3,0,2023-11-28,0,28,11,1,-65.926,-65.2683,0.153207679,0.158413697,-66.06156666666669,-66.87878,0.0,3094,-0.8224999999999909,1,1,0
26444325339,702884569,14989132,1701171274,1701171274,2023-11-28,0.153207679,-65.926,23.7494,-77.8538,3.9158,0.0046,0.0003,0.0005,80830,3,3,0,2023-11-28,0,28,11,1,-65.2683,-69.1345,0.158413697,0.110519707,-66.7762666666667,-66.99252,0.0,3095,1.064399999999992,0,1,0
26444325334,702884567,14989132,1701168770,1701168770,2023-11-28,0.137085876,-67.5591,4.5499,-78.2918,3.8828,0.0049,0.0003,0.0,80830,3,2,0,2023-11-28,0,28,11,1,-68.6346,-68.4807,0.122948882,0.119573728,-68.22480000000003,-68.65386,0.0,3096,-1.6330999999999989,0,1,0
26444325336,702884568,14989132,1701169309,1701169309,2023-11-28,0.110519707,-69.1345,26.3179,-77.7246,3.876,0.0044,0.0003,0.0,80830,3,2,0,2023-11-28,0,28,11,1,-67.0747,-67.5591,0.138601362,0.137085876,-67.9227666666667,-68.17672,0.0,3097,-1.575400000000002,1,1,0
26444325348,702884572,14989132,1701214603,1701214603,2023-11-28,0.144528974,-67.5367,18.1459,-78.9468,3.9142,0.0084,0.0006,0.0,80830,3,4,1,2023-11-28,0,28,11,1,-67.4582,-68.6332,0.14163633,0.116076661,-67.87603333333335,-66.82838000000001,0.0,3098,1.5978000000000065,0,1,0
26444325333,702884565,14989132,1701168612,1701168612,2023-11-28,0.122948882,-68.6346,13.629,-78.2561,3.8857,0.0111,0.0003,0.0002,80830,3,7,1,2023-11-28,0,28,11,1,-68.4807,-69.3492,0.119573728,0.108111966,-68.82150000000003,-68.6905,0.0,3099,-1.0979000000000099,0,1,0
26444325332,702884565,14989132,1701168580,1701168580,2023-11-28,0.119573728,-68.4807,3.3143,-77.7813,3.8782,0.0097,0.0004,0.0004,80830,3,7,1,2023-11-28,0,28,11,1,-69.3492,-69.2457,0.108111966,0.108876909,-69.02520000000003,-68.37208000000001,0.0,3100,0.15390000000000725,0,1,0
26444325338,702884569,14989132,1701171211,1701171211,2023-11-28,0.158413697,-65.2683,19.0636,-77.5539,3.8955,0.007,0.0003,0.0,80830,3,3,0,2023-11-28,0,28,11,1,-69.1345,-67.0747,0.110519707,0.138601362,-67.15916666666669,-67.53424000000001,0.0,3101,3.2124000000000024,1,1,1
26444325358,702884574,14989132,1701215363,1701215363,2023-11-28,0.140833031,-67.5447,19.7273,-78.6165,3.9065,0.0063,0.0003,0.0,80830,3,3,0,2023-11-28,0,28,11,1,-67.5367,-67.4582,0.144528974,0.14163633,-67.51320000000004,-66.86836,0.0,3102,-2.2764000000000095,1,1,0
26444325294,702884554,14989132,1701159325,1701159325,2023-11-28,0.108111966,-69.3492,26.8715,-77.7555,3.894,0.008,0.0002,0.0005,80830,3,2,0,2023-11-28,0,28,11,1,-69.2457,-67.7423,0.108876909,0.12917897,-68.77906666666668,-68.59502,0.0,3103,-1.8044999999999902,1,1,0
26444325360,702884574,14989132,1701215459,1701215459,2023-11-28,0.153198521,-66.6238,17.285,-78.677,3.8988,0.0078,0.0003,0.0001,80830,3,3,0,2023-11-28,0,28,11,1,-69.3454,-67.5447,0.12153738,0.140833031,-67.8379666666667,-67.70176000000001,0.0,3104,2.7253999999999934,0,1,0
26444325326,702884565,14989132,1701168422,1701168422,2023-11-28,0.180737967,-63.7077,24.0477,-77.7623,3.9003,0.0037,0.0003,0.0006,80830,3,7,1,2023-11-28,0,28,11,1,-66.6238,-69.3454,0.153198521,0.12153738,-66.5589666666667,-66.95165999999999,0.0,3105,2.9161,1,1,1
26444325357,702884573,14989132,1701215173,1701215173,2023-11-28,0.130264619,-68.5121,41.9261,-78.7735,3.8885,0.0032,0.0003,0.0007,80830,3,6,1,2023-11-28,0,28,11,1,-68.6968,-67.1929,0.128799158,0.142510209,-68.13393333333336,-67.73388,0.0,3106,-4.804400000000001,1,1,0
26444325330,702884565,14989132,1701168485,1701168485,2023-11-28,0.150752878,-66.1403,20.7331,-77.8811,3.897,0.0049,0.0003,0.0004,80830,3,7,1,2023-11-28,0,28,11,1,-71.4537,-63.7077,0.134955667,0.180737967,-67.1005666666667,-67.45418,0.0,3107,2.3718000000000075,0,1,0
26444325349,702884572,14989132,1701214666,1701214666,2023-11-28,0.121514015,-69.0179,13.905,-78.5646,3.9158,0.0067,0.0004,0.0006,80830,3,4,1,2023-11-28,0,28,11,1,-66.1403,-71.4537,0.150752878,0.134955667,-68.87063333333336,-67.38868,0.0,3108,-2.877600000000001,0,1,0
26444325327,702884566,14989132,1701168390,1701168390,2023-11-28,0.134955667,-71.4537,48.1234,-82.6012,3.889,0.0049,0.0002,0.0,80830,1,2,0,2023-11-28,0,28,11,1,-63.7077,-66.6238,0.180737967,0.153198521,-67.26173333333337,-67.73506,0.0,3109,-2.4358000000000004,1,1,0
26444325359,702884574,14989132,1701215427,1701215427,2023-11-28,0.169369156,-65.3135,7.4432,-78.6312,3.8857,0.0072,0.0003,0.0008,80830,3,3,0,2023-11-28,0,28,11,1,-69.0179,-66.1403,0.121514015,0.150752878,-66.82390000000002,-67.12662,0.0,3110,6.140199999999993,0,1,1
26444325346,702884571,14989132,1701214381,1701214381,2023-11-28,0.137736838,-68.4092,43.1061,-79.3368,3.9253,0.0046,0.0003,0.0,80830,3,2,0,2023-11-28,0,28,11,1,-68.1221,-65.3135,0.125153626,0.169369156,-67.28160000000003,-67.4006,0.0,3111,-3.0956999999999937,1,1,0
26444325293,702884554,14989132,1701159262,1701159262,2023-11-28,0.108876909,-69.2457,14.7967,-77.7061,3.8785,0.0011,0.0003,0.0,80830,3,2,0,2023-11-28,0,28,11,1,-67.7423,-67.0425,0.12917897,0.132276331,-68.01016666666669,-67.66632000000001,0.0,3112,-0.8365000000000009,0,1,0
26444325356,702884573,14989132,1701215110,1701215110,2023-11-28,0.201406137,-64.5628,12.2793,-80.8456,3.8885,0.0011,0.0002,0.0001,80830,3,6,1,2023-11-28,0,28,11,1,-68.4092,-68.1221,0.137736838,0.125153626,-67.0313666666667,-67.08510000000001,0.0,3113,4.682900000000004,0,1,1
26444325355,702884573,14989132,1701215078,1701215078,2023-11-28,0.117941258,-69.7338,19.1199,-79.058,3.889,0.0109,0.0003,0.0002,80830,3,6,1,2023-11-28,0,28,11,1,-64.5628,-68.4092,0.201406137,0.137736838,-67.56860000000003,-67.22828,0.0,3114,-5.1710000000000065,0,1,0
26444325354,702884573,14989132,1701215047,1701215047,2023-11-28,0.157312023,-65.9898,18.1387,-78.3087,3.8963,0.006,0.0004,0.0004,80830,3,6,1,2023-11-28,0,28,11,1,-69.7338,-64.5628,0.117941258,0.201406137,-66.76213333333335,-67.36354,0.0,3115,3.7439999999999998,0,1,0
26444325353,702884573,14989132,1701215015,1701215015,2023-11-28,0.137164658,-68.2778,15.045,-79.1319,3.9045,0.0046,0.0002,0.0001,80830,3,6,1,2023-11-28,0,28,11,1,-65.9898,-69.7338,0.157312023,0.117941258,-68.0004666666667,-67.39468000000001,0.0,3116,-2.2879999999999967,0,1,0
26444325352,702884573,14989132,1701214983,1701214983,2023-11-28,0.142510209,-67.1929,20.4038,-78.36,3.9085,0.0111,0.0003,0.0,80830,3,6,1,2023-11-28,0,28,11,1,-68.2778,-65.9898,0.137164658,0.157312023,-67.15350000000002,-67.15142,0.0,3117,1.0849000000000046,1,1,0
26444325351,702884572,14989132,1701214761,1701214761,2023-11-28,0.128799158,-68.6968,18.3965,-78.853,3.8862,0.0095,0.0001,0.0008,80830,3,4,1,2023-11-28,0,28,11,1,-67.1929,-68.2778,0.142510209,0.137164658,-68.05583333333335,-67.97822,0.0,3118,-1.5039000000000016,0,1,0
26444325350,702884572,14989132,1701214698,1701214698,2023-11-28,0.12153738,-69.3454,37.2719,-78.9395,3.9003,0.0054,0.0002,0.0001,80830,3,4,1,2023-11-28,0,28,11,1,-67.5447,-67.5367,0.140833031,0.144528974,-68.14226666666669,-68.10364,0.0,3119,-0.6486000000000018,1,1,0
26444325372,702884577,14989132,1701690328,1701690328,2023-12-04,0.098516975,-70.7254,15.8733,-78.4545,3.8772,0.0154,0.0003,0.0004,80830,3,7,1,2023-12-04,0,4,12,0,-70.1549,-68.2116,0.104353699,0.12752696,-69.69730000000003,-70.3899,0.0,3120,-1.3799999999999955,0,1,0
26444325363,702884575,14989132,1701688807,1701688807,2023-12-04,0.106723758,-73.1001,16.4206,-81.8337,3.8995,0.0037,0.0003,0.0005,80830,1,3,0,2023-12-04,0,4,12,0,-70.7254,-70.1549,0.098516975,0.104353699,-71.32680000000003,-70.97583999999999,0.0,3121,-2.3747000000000043,0,1,0
26444325371,702884577,14989132,1701690296,1701690296,2023-12-04,0.120999215,-69.01,7.8828,-78.5096,3.8855,0.01,0.0003,0.0002,80830,3,7,1,2023-12-04,0,4,12,0,-68.5121,-68.6968,0.130264619,0.128799158,-68.73963333333336,-68.33792,0.0,3122,4.0900999999999925,0,1,0
26444325361,702884575,14989132,1701688712,1701688712,2023-12-04,0.144156956,-70.1704,20.281,-81.9898,3.8815,0.002,0.0003,0.0,80830,1,3,0,2023-12-04,0,4,12,0,-69.01,-68.5121,0.120999215,0.130264619,-69.23083333333336,-68.71644,0.0,3123,-1.1603999999999957,0,1,0
26444325362,702884575,14989132,1701688743,1701688743,2023-12-04,0.113025567,-72.6872,37.5458,-81.9496,3.9135,0.0077,0.0002,0.0002,80830,1,3,0,2023-12-04,0,4,12,0,-70.1704,-69.01,0.144156956,0.120999215,-70.62253333333337,-69.81530000000001,0.0,3124,-2.5168000000000035,1,1,0
26444325373,702884578,14989132,1701690423,1701690423,2023-12-04,0.104353699,-70.1549,14.1108,-78.3288,3.8948,0.005,0.0006,0.0,80830,3,2,0,2023-12-04,0,4,12,0,-68.2116,-72.6872,0.12752696,0.113025567,-70.35123333333337,-70.04682,0.0,3125,2.5323000000000064,0,1,0
26444325374,702884578,14989132,1701690455,1701690455,2023-12-04,0.12752696,-68.2116,19.8455,-78.1819,3.8872,0.0041,0.0003,0.0002,80830,3,2,0,2023-12-04,0,4,12,0,-72.6872,-70.1704,0.113025567,0.144156956,-70.35640000000004,-69.71826,0.0,3126,1.9432999999999936,0,1,0
26444325364,702884576,14989132,1701689124,1701689124,2023-12-04,0.099268133,-69.8686,4.965,-77.5687,3.8845,0.0146,0.0003,0.0,80830,3,2,0,2023-12-04,0,4,12,0,-67.9673,-68.9142,0.11949305,0.116397388,-68.91670000000003,-68.85298,0.0,3127,-1.6569999999999965,0,1,0
26444325367,702884577,14989132,1701690170,1701690170,2023-12-04,0.116397388,-68.9142,26.4071,-77.9923,3.874,0.0131,0.0003,0.0002,80830,3,7,1,2023-12-04,0,4,12,0,-69.2499,-68.2649,0.112431109,0.12616454,-68.8096666666667,-70.0509,0.0,3128,0.9544000000000068,1,1,0
26444325365,702884576,14989132,1701689155,1701689155,2023-12-04,0.11949305,-67.9673,19.3229,-77.1911,3.8955,0.0042,0.0003,0.0002,80830,3,2,0,2023-12-04,0,4,12,0,-68.9142,-69.2499,0.116397388,0.112431109,-68.71046666666669,-69.49928,0.0,3129,0.9468999999999994,1,1,0
26444325368,702884577,14989132,1701690201,1701690201,2023-12-04,0.126350173,-68.6051,22.4831,-78.527,3.8795,0.0083,0.0007,0.0002,80830,3,7,1,2023-12-04,0,4,12,0,-69.8686,-67.9673,0.099268133,0.11949305,-68.81366666666669,-68.92102,0.0,3130,-0.6377999999999986,1,1,0
26444325370,702884577,14989132,1701690265,1701690265,2023-12-04,0.120790138,-68.6109,16.2626,-78.037,3.8843,0.0063,0.0002,0.0002,80830,3,7,1,2023-12-04,0,4,12,0,-68.6051,-69.8686,0.126350173,0.099268133,-69.02820000000003,-68.79321999999999,0.0,3131,-0.005800000000007799,0,1,0
26444325369,702884577,14989132,1701690233,1701690233,2023-12-04,0.112431109,-69.2499,21.959,-78.022,3.8705,0.0118,0.0003,0.0004,80830,3,7,1,2023-12-04,0,4,12,0,-68.2649,-73.1001,0.12616454,0.106723758,-70.20496666666669,-70.29903999999999,518400.0,3132,-0.6389999999999958,0,1,0
26444325366,702884577,14989132,1701690138,1701690138,2023-12-04,0.12616454,-68.2649,24.8153,-78.121,3.8725,0.0101,0.0006,0.0,80830,3,7,1,2023-12-04,0,4,12,0,-73.1001,-70.7254,0.106723758,0.098516975,-70.69680000000002,-70.09138,0.0,3133,0.9849999999999994,1,1,0
26444325411,702884584,14989133,1702847247,1702847247,2023-12-17,0.114500981,-71.516,6.3339,-80.7635,3.3065,0.0166,0.0003,0.0004,80830,3,50,1,2023-12-17,0,17,12,6,-71.9591,-72.6664,0.111193592,0.098390373,-72.0471666666667,-72.22894,0.0,3134,-3.251100000000008,0,1,0
26444325499,702884587,14989133,1702850480,1702850480,2023-12-17,0.111193592,-71.9591,9.6323,-80.9615,3.2043,0.0151,0.0003,0.0004,80830,3,64,1,2023-12-17,0,17,12,6,-72.6664,-72.6751,0.098390373,0.101858443,-72.43353333333336,-72.41283999999999,0.0,3135,-0.44310000000000116,0,1,0
26444325498,702884587,14989133,1702850448,1702850448,2023-12-17,0.098390373,-72.6664,7.3902,-80.5963,3.2178,0.0187,0.0009,0.0004,80830,3,64,1,2023-12-17,0,17,12,6,-72.6751,-72.3281,0.101858443,0.105145948,-72.55653333333338,-72.64332,0.0,3136,-0.7072999999999894,0,1,0
26444325497,702884587,14989133,1702850417,1702850417,2023-12-17,0.101858443,-72.6751,11.9755,-80.9172,3.212,0.0036,0.0004,0.0004,80830,3,64,1,2023-12-17,0,17,12,6,-72.3281,-72.4355,0.105145948,0.104151903,-72.4795666666667,-72.64602000000001,0.0,3137,-0.008700000000004593,0,1,0
26444325495,702884587,14989133,1702850353,1702850353,2023-12-17,0.105145948,-72.3281,6.5664,-80.8267,3.2262,0.0246,0.0003,0.0004,80830,3,64,1,2023-12-17,0,17,12,6,-72.4355,-73.1115,0.104151903,0.094238853,-72.62503333333336,-72.75884,0.0,3138,0.3469999999999942,0,1,0
26444325478,702884587,14989133,1702849751,1702849751,2023-12-17,0.094238853,-73.1115,4.6746,-80.7183,3.226,0.0163,0.0003,0.0001,80830,3,64,1,2023-12-17,0,17,12,6,-72.6799,-73.2392,0.100792313,0.097316818,-73.01020000000003,-72.8783,0.0,3139,-0.7834000000000003,0,1,0
26444325496,702884587,14989133,1702850385,1702850385,2023-12-17,0.104151903,-72.4355,5.311,-80.8569,3.2123,0.0056,0.0003,0.0004,80830,3,64,1,2023-12-17,0,17,12,6,-73.1115,-72.6799,0.094238853,0.100792313,-72.74230000000004,-72.87746000000001,0.0,3140,0.6760000000000019,0,1,0
26444325494,702884587,14989133,1702850321,1702850321,2023-12-17,0.100792313,-72.6799,8.0029,-80.8266,3.2182,0.0104,0.0004,0.0004,80830,3,64,1,2023-12-17,0,17,12,6,-73.2392,-72.9212,0.097316818,0.09970715,-72.9467666666667,-71.97818,0.0,3141,-0.24439999999999884,0,1,0
26444325492,702884587,14989133,1702850258,1702850258,2023-12-17,0.097316818,-73.2392,13.8352,-81.135,3.2123,0.0393,0.0003,0.0004,80830,3,64,1,2023-12-17,0,17,12,6,-72.9212,-72.4397,0.09970715,0.102624994,-72.86670000000002,-71.16322,0.0,3142,-0.5592999999999932,1,1,0
26444325491,702884587,14989133,1702850226,1702850226,2023-12-17,0.09970715,-72.9212,7.454,-80.9972,3.2252,0.016,0.0004,0.0005,80830,3,64,1,2023-12-17,0,17,12,6,-72.4397,-68.6109,0.102624994,0.120790138,-71.32393333333336,-70.4891,0.0,3143,0.31799999999999784,0,1,0
26444325488,702884587,14989133,1702850100,1702850100,2023-12-17,0.102533918,-72.4265,10.087,-80.7011,3.2233,0.017,0.0002,0.0002,80830,3,64,1,2023-12-17,0,17,12,6,-72.5399,-72.355,0.10528075,0.104578277,-72.4404666666667,-72.47212,0.0,3144,0.4946999999999946,0,1,0
26444325489,702884587,14989133,1702850163,1702850163,2023-12-17,0.100297365,-72.8258,12.8864,-80.9443,3.2597,0.027,0.0002,0.0007,80830,3,64,1,2023-12-17,0,17,12,6,-71.516,-71.9591,0.114500981,0.111193592,-72.10030000000005,-72.32848,0.0,3145,-0.39929999999999666,1,1,0
26444325485,702884587,14989133,1702850005,1702850005,2023-12-17,0.099650707,-72.715,12.14,-80.7631,3.2218,0.0182,0.0003,0.0002,80830,3,64,1,2023-12-17,0,17,12,6,-72.8555,-72.5487,0.100043852,0.10564324,-72.70640000000003,-72.4922,0.0,3146,0.11079999999999757,0,1,0
26444325486,702884587,14989133,1702850036,1702850036,2023-12-17,0.10564324,-72.5487,13.8049,-81.1183,3.2218,0.0172,0.0002,0.0001,80830,3,64,1,2023-12-17,0,17,12,6,-72.8258,-71.516,0.100297365,0.114500981,-72.29683333333337,-72.3032,0.0,3147,0.16630000000000678,1,1,0
26444325484,702884587,14989133,1702849973,1702849973,2023-12-17,0.094716167,-72.915,10.9646,-80.5438,3.2012,0.0177,0.0007,0.0005,80830,3,64,1,2023-12-17,0,17,12,6,-72.715,-72.8555,0.099650707,0.100043852,-72.82850000000003,-72.772,0.0,3148,-0.3663000000000096,0,1,0
26444325483,702884587,14989133,1702849909,1702849909,2023-12-17,0.102060886,-72.68,15.2249,-80.9409,3.2335,0.0167,0.0003,0.0004,80830,3,64,1,2023-12-17,0,17,12,6,-72.915,-72.715,0.094716167,0.099650707,-72.77000000000004,-72.74284,0.0,3149,0.23499999999999943,1,1,0
26444325482,702884587,14989133,1702849878,1702849878,2023-12-17,0.10684423,-72.6141,11.9087,-81.3006,3.2203,0.0129,0.0002,0.0001,80830,3,64,1,2023-12-17,0,17,12,6,-72.68,-72.915,0.102060886,0.094716167,-72.7363666666667,-72.75592,0.0,3150,0.06590000000001339,0,1,0
26444325481,702884587,14989133,1702849846,1702849846,2023-12-17,0.105119391,-72.2702,8.6979,-80.7596,3.2115,0.0039,0.0003,0.0004,80830,3,64,1,2023-12-17,0,17,12,6,-72.6141,-72.68,0.10684423,0.102060886,-72.52143333333336,-72.63886,0.0,3151,0.34389999999999077,0,1,0
26444325480,702884587,14989133,1702849814,1702849814,2023-12-17,0.10055879,-72.8032,9.3124,-80.9427,3.1987,0.0129,0.0003,0.0001,80830,3,64,1,2023-12-17,0,17,12,6,-72.2702,-72.6141,0.105119391,0.10684423,-72.56250000000003,-72.65650000000001,0.0,3152,-0.5330000000000013,0,1,0
26444325493,702884587,14989133,1702850290,1702850290,2023-12-17,0.100378893,-72.916,6.3189,-81.0519,3.1987,0.0096,0.0005,0.0004,80830,3,64,1,2023-12-17,0,17,12,6,-72.8032,-72.2702,0.10055879,0.105119391,-72.66313333333336,-72.6567,0.0,3153,-0.1127999999999929,0,1,0
26444325446,702884585,14989133,1702848451,1702848451,2023-12-17,0.109904855,-72.1747,9.5047,-81.0865,3.2868,0.042,0.0003,0.0004,80830,3,20,1,2023-12-17,0,17,12,6,-72.916,-72.8032,0.100378893,0.10055879,-72.63130000000002,-72.55564,0.0,3154,0.7412999999999954,0,1,0
26444325470,702884587,14989133,1702849434,1702849434,2023-12-17,0.097495662,-72.8645,7.0397,-80.7359,3.2123,0.0177,0.0001,0.0002,80830,3,64,1,2023-12-17,0,17,12,6,-72.1747,-72.916,0.109904855,0.100378893,-72.65173333333337,-72.60571999999999,0.0,3155,-0.6898000000000053,0,1,0
26444325444,702884585,14989133,1702848388,1702848388,2023-12-17,0.104578277,-72.355,11.1011,-80.8055,3.2675,0.021,0.0002,0.0004,80830,3,20,1,2023-12-17,0,17,12,6,-72.8645,-72.1747,0.097495662,0.109904855,-72.46473333333337,-72.62268,0.0,3156,0.5095000000000027,1,1,0
26444325500,702884587,14989133,1702850512,1702850512,2023-12-17,0.10528075,-72.5399,15.3033,-81.0756,3.1985,0.0205,0.0006,0.0004,80830,3,64,1,2023-12-17,0,17,12,6,-72.355,-72.8645,0.104578277,0.097495662,-72.5864666666667,-72.57002,0.0,3157,-0.18489999999999895,1,1,0
26444325490,702884587,14989133,1702850195,1702850195,2023-12-17,0.102624994,-72.4397,9.3878,-80.724,3.2203,0.0222,0.0004,0.0004,80830,3,64,1,2023-12-17,0,17,12,6,-68.6109,-68.6051,0.120790138,0.126350173,-69.88523333333336,-69.49832,0.0,3158,0.10020000000000095,0,1,0
26444325452,702884585,14989133,1702848673,1702848673,2023-12-17,0.095891782,-73.1589,6.0146,-80.9183,3.2393,0.0167,0.0003,0.0008,80830,3,20,1,2023-12-17,0,17,12,6,-72.2412,-72.5715,0.110045088,0.107572381,-72.65720000000003,-72.74998000000001,0.0,3159,-0.7192000000000007,0,1,0
26444325501,702884587,14989133,1702850543,1702850543,2023-12-17,0.100222334,-72.7239,15.3064,-80.8243,3.2155,0.0241,0.0003,0.0004,80830,3,64,1,2023-12-17,0,17,12,6,-72.4265,-72.5399,0.102533918,0.10528075,-72.56343333333336,-72.58196000000001,0.0,3160,0.4350000000000023,1,1,0
26444325459,702884587,14989133,1702849054,1702849054,2023-12-17,0.101585072,-72.7938,4.8395,-81.0247,3.2052,0.0116,0.0002,0.0,80830,3,64,1,2023-12-17,0,17,12,6,-71.4673,-72.7149,0.119645085,0.099517034,-72.32533333333336,-72.48273999999999,0.0,3161,-0.06990000000000407,0,1,0
26444325503,702884587,14989133,1702850607,1702850607,2023-12-17,0.10190982,-72.6581,7.5861,-80.9029,3.215,0.0076,0.0005,0.0002,80830,3,64,1,2023-12-17,0,17,12,6,-73.0903,-72.7239,0.095720371,0.100222334,-72.82410000000003,-72.68774,0.0,3162,0.13569999999999993,0,1,0
26444325464,702884587,14989133,1702849244,1702849244,2023-12-17,0.101052816,-72.8078,3.7073,-80.9923,3.2188,0.0192,0.0003,0.001,80830,3,64,1,2023-12-17,0,17,12,6,-72.1954,-72.6581,0.105800898,0.10190982,-72.5537666666667,-72.6951,0.0,3163,-0.14969999999999573,0,1,0
26444325463,702884587,14989133,1702849180,1702849180,2023-12-17,0.096763774,-72.9823,4.0654,-80.8009,3.2212,0.0173,0.0003,0.0003,80830,3,64,1,2023-12-17,0,17,12,6,-72.8078,-72.1954,0.101052816,0.105800898,-72.66183333333336,-72.74678000000002,0.0,3164,-0.17449999999999477,0,1,0
26444325476,702884587,14989133,1702849688,1702849688,2023-12-17,0.101740597,-72.4554,11.2995,-80.662,3.2092,0.003,0.0003,0.0002,80830,3,64,1,2023-12-17,0,17,12,6,-72.9823,-72.8078,0.096763774,0.101052816,-72.74850000000002,-72.61980000000001,0.0,3165,0.5268999999999977,1,1,0
26444325467,702884587,14989133,1702849339,1702849339,2023-12-17,0.100454793,-72.7876,3.8185,-80.916,3.2148,0.0193,0.0006,0.0004,80830,3,64,1,2023-12-17,0,17,12,6,-72.534,-71.5953,0.099570603,0.111809002,-72.30563333333335,-71.83037999999999,0.0,3166,-0.3322000000000003,0,1,0
26444325410,702884584,14989133,1702847215,1702847215,2023-12-17,0.119645085,-71.4673,5.7327,-81.1801,3.3003,0.0181,0.0003,0.0004,80830,3,50,1,2023-12-17,0,17,12,6,-72.7149,-72.4554,0.099517034,0.101740597,-72.21253333333335,-72.48553999999999,0.0,3167,1.3203000000000031,0,1,0
26444325487,702884587,14989133,1702850068,1702850068,2023-12-17,0.100043852,-72.8555,5.2437,-80.9545,3.2138,0.0178,0.0003,0.0004,80830,3,64,1,2023-12-17,0,17,12,6,-72.5487,-72.8258,0.10564324,0.100297365,-72.74333333333335,-72.34102,0.0,3168,-1.3882000000000119,0,1,0
26444325458,702884586,14989133,1702848927,1702848927,2023-12-17,0.09676692,-73.3073,12.5973,-81.161,3.2302,0.0334,0.0003,0.0002,80830,3,3,0,2023-12-17,0,17,12,6,-72.7938,-71.4673,0.101585072,0.119645085,-72.52280000000003,-72.54774,0.0,3169,-0.45179999999999154,1,1,0
26444325457,702884586,14989133,1702848895,1702848895,2023-12-17,0.094517007,-73.4296,15.0456,-81.0944,3.2117,0.0137,0.0003,0.0001,80830,3,3,0,2023-12-17,0,17,12,6,-73.3073,-72.7938,0.09676692,0.101585072,-73.17690000000003,-72.74258,0.0,3170,-0.12229999999999563,1,1,0
26444325456,702884586,14989133,1702848863,1702848863,2023-12-17,0.100363231,-72.9654,11.9094,-81.1054,3.2375,0.0184,0.0003,0.0,80830,3,3,0,2023-12-17,0,17,12,6,-73.4296,-73.3073,0.094517007,0.09676692,-73.23410000000003,-72.79267999999999,0.0,3171,0.46419999999999106,0,1,0
26444325455,702884585,14989133,1702848768,1702848768,2023-12-17,0.095241335,-73.1349,11.1066,-80.8336,3.2055,0.0169,0.0003,0.0004,80830,3,20,1,2023-12-17,0,17,12,6,-72.9654,-73.4296,0.100363231,0.094517007,-73.17663333333336,-73.1262,0.0,3172,-0.16949999999999932,0,1,0
26444325454,702884585,14989133,1702848737,1702848737,2023-12-17,0.098608689,-72.8856,9.1419,-80.859,3.2325,0.0194,0.0002,0.0002,80830,3,20,1,2023-12-17,0,17,12,6,-73.1349,-72.9654,0.095241335,0.100363231,-72.99530000000003,-73.14455999999998,0.0,3173,0.24930000000000518,0,1,0
26444325502,702884587,14989133,1702850575,1702850575,2023-12-17,0.103727477,-72.5823,4.042,-80.9824,3.2092,0.0174,0.0004,0.0004,80830,3,64,1,2023-12-17,0,17,12,6,-72.8856,-73.1349,0.098608689,0.095241335,-72.86760000000004,-72.99956,0.0,3174,0.303299999999993,0,1,0
26444325460,702884587,14989133,1702849085,1702849085,2023-12-17,0.095720371,-73.0903,14.3972,-80.8271,3.2062,0.0054,0.0003,0.0004,80830,3,64,1,2023-12-17,0,17,12,6,-72.7239,-72.4265,0.100222334,0.102533918,-72.74690000000004,-72.62712,0.0,3175,-0.5079999999999956,1,1,0
26444325453,702884585,14989133,1702848705,1702848705,2023-12-17,0.100841061,-72.9217,2.2706,-81.0999,3.2385,0.0246,0.0003,0.0001,80830,3,20,1,2023-12-17,0,17,12,6,-72.5823,-72.8856,0.103727477,0.098608689,-72.79653333333336,-72.89798,0.0,3176,0.16859999999999786,0,1,0
26444325450,702884585,14989133,1702848578,1702848578,2023-12-17,0.098641001,-73.0373,10.1788,-81.0302,3.3108,0.0286,0.0003,0.0004,80830,3,20,1,2023-12-17,0,17,12,6,-72.6845,-72.9217,0.097909484,0.100841061,-72.8811666666667,-72.82228,0.0,3177,-0.11560000000000059,1,1,0
26444325449,702884585,14989133,1702848547,1702848547,2023-12-17,0.105357167,-72.5762,10.1646,-81.1231,3.2985,0.0316,0.0003,0.0005,80830,3,20,1,2023-12-17,0,17,12,6,-73.0373,-72.6845,0.098641001,0.097909484,-72.76600000000003,-72.7604,0.0,3178,0.46110000000000184,0,1,0
26444325448,702884585,14989133,1702848515,1702848515,2023-12-17,0.101106621,-72.8296,5.8091,-81.0214,3.2892,0.0569,0.0003,0.0004,80830,3,20,1,2023-12-17,0,17,12,6,-72.5762,-73.0373,0.105357167,0.098641001,-72.8143666666667,-72.80986,0.0,3179,-0.2533999999999992,0,1,0
26444325461,702884587,14989133,1702849117,1702849117,2023-12-17,0.102214339,-72.5295,11.5503,-80.7871,3.2222,0.0178,0.0003,0.0007,80830,3,64,1,2023-12-17,0,17,12,6,-72.8296,-72.5762,0.101106621,0.105357167,-72.64510000000003,-72.73142,0.0,3180,0.3001000000000005,1,1,0
26444325447,702884585,14989133,1702848483,1702848483,2023-12-17,0.101846497,-72.5285,10.6721,-80.7529,3.2685,0.0167,0.0002,0.0004,80830,3,20,1,2023-12-17,0,17,12,6,-72.5295,-72.8296,0.102214339,0.101106621,-72.62920000000003,-72.70021999999999,0.0,3181,0.0010000000000047748,0,1,0
26444325477,702884587,14989133,1702849719,1702849719,2023-12-17,0.104427083,-72.2979,5.2659,-80.7281,3.2105,0.0122,0.0003,0.0002,80830,3,64,1,2023-12-17,0,17,12,6,-72.5285,-72.5295,0.101846497,0.102214339,-72.45196666666669,-72.55234,0.0,3182,0.23059999999999548,0,1,0
26444325479,702884587,14989133,1702849783,1702849783,2023-12-17,0.100132686,-72.6345,14.3627,-80.7169,3.2102,0.0135,0.0006,0.0001,80830,3,64,1,2023-12-17,0,17,12,6,-72.2979,-72.5285,0.104427083,0.101846497,-72.4869666666667,-72.564,0.0,3183,-0.33660000000000423,1,1,0
26444325507,702884587,14989133,1702850765,1702850765,2023-12-17,0.100367703,-73.1787,7.3054,-81.3429,3.188,0.0139,0.0003,0.0006,80830,3,64,1,2023-12-17,0,17,12,6,-72.6345,-72.2979,0.100132686,0.104427083,-72.70370000000003,-72.63382,0.0,3184,-0.5442000000000036,0,1,0
26444325506,702884587,14989133,1702850702,1702850702,2023-12-17,0.102551931,-72.5996,11.3603,-80.8956,3.222,0.0172,0.0003,0.0002,80830,3,64,1,2023-12-17,0,17,12,6,-73.1787,-72.6345,0.100367703,0.100132686,-72.80426666666669,-72.64784,0.0,3185,0.579100000000011,0,1,0
26444325505,702884587,14989133,1702850670,1702850670,2023-12-17,0.107572381,-72.5715,7.2111,-81.3192,3.206,0.0131,0.0002,0.0004,80830,3,64,1,2023-12-17,0,17,12,6,-72.5996,-73.1787,0.102551931,0.100367703,-72.78326666666669,-72.65644,0.0,3186,0.028099999999994907,0,1,0
26444325504,702884587,14989133,1702850638,1702850638,2023-12-17,0.110045088,-72.2412,2.7892,-81.174,3.2132,0.0164,0.0003,0.0004,80830,3,64,1,2023-12-17,0,17,12,6,-72.5715,-72.5996,0.107572381,0.102551931,-72.4707666666667,-72.6451,0.0,3187,0.33029999999999404,0,1,0
26444325465,702884587,14989133,1702849276,1702849276,2023-12-17,0.105800898,-72.1954,5.3018,-80.7375,3.232,0.025,0.0004,0.0005,80830,3,64,1,2023-12-17,0,17,12,6,-72.6581,-73.0903,0.10190982,0.095720371,-72.64793333333337,-72.61884,0.0,3188,0.04579999999999984,0,1,0
26444325451,702884585,14989133,1702848610,1702848610,2023-12-17,0.097909484,-72.6845,5.7408,-80.5734,3.3135,0.0311,0.0004,0.0004,80830,3,20,1,2023-12-17,0,17,12,6,-72.9217,-72.5823,0.100841061,0.103727477,-72.72950000000003,-72.8418,0.0,3189,-0.48909999999999343,0,1,0
26444325409,702884584,14989133,1702847184,1702847184,2023-12-17,0.114394124,-71.6077,8.6979,-80.8573,3.3018,0.0233,0.0004,0.0005,80830,3,50,1,2023-12-17,0,17,12,6,-73.1589,-72.2412,0.095891782,0.110045088,-72.33593333333336,-72.43578,0.0,3190,1.0768000000000058,1,1,0
26444325384,702884583,14989133,1702831779,1702831779,2023-12-17,0.108204582,-68.4799,14.0994,-76.7888,3.895,0.0084,0.0003,0.0,80830,3,2,0,2023-12-17,0,17,12,6,-70.364,-70.9273,0.128830649,0.117177299,-69.92373333333337,-70.25246,0.0,3191,3.1277999999999935,1,1,0
26444325407,702884584,14989133,1702847120,1702847120,2023-12-17,0.115497543,-71.5168,7.1954,-80.8554,3.3077,0.0414,0.0006,0.0004,80830,3,50,1,2023-12-17,0,17,12,6,-68.6825,-71.6077,0.102431241,0.114394124,-70.60233333333336,-71.44142,0.0,3192,-3.036900000000003,0,1,0
26444325439,702884585,14989133,1702848230,1702848230,2023-12-17,0.098054556,-72.2829,8.765,-80.1411,3.302,0.0395,0.0003,0.0004,80830,3,20,1,2023-12-17,0,17,12,6,-71.5168,-68.6825,0.115497543,0.102431241,-70.82740000000003,-71.44976,0.0,3193,-0.7660999999999945,0,1,0
26444325438,702884585,14989133,1702848198,1702848198,2023-12-17,0.094727655,-73.018,3.4524,-80.6586,3.3203,0.0376,0.0004,0.0007,80830,3,20,1,2023-12-17,0,17,12,6,-72.2829,-71.5168,0.098054556,0.115497543,-72.2725666666667,-71.42157999999999,0.0,3194,-0.7351000000000028,0,1,0
26444325437,702884585,14989133,1702848166,1702848166,2023-12-17,0.103404647,-72.6357,3.3327,-81.0128,3.32,0.046,0.0003,0.0004,80830,3,20,1,2023-12-17,0,17,12,6,-73.018,-72.2829,0.094727655,0.098054556,-72.64553333333336,-71.62718,0.0,3195,0.38230000000000075,0,1,0
26444325436,702884585,14989133,1702848134,1702848134,2023-12-17,0.1011705,-72.6896,5.761,-80.8714,3.3617,0.0204,0.0003,0.0,80830,3,20,1,2023-12-17,0,17,12,6,-71.5454,-72.6357,0.113542058,0.103404647,-72.29023333333335,-72.43431999999999,0.0,3196,-0.05389999999999873,0,1,0
26444325435,702884584,14989133,1702848039,1702848039,2023-12-17,0.110629889,-71.5645,1.7908,-80.4665,3.3625,0.0577,0.0002,0.0004,80830,3,50,1,2023-12-17,0,17,12,6,-72.6896,-71.5454,0.1011705,0.113542058,-71.9331666666667,-72.29064,0.0,3197,1.1251000000000033,0,1,0
26444325434,702884584,14989133,1702848008,1702848008,2023-12-17,0.110817054,-71.8667,10.6437,-80.8233,3.3758,0.0257,0.0003,0.0002,80830,3,50,1,2023-12-17,0,17,12,6,-71.5645,-72.6896,0.110629889,0.1011705,-72.0402666666667,-72.06038,0.0,3198,-0.30219999999999914,1,1,0
26444325510,702884587,14989133,1702850860,1702850860,2023-12-17,0.099209326,-72.6512,10.4964,-80.6527,3.1993,0.017,0.0003,0.0004,80830,3,64,1,2023-12-17,0,17,12,6,-71.8667,-71.5645,0.110817054,0.110629889,-72.0274666666667,-72.06348,0.0,3199,-0.7845000000000084,1,1,0
26444325432,702884584,14989133,1702847944,1702847944,2023-12-17,0.113044382,-71.6724,5.6783,-80.8072,3.3775,0.0359,0.0003,0.0004,80830,3,50,1,2023-12-17,0,17,12,6,-72.6512,-71.8667,0.099209326,0.110817054,-72.06343333333336,-72.08887999999999,0.0,3200,0.9788000000000068,0,1,0
26444325431,702884584,14989133,1702847913,1702847913,2023-12-17,0.107395433,-71.753,15.3942,-80.3861,3.3518,0.0426,0.0004,0.0008,80830,3,50,1,2023-12-17,0,17,12,6,-71.6724,-72.6512,0.113044382,0.099209326,-72.02553333333337,-71.90155999999999,0.0,3201,-0.080600000000004,1,1,0
26444325433,702884584,14989133,1702847976,1702847976,2023-12-17,0.111605701,-71.7692,8.7889,-80.7853,3.3678,0.0274,0.0007,0.0002,80830,3,50,1,2023-12-17,0,17,12,6,-71.753,-71.6724,0.107395433,0.113044382,-71.73153333333336,-71.9425,0.0,3202,-0.016199999999997772,0,1,0
26444325429,702884584,14989133,1702847818,1702847818,2023-12-17,0.108825033,-71.9794,1.8671,-80.7691,3.3495,0.0355,0.0003,0.0001,80830,3,50,1,2023-12-17,0,17,12,6,-71.7692,-71.753,0.111605701,0.107395433,-71.83386666666671,-71.96504,0.0,3203,-0.2102000000000004,0,1,0
26444325440,702884585,14989133,1702848261,1702848261,2023-12-17,0.103227862,-72.6033,13.8968,-80.9607,3.303,0.0255,0.0001,0.0002,80830,3,20,1,2023-12-17,0,17,12,6,-71.9794,-71.7692,0.108825033,0.111605701,-72.11730000000003,-71.95545999999999,0.0,3204,-0.6239000000000061,1,1,0
26444325408,702884584,14989133,1702847152,1702847152,2023-12-17,0.11477784,-71.6374,0.6877,-80.9259,3.3225,0.0459,0.0003,0.0004,80830,3,50,1,2023-12-17,0,17,12,6,-72.193,-71.6949,0.108372845,0.114357326,-71.8417666666667,-71.75142,0.0,3205,0.9659000000000049,0,1,0
26444325414,702884584,14989133,1702847342,1702847342,2023-12-17,0.113542058,-71.5454,5.2714,-80.7093,3.3295,0.0347,0.0003,0.0004,80830,3,50,1,2023-12-17,0,17,12,6,-72.6357,-73.018,0.103404647,0.094727655,-72.39970000000002,-72.19976,0.0,3206,0.09199999999999875,0,1,0
26444325419,702884584,14989133,1702847501,1702847501,2023-12-17,0.120200828,-71.2852,10.2712,-81.0244,3.3635,0.0295,0.0003,0.0004,80830,3,50,1,2023-12-17,0,17,12,6,-71.9748,-71.4194,0.103279781,0.118320375,-71.55980000000004,-71.85242000000001,0.0,3207,0.26019999999999754,1,1,0
26444325418,702884584,14989133,1702847469,1702847469,2023-12-17,0.106298289,-72.0278,14.6584,-80.5949,3.3483,0.0441,0.0006,0.0002,80830,3,50,1,2023-12-17,0,17,12,6,-71.2852,-71.9748,0.120200828,0.103279781,-71.76260000000003,-71.86210000000001,0.0,3208,-0.7425999999999959,1,1,0
26444325417,702884584,14989133,1702847437,1702847437,2023-12-17,0.113092558,-71.5125,3.9428,-80.6313,3.3198,0.0102,0.0003,0.0004,80830,3,50,1,2023-12-17,0,17,12,6,-72.0278,-71.2852,0.106298289,0.120200828,-71.60850000000003,-71.64394000000001,0.0,3209,0.5152999999999963,0,1,0
26444325416,702884584,14989133,1702847405,1702847405,2023-12-17,0.113470937,-71.3241,17.3953,-80.4532,3.327,0.0205,0.0003,0.0001,80830,3,50,1,2023-12-17,0,17,12,6,-71.5125,-72.0278,0.113092558,0.106298289,-71.62146666666669,-71.62487999999999,0.0,3210,0.18840000000000146,1,1,0
26444325424,702884584,14989133,1702847659,1702847659,2023-12-17,0.106917115,-71.9322,8.0573,-80.5437,3.2905,0.0157,0.0004,0.0005,80830,3,50,1,2023-12-17,0,17,12,6,-71.3241,-71.5125,0.113470937,0.113092558,-71.58960000000003,-71.61636000000001,0.0,3211,-0.6080999999999932,0,1,0
26444325421,702884584,14989133,1702847564,1702847564,2023-12-17,0.111045744,-71.926,10.203,-80.9108,3.339,0.0404,0.0004,0.0004,80830,3,50,1,2023-12-17,0,17,12,6,-71.9322,-71.3241,0.106917115,0.113470937,-71.72743333333335,-71.74452,0.0,3212,0.006199999999992656,0,1,0
26444325426,702884584,14989133,1702847722,1702847722,2023-12-17,0.112737683,-71.5609,4.9797,-80.6536,3.3203,0.0329,0.0002,0.0004,80830,3,50,1,2023-12-17,0,17,12,6,-71.926,-71.9322,0.111045744,0.106917115,-71.80636666666669,-71.65114,0.0,3213,0.3650999999999982,0,1,0
26444325428,702884584,14989133,1702847786,1702847786,2023-12-17,0.114357326,-71.6949,6.7616,-80.9524,3.3487,0.042,0.0003,0.0002,80830,3,50,1,2023-12-17,0,17,12,6,-71.6846,-71.5472,0.113805841,0.114252854,-71.64223333333337,-71.69316,0.0,3214,-0.13400000000000034,0,1,0
26444325425,702884584,14989133,1702847691,1702847691,2023-12-17,0.11080831,-71.9782,6.5144,-80.9479,3.3512,0.0485,0.0004,0.0005,80830,3,50,1,2023-12-17,0,17,12,6,-71.5609,-71.926,0.112737683,0.111045744,-71.82170000000004,-71.74428,0.0,3215,-0.283299999999997,0,1,0
26444325430,702884584,14989133,1702847849,1702847849,2023-12-17,0.114252854,-71.5472,6.8331,-80.7761,3.3435,0.026,0.0004,0.0004,80830,3,50,1,2023-12-17,0,17,12,6,-71.9782,-71.5609,0.11080831,0.112737683,-71.69543333333336,-71.7889,0.0,3216,0.4309999999999974,0,1,0
26444325427,702884584,14989133,1702847754,1702847754,2023-12-17,0.113805841,-71.6846,4.2511,-80.8904,3.3293,0.0183,0.0004,0.0005,80830,3,50,1,2023-12-17,0,17,12,6,-71.5472,-71.9782,0.114252854,0.11080831,-71.7366666666667,-71.73938,0.0,3217,-0.13739999999999952,0,1,0
26444325423,702884584,14989133,1702847627,1702847627,2023-12-17,0.118320375,-71.4194,6.9406,-81.0038,3.3413,0.0237,0.0003,0.0002,80830,3,50,1,2023-12-17,0,17,12,6,-72.6033,-71.9794,0.103227862,0.108825033,-72.00070000000004,-71.90486000000001,0.0,3218,0.2652000000000072,0,1,0
26444325420,702884584,14989133,1702847532,1702847532,2023-12-17,0.103279781,-71.9748,12.5135,-80.2645,3.315,0.0406,0.0003,0.0002,80830,3,50,1,2023-12-17,0,17,12,6,-71.4194,-72.6033,0.118320375,0.103227862,-71.99916666666671,-71.94922,0.0,3219,-0.5554000000000059,1,1,0
26444325462,702884587,14989133,1702849149,1702849149,2023-12-17,0.099517034,-72.7149,5.5669,-80.751,3.2247,0.0138,0.0002,0.0004,80830,3,64,1,2023-12-17,0,17,12,6,-72.4554,-72.9823,0.101740597,0.096763774,-72.71753333333335,-72.63116,0.0,3220,-0.7400999999999982,0,1,0
26444325422,702884584,14989133,1702847596,1702847596,2023-12-17,0.108372845,-72.193,7.6727,-80.9677,3.3293,0.0447,0.0003,0.0004,80830,3,50,1,2023-12-17,0,17,12,6,-71.6949,-71.6846,0.114357326,0.113805841,-71.85750000000003,-71.81958,0.0,3221,0.5219000000000023,0,1,0
26444325441,702884585,14989133,1702848293,1702848293,2023-12-17,0.104610074,-72.3176,9.6146,-80.7666,3.3102,0.0189,0.0003,0.0006,80830,3,20,1,2023-12-17,0,17,12,6,-71.6374,-72.193,0.11477784,0.108372845,-72.04933333333337,-71.9055,0.0,3222,-0.12460000000000093,0,1,0
26444325406,702884584,14989133,1702847088,1702847088,2023-12-17,0.1104172,-71.8766,7.0859,-80.7981,3.2912,0.0343,0.0002,0.0002,80830,3,50,1,2023-12-17,0,17,12,6,-72.5198,-72.3176,0.102076547,0.104610074,-72.23800000000003,-72.10888,0.0,3223,0.4410000000000025,0,1,0
26444325405,702884584,14989133,1702847057,1702847057,2023-12-17,0.117252906,-71.404,8.3434,-80.8884,3.2702,0.0161,0.0003,0.0001,80830,3,50,1,2023-12-17,0,17,12,6,-71.8766,-72.5198,0.1104172,0.102076547,-71.93346666666669,-71.95108,0.0,3224,0.4725999999999999,0,1,0
26444325404,702884584,14989133,1702847025,1702847025,2023-12-17,0.112679178,-71.6705,7.6026,-80.7718,3.2825,0.0367,0.0005,0.0008,80830,3,50,1,2023-12-17,0,17,12,6,-71.404,-71.8766,0.117252906,0.1104172,-71.6503666666667,-71.9577,0.0,3225,-0.26650000000000773,0,1,0
26444325403,702884584,14989133,1702846962,1702846962,2023-12-17,0.114634458,-71.3818,8.9986,-80.6241,3.2923,0.0272,0.0003,0.0004,80830,3,50,1,2023-12-17,0,17,12,6,-71.6705,-71.404,0.112679178,0.117252906,-71.48543333333336,-71.77054000000001,0.0,3226,0.28870000000000573,0,1,0
26444325402,702884584,14989133,1702846930,1702846930,2023-12-17,0.113622056,-71.668,14.8444,-80.8549,3.318,0.0381,0.0002,0.0001,80830,3,50,1,2023-12-17,0,17,12,6,-71.3818,-71.6705,0.114634458,0.112679178,-71.57343333333337,-71.60018,0.0,3227,-0.286200000000008,1,1,0
26444325401,702884584,14989133,1702846898,1702846898,2023-12-17,0.111771429,-71.6518,7.0929,-80.6682,3.3195,0.0293,0.0003,0.0002,80830,3,50,1,2023-12-17,0,17,12,6,-71.668,-71.3818,0.113622056,0.114634458,-71.56720000000003,-71.55521999999999,0.0,3228,0.016200000000011983,0,1,0
26444325400,702884584,14989133,1702846867,1702846867,2023-12-17,0.11897803,-71.3804,10.4773,-81.02,3.3065,0.016,0.0004,0.0005,80830,3,50,1,2023-12-17,0,17,12,6,-71.6518,-71.668,0.111771429,0.113622056,-71.56673333333336,-71.5505,0.0,3229,0.27139999999999986,0,1,0
26444325399,702884584,14989133,1702846835,1702846835,2023-12-17,0.109403985,-71.5821,5.7656,-80.3755,3.3318,0.0343,0.0006,0.0008,80830,3,50,1,2023-12-17,0,17,12,6,-71.3804,-71.6518,0.11897803,0.111771429,-71.53810000000003,-71.53281999999999,0.0,3230,-0.20170000000000243,0,1,0
26444325412,702884584,14989133,1702847279,1702847279,2023-12-17,0.1101794,-71.6916,8.8372,-80.5686,3.2917,0.0656,0.0006,0.0004,80830,3,50,1,2023-12-17,0,17,12,6,-71.5821,-71.3804,0.109403985,0.11897803,-71.5513666666667,-71.59477999999999,0.0,3231,-0.10949999999999704,0,1,0
26444325398,702884584,14989133,1702846772,1702846772,2023-12-17,0.117360329,-71.3984,9.2916,-80.8919,3.324,0.0238,0.0003,0.0004,80830,3,50,1,2023-12-17,0,17,12,6,-71.6916,-71.5821,0.1101794,0.109403985,-71.55736666666668,-71.54086,0.0,3232,0.2931999999999988,0,1,0
26444325396,702884584,14989133,1702846708,1702846708,2023-12-17,0.118741766,-71.3056,6.6174,-80.9134,3.3438,0.0186,0.0002,0.0001,80830,3,50,1,2023-12-17,0,17,12,6,-71.3984,-71.6916,0.117360329,0.1101794,-71.46520000000002,-71.47162,0.0,3233,0.09279999999999688,0,1,0
26444325395,702884584,14989133,1702846676,1702846676,2023-12-17,0.116055985,-71.4423,10.3256,-80.8222,3.3428,0.042,0.0005,0.0004,80830,3,50,1,2023-12-17,0,17,12,6,-71.3056,-71.3984,0.118741766,0.117360329,-71.38210000000002,-71.484,0.0,3234,-0.1367000000000047,1,1,0
26444325397,702884584,14989133,1702846740,1702846740,2023-12-17,0.119852299,-71.1977,3.826,-80.8929,3.331,0.0175,0.0006,0.0004,80830,3,50,1,2023-12-17,0,17,12,6,-68.4799,-70.364,0.108204582,0.128830649,-70.01386666666669,-70.32006000000001,0.0,3235,0.24460000000000548,0,1,0
26444325443,702884585,14989133,1702848356,1702848356,2023-12-17,0.102076547,-72.5198,9.8046,-80.7639,3.263,0.0423,0.0006,0.0007,80830,3,20,1,2023-12-17,0,17,12,6,-72.3176,-71.6374,0.104610074,0.11477784,-72.1582666666667,-72.07254,0.0,3236,-1.322100000000006,0,1,0
26444325392,702884584,14989133,1702846581,1702846581,2023-12-17,0.114982846,-71.4046,4.174,-80.6816,3.4133,0.0149,0.0003,0.0001,80830,3,50,1,2023-12-17,0,17,12,6,-71.6453,-72.5519,0.113625454,0.10220267,-71.8672666666667,-71.66994,0.0,3237,1.1152000000000015,0,1,0
26444325391,702884584,14989133,1702846550,1702846550,2023-12-17,0.117293302,-71.3784,4.9384,-80.8631,3.4185,0.0144,0.0003,0.0002,80830,3,50,1,2023-12-17,0,17,12,6,-71.4046,-71.6453,0.114982846,0.113625454,-71.47610000000003,-71.6845,0.0,3238,0.026200000000002888,0,1,0
26444325390,702884584,14989133,1702846518,1702846518,2023-12-17,0.109018191,-71.8224,6.7675,-80.6104,3.4505,0.0085,0.0004,0.0005,80830,3,50,1,2023-12-17,0,17,12,6,-71.3784,-71.4046,0.117293302,0.114982846,-71.53513333333336,-71.76052,0.0,3239,-0.4440000000000026,0,1,0
26444325389,702884584,14989133,1702846486,1702846486,2023-12-17,0.119770588,-70.8597,8.9413,-80.5014,3.472,0.0053,0.0003,0.0004,80830,3,50,1,2023-12-17,0,17,12,6,-71.8224,-71.3784,0.109018191,0.117293302,-71.35350000000003,-71.42208000000001,0.0,3240,0.9626999999999981,1,1,0
26444325388,702884584,14989133,1702846455,1702846455,2023-12-17,0.120561495,-70.6314,2.6173,-80.3142,3.4937,0.0084,0.0003,0.0004,80830,3,50,1,2023-12-17,0,17,12,6,-70.8597,-71.8224,0.119770588,0.109018191,-71.10450000000003,-71.2193,0.0,3241,0.2283000000000044,0,1,0
26444325387,702884584,14989133,1702846423,1702846423,2023-12-17,0.117177299,-70.9273,4.1217,-80.3415,3.533,0.0046,0.0004,0.0001,80830,3,50,1,2023-12-17,0,17,12,6,-70.6314,-70.8597,0.120561495,0.119770588,-70.80613333333336,-71.12384,0.0,3242,-0.29590000000000316,0,1,0
26444325386,702884584,14989133,1702846391,1702846391,2023-12-17,0.128830649,-70.364,8.3147,-80.7696,3.6997,0.0211,0.0004,0.0,80830,3,50,1,2023-12-17,0,17,12,6,-70.9273,-70.6314,0.117177299,0.120561495,-70.64090000000003,-70.92096000000001,0.0,3243,0.5632999999999981,1,1,0
26444325385,702884583,14989133,1702831843,1702831843,2023-12-17,0.102431241,-68.6825,19.8491,-76.5206,3.8808,0.0118,0.0003,0.0005,80830,3,2,0,2023-12-17,0,17,12,6,-71.6077,-73.1589,0.114394124,0.095891782,-71.14970000000004,-71.65236,0.0,3244,1.6814999999999998,1,1,0
26444325413,702884584,14989133,1702847310,1702847310,2023-12-17,0.121175562,-71.2412,10.082,-81.0642,3.296,0.0262,0.0004,0.0005,80830,3,50,1,2023-12-17,0,17,12,6,-71.1977,-68.4799,0.119852299,0.108204582,-70.3062666666667,-70.44202,0.0,3245,-2.5587000000000018,0,1,0
26444325393,702884584,14989133,1702846613,1702846613,2023-12-17,0.122035374,-70.9938,7.2714,-80.8618,3.3975,0.0339,0.0003,0.0007,80830,3,50,1,2023-12-17,0,17,12,6,-71.2412,-71.1977,0.121175562,0.119852299,-71.14423333333336,-70.45532,0.0,3246,0.24740000000001316,0,1,0
26444325415,702884584,14989133,1702847374,1702847374,2023-12-17,0.111809002,-71.5953,10.5811,-80.608,3.2985,0.0211,0.0004,0.0001,80830,3,50,1,2023-12-17,0,17,12,6,-70.9938,-71.2412,0.122035374,0.121175562,-71.27676666666669,-70.70158,0.0,3247,-0.6015000000000015,0,1,0
26444325394,702884584,14989133,1702846645,1702846645,2023-12-17,0.113625454,-71.6453,8.878,-80.8296,3.3515,0.0243,0.0003,0.0004,80830,3,50,1,2023-12-17,0,17,12,6,-72.5519,-71.4423,0.10220267,0.116055985,-71.87983333333337,-71.66870000000002,0.0,3248,-0.05000000000001137,0,1,0
26444325442,702884585,14989133,1702848325,1702848325,2023-12-17,0.10220267,-72.5519,1.9372,-80.811,3.266,0.013,0.0003,0.0002,80830,3,20,1,2023-12-17,0,17,12,6,-71.4423,-71.3056,0.116055985,0.118741766,-71.76660000000003,-71.67796000000001,0.0,3249,-0.9065999999999974,0,1,0
26444325469,702884587,14989133,1702849402,1702849402,2023-12-17,0.100167147,-72.8924,5.5611,-81.0066,3.2332,0.0334,0.0004,0.0005,80830,3,64,1,2023-12-17,0,17,12,6,-72.58,-72.7876,0.103699432,0.100454793,-72.75333333333337,-72.47785999999999,0.0,3250,-0.3404999999999916,0,1,0
26444325445,702884585,14989133,1702848420,1702848420,2023-12-17,0.099570603,-72.534,9.1259,-80.5549,3.252,0.0315,0.0003,0.0003,80830,3,20,1,2023-12-17,0,17,12,6,-71.5953,-70.9938,0.111809002,0.122035374,-71.70770000000003,-71.5124,0.0,3251,0.35839999999998895,0,1,0
26444325581,702884596,14989133,1702858150,1702858150,2023-12-17,0.116787986,-71.1989,25.2926,-80.6136,3.888,0.0165,0.0005,0.0004,80830,3,18,1,2023-12-17,0,17,12,6,-60.5218,-72.5667,0.247176686,0.099753621,-68.09580000000001,-69.18394,0.0,3252,1.3351000000000113,1,1,0
26444325512,702884587,14989133,1702850924,1702850924,2023-12-17,0.09951575,-72.7268,8.0275,-80.7641,3.201,0.0032,0.0003,0.0002,80830,3,64,1,2023-12-17,0,17,12,6,-72.8782,-72.8924,0.097880189,0.100167147,-72.83246666666669,-72.773,0.0,3253,-1.5279000000000025,0,1,0
26444325513,702884587,14989133,1702850955,1702850955,2023-12-17,0.100354537,-72.8523,14.1008,-80.9789,3.203,0.0208,0.0003,0.0007,80830,3,64,1,2023-12-17,0,17,12,6,-72.7268,-72.8782,0.09951575,0.097880189,-72.81910000000003,-72.78594000000001,0.0,3254,-0.1255000000000024,0,1,0
26444325468,702884587,14989133,1702849371,1702849371,2023-12-17,0.099033326,-72.8473,9.7572,-80.8546,3.236,0.0224,0.0005,0.0002,80830,3,64,1,2023-12-17,0,17,12,6,-72.8523,-72.7268,0.100354537,0.09951575,-72.80880000000003,-72.8394,0.0,3255,0.0049999999999954525,0,1,0
26444325466,702884587,14989133,1702849307,1702849307,2023-12-17,0.103699432,-72.58,15.4697,-80.9773,3.2388,0.037,0.0003,0.0004,80830,3,64,1,2023-12-17,0,17,12,6,-72.7876,-72.534,0.100454793,0.099570603,-72.63386666666669,-72.09813999999999,0.0,3256,0.26730000000000587,0,1,0
26444325543,702884593,14989133,1702856439,1702856439,2023-12-17,0.126109893,-69.8392,18.2493,-79.9176,3.955,0.0082,0.0003,0.0004,80830,3,2,0,2023-12-17,0,17,12,6,-70.2422,-72.8838,0.105940903,0.099024282,-70.98840000000003,-71.71326,0.0,3257,2.740799999999993,1,1,0
26444325509,702884587,14989133,1702850829,1702850829,2023-12-17,0.099671078,-73.0562,13.2738,-81.1439,3.2145,0.0144,0.0002,0.0007,80830,3,64,1,2023-12-17,0,17,12,6,-72.4889,-72.8862,0.103426055,0.09734316,-72.81043333333336,-72.82618,0.0,3258,-3.2169999999999987,0,1,0
26444325550,702884594,14989133,1702856883,1702856883,2023-12-17,0.124543766,-70.3268,16.0078,-80.3316,3.8795,0.0072,0.0003,0.0004,80830,3,13,1,2023-12-17,0,17,12,6,-73.0562,-72.4889,0.099671078,0.103426055,-71.95730000000003,-72.32108000000001,0.0,3259,2.7293999999999983,0,1,0
26444325519,702884587,14989133,1702851146,1702851146,2023-12-17,0.103227891,-72.4304,3.6156,-80.7679,3.222,0.0077,0.0003,0.0005,80830,3,64,1,2023-12-17,0,17,12,6,-70.3268,-73.0562,0.124543766,0.099671078,-71.93780000000004,-72.23769999999999,0.0,3260,-2.1036,0,1,0
26444325520,702884587,14989133,1702851177,1702851177,2023-12-17,0.108960964,-72.236,10.8636,-81.0694,3.2065,0.0227,0.0003,0.0005,80830,3,64,1,2023-12-17,0,17,12,6,-72.4304,-70.3268,0.103227891,0.124543766,-71.66440000000004,-72.10766000000001,0.0,3261,0.19440000000000168,0,1,0
26444325521,702884587,14989133,1702851209,1702851209,2023-12-17,0.105714721,-72.1707,9.2318,-80.7021,3.227,0.0143,0.0002,0.0004,80830,3,64,1,2023-12-17,0,17,12,6,-72.236,-72.4304,0.108960964,0.103227891,-72.27903333333336,-72.04402,0.0,3262,0.06530000000000769,0,1,0
26444325522,702884587,14989133,1702851241,1702851241,2023-12-17,0.101810117,-72.6544,11.0444,-80.8898,3.2175,0.0134,0.0003,0.0006,80830,3,64,1,2023-12-17,0,17,12,6,-72.1707,-72.236,0.105714721,0.108960964,-72.35370000000002,-71.96366,0.0,3263,-0.4836999999999989,0,1,0
26444325377,702884579,14989133,1702823317,1702823317,2023-12-17,0.131045921,-68.2679,6.5814,-78.5633,4.3107,0.0084,0.0003,0.0002,80830,3,3,0,2023-12-17,0,17,12,6,-65.5015,-66.4435,0.165858013,0.152483676,-66.73763333333335,-67.84996,0.0,3264,4.386499999999998,0,1,0
26444325523,702884588,14989133,1702852128,1702852128,2023-12-17,0.098767698,-72.666,12.0541,-80.6296,3.7923,0.0263,0.0004,0.0,80830,3,4,1,2023-12-17,0,17,12,6,-72.6544,-72.1707,0.101810117,0.105714721,-72.49703333333336,-72.4315,0.0,3265,-4.3980999999999995,1,1,0
26444325525,702884588,14989133,1702852192,1702852192,2023-12-17,0.104155099,-72.4442,18.1273,-80.8669,3.6717,0.0396,0.0002,0.0002,80830,3,4,1,2023-12-17,0,17,12,6,-73.0407,-72.666,0.097719367,0.098767698,-72.71696666666669,-72.59519999999999,0.0,3266,0.22180000000000177,1,1,0
26444325516,702884587,14989133,1702851051,1702851051,2023-12-17,0.101976117,-72.4875,6.7866,-80.7189,3.2058,0.0101,0.0006,0.0005,80830,3,64,1,2023-12-17,0,17,12,6,-72.4442,-73.0407,0.104155099,0.097719367,-72.65746666666669,-72.65856,0.0,3267,-0.043300000000002115,0,1,0
26444325551,702884594,14989133,1702856914,1702856914,2023-12-17,0.119958899,-71.0011,15.8753,-80.6793,3.8868,0.0104,0.0002,0.0001,80830,3,13,1,2023-12-17,0,17,12,6,-72.4875,-72.4442,0.101976117,0.104155099,-71.97760000000004,-72.3279,0.0,3268,1.4864000000000033,1,1,0
26444325556,702884594,14989133,1702857136,1702857136,2023-12-17,0.165991213,-67.0463,16.7097,-80.3904,3.9215,0.002,0.0002,0.0002,80830,3,13,1,2023-12-17,0,17,12,6,-71.0011,-72.4875,0.119958899,0.101976117,-70.17830000000002,-71.20396,0.0,3269,3.9547999999999917,1,1,1
26444325553,702884594,14989133,1702857009,1702857009,2023-12-17,0.144062859,-69.489,53.9651,-81.1847,3.937,0.008,0.0002,0.0002,80830,3,13,1,2023-12-17,0,17,12,6,-67.0463,-71.0011,0.165991213,0.119958899,-69.17880000000002,-70.49361999999999,0.0,3270,-2.442700000000002,1,1,0
26444325589,702884598,14989133,1702858658,1702858658,2023-12-17,0.19545147,-65.0356,8.7796,-80.8349,3.9102,0.0025,0.0002,0.0005,80830,3,9,1,2023-12-17,0,17,12,6,-69.489,-67.0463,0.144062859,0.165991213,-67.19030000000002,-69.0119,0.0,3271,4.453400000000002,0,1,1
26444325590,702884598,14989133,1702858689,1702858689,2023-12-17,0.155024567,-68.7205,57.006,-81.3284,3.9093,0.0016,0.0004,0.0004,80830,3,9,1,2023-12-17,0,17,12,6,-65.0356,-69.489,0.19545147,0.144062859,-67.7483666666667,-68.2585,0.0,3272,-3.684899999999999,1,1,0
26444325591,702884598,14989133,1702858721,1702858721,2023-12-17,0.241200498,-61.1364,9.1499,-80.5699,3.9105,0.0025,0.0003,0.0004,80830,3,9,1,2023-12-17,0,17,12,6,-68.7205,-65.0356,0.155024567,0.19545147,-64.9641666666667,-66.28556,0.0,3273,7.584099999999999,0,1,1
26444325592,702884599,14989133,1702859006,1702859006,2023-12-17,0.126254904,-71.0277,52.5316,-81.2911,3.9505,0.009,0.0003,0.0,80830,3,4,1,2023-12-17,0,17,12,6,-61.1364,-68.7205,0.241200498,0.155024567,-66.96153333333336,-67.08184000000001,0.0,3274,-9.891299999999994,1,1,0
26444325593,702884599,14989133,1702859038,1702859038,2023-12-17,0.142303375,-69.1445,10.6324,-80.6165,3.9817,0.0148,0.0002,0.0001,80830,3,4,1,2023-12-17,0,17,12,6,-71.0277,-61.1364,0.126254904,0.241200498,-67.10286666666669,-67.01294,0.0,3275,1.8832000000000022,0,1,0
26444325594,702884599,14989133,1702859070,1702859070,2023-12-17,0.11207719,-69.8924,21.8044,-78.7145,3.9678,0.0163,0.0006,0.0004,80830,3,4,1,2023-12-17,0,17,12,6,-69.1445,-71.0277,0.142303375,0.126254904,-70.02153333333337,-67.98429999999999,0.0,3276,-0.7479000000000013,0,1,0
26444325375,702884579,14989133,1702823221,1702823221,2023-12-17,0.152483676,-66.4435,8.387,-78.3979,4.4117,0.0263,0.0002,0.0,80830,3,3,0,2023-12-17,0,17,12,6,-69.8924,-69.1445,0.11207719,0.142303375,-68.49346666666669,-67.5289,0.0,3277,3.4488999999999947,0,1,0
26444325511,702884587,14989133,1702850892,1702850892,2023-12-17,0.097880189,-72.8782,3.3719,-80.7855,3.1932,0.0227,0.0005,0.0001,80830,3,64,1,2023-12-17,0,17,12,6,-72.8924,-72.58,0.100167147,0.103699432,-72.78353333333337,-72.73443999999999,0.0,3278,-6.4347000000000065,0,1,0
26444325376,702884579,14989133,1702823285,1702823285,2023-12-17,0.165858013,-65.5015,23.3868,-78.5256,4.3323,0.0055,0.0003,0.0007,80830,3,3,0,2023-12-17,0,17,12,6,-66.4435,-69.8924,0.152483676,0.11207719,-67.27913333333335,-68.40191999999999,0.0,3279,7.376700000000014,1,1,1
26444325515,702884587,14989133,1702851019,1702851019,2023-12-17,0.103426055,-72.4889,4.6955,-80.851,3.2212,0.0192,0.0003,0.0004,80830,3,64,1,2023-12-17,0,17,12,6,-72.8862,-72.8473,0.09734316,0.099033326,-72.74080000000004,-72.7603,0.0,3280,-6.987400000000008,0,1,0
26444325378,702884580,14989133,1702823665,1702823665,2023-12-17,0.135290305,-67.9111,14.9805,-78.5363,4.2145,0.0205,0.0001,0.0,80830,3,2,0,2023-12-17,0,17,12,6,-68.2679,-65.5015,0.131045921,0.165858013,-67.22683333333337,-67.60328,0.0,3281,4.577799999999996,1,1,0
26444325508,702884587,14989133,1702850797,1702850797,2023-12-17,0.102957389,-72.7428,11.3814,-81.0918,3.1892,0.0207,0.0004,0.0004,80830,3,64,1,2023-12-17,0,17,12,6,-71.603,-71.8144,0.101963057,0.106110093,-72.05340000000002,-72.22276,1123200.0,3282,-4.831699999999998,0,1,0
26444325539,702884592,14989133,1702853840,1702853840,2023-12-17,0.101963057,-71.603,11.6739,-79.7328,3.6625,0.064,0.0005,0.0003,80830,3,5,1,2023-12-17,0,17,12,6,-71.8144,-71.7694,0.106110093,0.10202044,-71.72893333333336,-72.25738,0.0,3283,1.1398000000000081,0,1,0
26444325538,702884592,14989133,1702853808,1702853808,2023-12-17,0.106110093,-71.8144,16.1874,-80.3392,3.6682,0.0226,0.0007,0.0002,80830,3,5,1,2023-12-17,0,17,12,6,-71.7694,-73.1842,0.10202044,0.093399964,-72.25600000000003,-72.54114,0.0,3284,-0.2114000000000118,1,1,0
26444325537,702884592,14989133,1702853776,1702853776,2023-12-17,0.10202044,-71.7694,11.7879,-79.9232,3.6753,0.0016,0.0003,0.0,80830,3,5,1,2023-12-17,0,17,12,6,-73.1842,-72.9159,0.093399964,0.095082492,-72.62316666666669,-72.79768,0.0,3285,0.045000000000001705,0,1,0
26444325536,702884591,14989133,1702853016,1702853016,2023-12-17,0.093399964,-73.1842,10.5495,-80.7238,3.6263,0.0166,0.0006,0.0004,80830,3,3,0,2023-12-17,0,17,12,6,-72.9159,-73.0218,0.095082492,0.09817342,-73.04063333333336,-73.02558,0.0,3286,-1.4147999999999996,0,1,0
26444325531,702884590,14989133,1702852762,1702852762,2023-12-17,0.09817342,-73.0218,10.4662,-80.971,3.617,0.0241,0.0004,0.001,80830,3,5,1,2023-12-17,0,17,12,6,-73.0971,-72.9089,0.095949421,0.098961275,-73.00926666666669,-72.97767999999999,0.0,3287,0.1624000000000052,0,1,0
26444325530,702884590,14989133,1702852699,1702852699,2023-12-17,0.095082492,-72.9159,7.4667,-80.5774,3.6098,0.0151,0.0003,0.0005,80830,3,5,1,2023-12-17,0,17,12,6,-73.0218,-73.0971,0.09817342,0.095949421,-73.01160000000003,-72.96271999999999,0.0,3288,0.10590000000000543,0,1,0
26444325535,702884591,14989133,1702852984,1702852984,2023-12-17,0.095949421,-73.0971,12.1371,-80.8551,3.6528,0.0404,0.0002,0.0001,80830,3,3,0,2023-12-17,0,17,12,6,-72.9089,-72.8699,0.098961275,0.098809541,-72.95863333333337,-71.95554000000001,0.0,3289,-0.18120000000000402,0,1,0
26444325532,702884590,14989133,1702852825,1702852825,2023-12-17,0.098961275,-72.9089,9.0177,-80.9165,3.6393,0.0223,0.0004,0.0006,80830,3,5,1,2023-12-17,0,17,12,6,-72.8699,-72.9907,0.098809541,0.098535242,-72.9231666666667,-70.9897,0.0,3290,0.18819999999999482,0,1,0
26444325533,702884590,14989133,1702852857,1702852857,2023-12-17,0.098809541,-72.8699,8.7552,-80.8596,3.6237,0.0092,0.0003,0.0002,80830,3,5,1,2023-12-17,0,17,12,6,-72.9907,-67.9111,0.098535242,0.135290305,-71.25723333333336,-69.50822,0.0,3291,0.03900000000000148,0,1,0
26444325379,702884580,14989133,1702823697,1702823697,2023-12-17,0.105940903,-70.2422,11.453,-78.5655,4.2335,0.0086,0.0004,0.0004,80830,3,2,0,2023-12-17,0,17,12,6,-72.8838,-72.2855,0.099024282,0.104190084,-71.80383333333334,-72.26038,0.0,3292,2.6277000000000044,0,1,0
26444325541,702884592,14989133,1702853903,1702853903,2023-12-17,0.092529421,-73.1022,4.1912,-80.556,3.6263,0.0106,0.0002,0.0001,80830,3,5,1,2023-12-17,0,17,12,6,-72.7428,-71.603,0.102957389,0.101963057,-72.48266666666669,-72.20635999999999,0.0,3293,-2.8599999999999994,0,1,0
26444325524,702884588,14989133,1702852160,1702852160,2023-12-17,0.097719367,-73.0407,13.9133,-80.9512,3.7325,0.0342,0.0004,0.0004,80830,3,4,1,2023-12-17,0,17,12,6,-72.666,-72.6544,0.098767698,0.101810117,-72.78703333333335,-72.55356,0.0,3294,0.061499999999995225,1,1,0
26444325544,702884594,14989133,1702856692,1702856692,2023-12-17,0.120994067,-71.4122,70.6177,-81.242,3.916,0.0092,0.0002,0.0,80830,3,13,1,2023-12-17,0,17,12,6,-69.6326,-71.8202,0.119480838,0.125647362,-70.95500000000003,-71.74199999999999,0.0,3295,1.6285000000000025,1,1,0
26444325529,702884590,14989133,1702852667,1702852667,2023-12-17,0.092606196,-73.4979,11.6617,-80.9989,3.603,0.0247,0.0004,0.0,80830,3,5,1,2023-12-17,0,17,12,6,-71.4122,-69.6326,0.120994067,0.119480838,-71.51423333333337,-71.89302,0.0,3296,-2.0857000000000028,0,1,0
26444325545,702884594,14989133,1702856724,1702856724,2023-12-17,0.145003481,-68.0384,24.0415,-79.5774,3.9095,0.0061,0.0003,0.0001,80830,3,13,1,2023-12-17,0,17,12,6,-73.4979,-71.4122,0.092606196,0.120994067,-70.98283333333336,-70.88025999999999,0.0,3297,5.459500000000006,0,1,0
26444325546,702884594,14989133,1702856756,1702856756,2023-12-17,0.15216317,-68.2802,18.8162,-80.5346,3.906,0.006,0.0003,0.0002,80830,3,13,1,2023-12-17,0,17,12,6,-68.0384,-73.4979,0.145003481,0.092606196,-69.93883333333336,-70.17226,0.0,3298,-0.2417999999999978,0,1,0
26444325547,702884594,14989133,1702856787,1702856787,2023-12-17,0.111199255,-70.9207,21.1629,-79.7937,3.8843,0.0062,0.0006,0.0005,80830,3,13,1,2023-12-17,0,17,12,6,-68.2802,-68.0384,0.15216317,0.145003481,-69.07976666666669,-70.42988,0.0,3299,-2.640500000000003,0,1,0
26444325548,702884594,14989133,1702856819,1702856819,2023-12-17,0.152772595,-68.112,41.0953,-80.394,3.8777,0.0052,0.0003,0.0002,80830,3,13,1,2023-12-17,0,17,12,6,-70.9207,-68.2802,0.111199255,0.15216317,-69.10430000000002,-69.76984,0.0,3300,2.8087000000000018,1,1,0
26444325549,702884594,14989133,1702856851,1702856851,2023-12-17,0.110846209,-71.7925,52.1564,-80.7425,3.8875,0.0041,0.0003,0.0002,80830,3,13,1,2023-12-17,0,17,12,6,-68.112,-70.9207,0.152772595,0.111199255,-70.2750666666667,-69.42876,0.0,3301,-3.680500000000009,1,1,0
26444325540,702884592,14989133,1702853871,1702853871,2023-12-17,0.100098577,-72.5748,13.2086,-80.6475,3.6258,0.0162,0.0003,0.0004,80830,3,5,1,2023-12-17,0,17,12,6,-71.7925,-68.112,0.110846209,0.152772595,-70.82643333333336,-70.33604,0.0,3302,-0.7822999999999922,0,1,0
26444325528,702884589,14989133,1702852572,1702852572,2023-12-17,0.093399548,-73.3156,13.3489,-80.8687,3.6055,0.0113,0.0003,0.0006,80830,3,2,0,2023-12-17,0,17,12,6,-72.5748,-71.7925,0.100098577,0.110846209,-72.56096666666669,-71.34312,0.0,3303,-0.7408000000000072,0,1,0
26444325518,702884587,14989133,1702851114,1702851114,2023-12-17,0.104190084,-72.2855,8.6314,-80.6929,3.212,0.0057,0.0003,0.0004,80830,3,64,1,2023-12-17,0,17,12,6,-73.3156,-72.5748,0.093399548,0.100098577,-72.72530000000002,-71.61607999999998,0.0,3304,1.0301000000000045,0,1,0
26444325526,702884588,14989133,1702852223,1702852223,2023-12-17,0.099024282,-72.8838,14.674,-80.8943,3.6555,0.0185,0.0003,0.0004,80830,3,4,1,2023-12-17,0,17,12,6,-72.2855,-73.3156,0.104190084,0.093399548,-72.82830000000003,-72.57043999999999,0.0,3305,-0.5982999999999947,0,1,0
26444325534,702884591,14989133,1702852952,1702852952,2023-12-17,0.098535242,-72.9907,12.9711,-80.969,3.639,0.0363,0.0003,0.0,80830,3,3,0,2023-12-17,0,17,12,6,-67.9111,-68.2679,0.135290305,0.131045921,-69.72323333333337,-68.22294000000001,0.0,3306,-0.10690000000001021,0,1,0
26444325595,702884599,14989133,1702859133,1702859133,2023-12-17,0.125647362,-71.8202,60.5514,-82.141,4.0987,0.0352,0.0008,0.0008,80830,3,4,1,2023-12-17,0,17,12,6,-73.1022,-72.7428,0.092529421,0.102957389,-72.55506666666669,-72.21651999999999,0.0,3307,1.170500000000004,1,1,0
26444325542,702884593,14989133,1702856407,1702856407,2023-12-17,0.119480838,-69.6326,45.9398,-79.0813,3.986,0.0137,0.0004,0.0,80830,3,2,0,2023-12-17,0,17,12,6,-71.8202,-73.1022,0.125647362,0.092529421,-71.51833333333336,-71.78016,0.0,3308,2.1876000000000033,1,1,0
26444325596,702884600,14989133,1702859513,1702859513,2023-12-17,0.119652812,-70.8867,11.8708,-80.5213,3.9208,0.0062,0.0003,0.0,80830,3,2,0,2023-12-17,0,17,12,6,-69.8392,-70.2422,0.126109893,0.105940903,-70.32270000000003,-71.22747999999999,0.0,3309,-1.2541000000000082,0,1,0
26444325527,702884589,14989133,1702852540,1702852540,2023-12-17,0.09734316,-72.8862,10.0008,-80.7463,3.637,0.0217,0.0008,0.0,80830,3,2,0,2023-12-17,0,17,12,6,-72.8473,-72.8523,0.099033326,0.100354537,-72.86193333333337,-72.83816,0.0,3310,-1.9994999999999976,0,1,0
26444325598,702884601,14989133,1702860211,1702860211,2023-12-17,0.141463742,-69.1666,23.1985,-80.5634,4.304,0.0073,0.0003,0.0,80830,3,3,0,2023-12-17,0,17,12,6,-72.544,-70.8867,0.100715768,0.119652812,-70.86576666666669,-70.53574,0.0,3311,3.7196,0,1,0
26444325566,702884596,14989133,1702857738,1702857738,2023-12-17,0.224337513,-62.183,5.2359,-80.1676,3.9225,0.002,0.0006,0.0005,80830,3,18,1,2023-12-17,0,17,12,6,-69.1666,-72.544,0.141463742,0.100715768,-67.96453333333336,-68.9239,0.0,3312,6.983600000000003,0,1,1
26444325568,702884596,14989133,1702857770,1702857770,2023-12-17,0.152593859,-68.4022,23.1959,-80.7195,4.0142,0.017,0.0003,0.0002,80830,3,18,1,2023-12-17,0,17,12,6,-62.183,-69.1666,0.224337513,0.141463742,-66.58393333333335,-68.6365,0.0,3313,-6.219199999999994,1,1,0
26444325586,702884598,14989133,1702858531,1702858531,2023-12-17,0.151406514,-68.9758,49.9343,-81.2825,3.883,0.0037,0.0003,0.0002,80830,3,9,1,2023-12-17,0,17,12,6,-68.4022,-62.183,0.152593859,0.224337513,-66.52033333333337,-68.25431999999999,0.0,3314,-0.5736000000000132,1,1,0
26444325571,702884596,14989133,1702857833,1702857833,2023-12-17,0.227481274,-61.9122,12.0143,-80.1433,3.9455,0.005,0.0003,0.0005,80830,3,18,1,2023-12-17,0,17,12,6,-68.9758,-68.4022,0.151406514,0.152593859,-66.43006666666669,-66.12796,0.0,3315,7.063600000000008,0,1,1
26444325573,702884596,14989133,1702857897,1702857897,2023-12-17,0.216958054,-63.2185,4.9249,-80.7345,3.9548,0.0045,0.0003,0.0002,80830,3,18,1,2023-12-17,0,17,12,6,-61.9122,-68.9758,0.227481274,0.151406514,-64.7021666666667,-64.93834000000001,0.0,3316,-1.3063000000000002,0,1,1
26444325574,702884596,14989133,1702857929,1702857929,2023-12-17,0.212483194,-63.4344,12.6449,-80.5499,4.028,0.0057,0.0006,0.0005,80830,3,18,1,2023-12-17,0,17,12,6,-63.2185,-61.9122,0.216958054,0.227481274,-62.85503333333336,-65.18861999999999,0.0,3317,-0.21589999999999776,0,1,1
26444325575,702884596,14989133,1702857960,1702857960,2023-12-17,0.200761987,-64.1709,13.779,-80.2901,3.96,0.0042,0.0005,0.0004,80830,3,18,1,2023-12-17,0,17,12,6,-63.4344,-63.2185,0.212483194,0.216958054,-63.60793333333336,-64.34236,0.0,3318,-0.7365000000000066,0,1,1
26444325576,702884596,14989133,1702857992,1702857992,2023-12-17,0.106089163,-71.9954,14.9586,-80.5398,3.9345,0.0096,0.0002,0.0001,80830,3,18,1,2023-12-17,0,17,12,6,-64.1709,-63.4344,0.200761987,0.212483194,-66.53356666666669,-64.94628,0.0,3319,-7.8245000000000005,1,1,0
26444325577,702884596,14989133,1702858024,1702858024,2023-12-17,0.134650716,-69.5669,16.5099,-80.3917,3.9097,0.0065,0.0004,0.0004,80830,3,18,1,2023-12-17,0,17,12,6,-71.9954,-64.1709,0.106089163,0.200761987,-68.57773333333337,-66.47722,0.0,3320,2.4284999999999997,1,1,0
26444325578,702884596,14989133,1702858055,1702858055,2023-12-17,0.134972548,-69.4816,13.0499,-80.323,3.9065,0.0074,0.0002,0.0005,80830,3,18,1,2023-12-17,0,17,12,6,-69.5669,-71.9954,0.134650716,0.106089163,-70.3479666666667,-67.72984,0.0,3321,0.0853000000000037,0,1,0
26444325579,702884596,14989133,1702858087,1702858087,2023-12-17,0.110874095,-72.1507,45.6623,-81.1479,3.8918,0.0054,0.0003,0.0002,80830,3,18,1,2023-12-17,0,17,12,6,-69.4816,-69.5669,0.134972548,0.134650716,-70.39973333333336,-69.4731,0.0,3322,-2.6691000000000003,1,1,0
26444325580,702884596,14989133,1702858119,1702858119,2023-12-17,0.099753621,-72.5667,12.8456,-80.6076,3.886,0.0099,0.0003,0.0005,80830,3,18,1,2023-12-17,0,17,12,6,-72.1507,-69.4816,0.110874095,0.134972548,-71.39966666666669,-71.15226,0.0,3323,-0.4159999999999968,0,1,0
26444325562,702884596,14989133,1702857675,1702857675,2023-12-17,0.265808606,-58.7939,6.1427,-80.0798,3.894,0.0011,0.0004,0.0004,80830,3,18,1,2023-12-17,0,17,12,6,-69.7082,-70.8152,0.137870134,0.103983885,-66.43910000000002,-68.98158,0.0,3324,13.772799999999997,0,0,1
26444325473,702884587,14989133,1702849561,1702849561,2023-12-17,0.095039964,-73.21,3.9155,-80.8986,3.2182,0.0302,0.0004,0.0004,80830,3,64,1,2023-12-17,0,17,12,6,-58.7939,-69.7082,0.265808606,0.137870134,-67.23736666666669,-69.0352,0.0,3325,-14.416099999999993,0,1,0
26444325583,702884598,14989133,1702858436,1702858436,2023-12-17,0.160612283,-68.2277,56.0236,-81.2827,3.8985,0.0028,0.0003,0.0,80830,3,9,1,2023-12-17,0,17,12,6,-71.1989,-60.5218,0.116787986,0.247176686,-66.64946666666668,-68.93316,0.0,3326,4.982299999999995,1,1,1
26444325584,702884598,14989133,1702858467,1702858467,2023-12-17,0.155016588,-68.1567,12.549,-80.6604,3.8915,0.006,0.0002,0.0002,80830,3,9,1,2023-12-17,0,17,12,6,-68.2277,-71.1989,0.160612283,0.116787986,-69.19443333333335,-68.13435999999999,0.0,3327,0.07099999999999795,0,1,0
26444325572,702884596,14989133,1702857865,1702857865,2023-12-17,0.184288493,-66.3804,46.7686,-81.3773,3.9402,0.003,0.0003,0.0001,80830,3,18,1,2023-12-17,0,17,12,6,-68.1567,-68.2277,0.155016588,0.160612283,-67.58826666666668,-66.8971,0.0,3328,1.7763000000000062,1,1,1
26444325381,702884581,14989133,1702824236,1702824236,2023-12-17,0.144167586,-67.9863,49.3894,-79.4388,4.2828,0.0039,0.0003,0.0002,80830,3,2,0,2023-12-17,0,17,12,6,-66.3804,-68.1567,0.184288493,0.155016588,-67.50780000000002,-68.39,0.0,3329,-1.6059000000000054,1,1,0
26444325517,702884587,14989133,1702851082,1702851082,2023-12-17,0.099455808,-72.6469,9.5039,-80.67,3.217,0.0195,0.0001,0.0005,80830,3,64,1,2023-12-17,0,17,12,6,-67.9863,-66.3804,0.144167586,0.184288493,-69.00453333333336,-68.6796,0.0,3330,-4.660600000000002,0,1,0
26444325383,702884582,14989133,1702830607,1702830607,2023-12-17,0.138786836,-68.5896,14.2398,-79.643,4.1043,0.0445,0.0003,0.0004,80830,3,2,0,2023-12-17,0,17,12,6,-72.6469,-67.9863,0.099455808,0.144167586,-69.74093333333336,-68.75198,0.0,3331,4.057299999999998,0,1,0
26444325475,702884587,14989133,1702849656,1702849656,2023-12-17,0.104657352,-72.5044,11.4171,-80.9795,3.2252,0.0281,0.0004,0.0004,80830,3,64,1,2023-12-17,0,17,12,6,-68.5896,-72.6469,0.138786836,0.099455808,-71.2469666666667,-69.62152,0.0,3332,-3.9147999999999996,0,1,0
26444325597,702884600,14989133,1702859545,1702859545,2023-12-17,0.103028466,-72.188,24.5305,-80.4797,3.9053,0.0057,0.0002,0.0001,80830,3,2,0,2023-12-17,0,17,12,6,-72.6683,-72.5044,0.102614544,0.104657352,-72.45356666666669,-71.71944,0.0,3333,0.31640000000000157,1,1,0
26444325474,702884587,14989133,1702849624,1702849624,2023-12-17,0.102614544,-72.6683,6.303,-80.9778,3.2098,0.0236,0.0003,0.0006,80830,3,64,1,2023-12-17,0,17,12,6,-72.5044,-68.5896,0.104657352,0.138786836,-71.25410000000004,-70.8791,0.0,3334,-0.4802999999999997,0,1,0
26444325471,702884587,14989133,1702849497,1702849497,2023-12-17,0.101742885,-72.6487,9.7346,-80.8774,3.2102,0.0254,0.0004,0.0011,80830,3,64,1,2023-12-17,0,17,12,6,-72.9419,-72.188,0.095394121,0.103028466,-72.5928666666667,-72.59026,0.0,3335,0.019599999999996953,0,1,0
26444325382,702884582,14989133,1702830575,1702830575,2023-12-17,0.103983885,-70.8152,26.8254,-79.0334,3.8868,0.0131,0.0002,0.0,80830,3,2,0,2023-12-17,0,17,12,6,-72.6487,-72.9419,0.101742885,0.095394121,-72.13526666666671,-72.25242,0.0,3336,1.8335000000000008,1,1,0
26444325582,702884596,14989133,1702858182,1702858182,2023-12-17,0.137870134,-69.7082,13.4576,-80.8558,3.8908,0.0096,0.0004,0.0001,80830,3,18,1,2023-12-17,0,17,12,6,-70.8152,-72.6487,0.103983885,0.101742885,-71.05736666666668,-71.66040000000001,0.0,3337,1.1069999999999993,0,1,0
26444325565,702884596,14989133,1702857707,1702857707,2023-12-17,0.247176686,-60.5218,4.4217,-80.3931,3.8968,0.0016,0.0003,0.0002,80830,3,18,1,2023-12-17,0,17,12,6,-72.5667,-72.1507,0.099753621,0.110874095,-68.4130666666667,-68.85754,0.0,3338,9.186400000000006,0,1,1
26444325560,702884596,14989133,1702857612,1702857612,2023-12-17,0.152984569,-68.1357,20.5003,-80.4421,3.8855,0.005,0.0003,0.0,80830,3,18,1,2023-12-17,0,17,12,6,-73.21,-58.7939,0.095039964,0.265808606,-66.71320000000003,-68.1326,0.0,3339,-7.613900000000001,1,1,0
26444325472,702884587,14989133,1702849529,1702849529,2023-12-17,0.095394121,-72.9419,7.0319,-80.6339,3.2228,0.0161,0.0003,0.0004,80830,3,64,1,2023-12-17,0,17,12,6,-72.188,-72.6683,0.103028466,0.102614544,-72.59940000000003,-71.77844,0.0,3340,-4.806200000000004,0,1,0
26444325569,702884597,14989133,1702857770,1702857770,2023-12-17,0.166125948,-68.3434,21.2041,-81.9589,4.0083,0.0083,0.0006,0.0005,80830,1,5,1,2023-12-17,0,17,12,6,-69.7248,-71.5548,0.136154143,0.128640771,-69.87433333333337,-69.37572,0.0,3341,4.598500000000001,1,1,1
26444325514,702884587,14989133,1702850987,1702850987,2023-12-17,0.100715768,-72.544,8.0332,-80.6686,3.2157,0.0205,0.0003,0.0002,80830,3,64,1,2023-12-17,0,17,12,6,-70.8867,-69.8392,0.119652812,0.126109893,-71.08996666666668,-71.27918000000001,0.0,3342,-4.200599999999994,0,1,0
26444325599,702884601,14989133,1702860242,1702860242,2023-12-17,0.11205489,-72.3297,40.0654,-81.4574,4.279,0.0098,0.0003,0.0002,80830,3,3,0,2023-12-17,0,17,12,6,-64.9884,-68.1357,0.192874166,0.152984569,-68.48460000000003,-67.49153999999999,0.0,3343,0.21429999999999438,1,1,0
26444325600,702884601,14989133,1702860306,1702860306,2023-12-17,0.185827567,-65.465,25.7147,-80.4068,4.2045,0.0073,0.0002,0.0005,80830,3,3,0,2023-12-17,0,17,12,6,-72.3297,-64.9884,0.11205489,0.192874166,-67.59436666666669,-68.82576,0.0,3344,6.864699999999999,1,1,1
26444325588,702884598,14989133,1702858594,1702858594,2023-12-17,0.136654967,-68.6039,16.6191,-79.4629,3.8728,0.0068,0.0002,0.0004,80830,3,9,1,2023-12-17,0,17,12,6,-65.465,-72.3297,0.185827567,0.11205489,-68.79953333333337,-67.90454000000001,0.0,3345,-3.1388999999999925,0,1,0
26444325604,702884602,14989133,1702860781,1702860781,2023-12-17,0.128395004,-70.3509,20.7543,-80.7142,3.9848,0.0149,0.0003,0.0005,80830,3,9,1,2023-12-17,0,17,12,6,-65.4846,-68.6039,0.186332641,0.136654967,-68.1464666666667,-68.44681999999999,0.0,3346,-1.7469999999999999,0,1,0
26444325605,702884602,14989133,1702860813,1702860813,2023-12-17,0.120435001,-70.9312,23.5867,-80.6435,4.1002,0.0275,0.0006,0.0005,80830,3,9,1,2023-12-17,0,17,12,6,-70.3509,-65.4846,0.128395004,0.186332641,-68.92223333333335,-68.16712,0.0,3347,-0.5803000000000083,0,1,0
26444325606,702884602,14989133,1702860845,1702860845,2023-12-17,0.104910246,-72.0575,27.6403,-80.5031,4.1597,0.0306,0.0004,0.0005,80830,3,9,1,2023-12-17,0,17,12,6,-70.9312,-70.3509,0.120435001,0.128395004,-71.11320000000002,-69.48562,0.0,3348,-1.1263000000000005,1,1,0
26444325607,702884602,14989133,1702860876,1702860876,2023-12-17,0.116425482,-71.4074,34.5267,-80.8165,3.953,0.0126,0.0003,0.0002,80830,3,9,1,2023-12-17,0,17,12,6,-72.0575,-70.9312,0.104910246,0.120435001,-71.4653666666667,-70.04632,0.0,3349,0.650100000000009,1,1,0
26444325608,702884602,14989133,1702860940,1702860940,2023-12-17,0.135885783,-69.6699,7.8583,-80.6258,3.9262,0.0025,0.0003,0.0005,80830,3,9,1,2023-12-17,0,17,12,6,-71.4074,-72.0575,0.116425482,0.104910246,-71.04493333333336,-70.88338,0.0,3350,1.7374999999999972,0,1,0
26444325609,702884602,14989133,1702860971,1702860971,2023-12-17,0.163180908,-67.4431,27.5258,-80.5946,3.9528,0.0087,0.0003,0.0001,80830,3,9,1,2023-12-17,0,17,12,6,-69.6699,-71.4074,0.135885783,0.116425482,-69.50680000000003,-70.30181999999999,0.0,3351,2.2267999999999972,1,1,1
26444325563,702884597,14989133,1702857675,1702857675,2023-12-17,0.146962545,-69.8125,20.9486,-81.8399,3.8933,0.002,0.0003,0.0,80830,1,5,1,2023-12-17,0,17,12,6,-67.4431,-69.6699,0.163180908,0.135885783,-68.9751666666667,-70.07808,0.0,3352,-2.369399999999999,0,1,0
26444325564,702884597,14989133,1702857707,1702857707,2023-12-17,0.128640771,-71.5548,26.3271,-82.1186,3.8888,0.0041,0.0002,0.0001,80830,1,5,1,2023-12-17,0,17,12,6,-69.8125,-67.4431,0.146962545,0.163180908,-69.60346666666669,-69.97754,0.0,3353,-1.7423000000000002,1,1,0
26444325561,702884596,14989133,1702857643,1702857643,2023-12-17,0.192874166,-64.9884,7.4389,-80.5183,3.895,0.0,0.0003,0.0004,80830,3,18,1,2023-12-17,0,17,12,6,-68.1357,-73.21,0.152984569,0.095039964,-68.77803333333335,-66.96723999999999,0.0,3354,6.566400000000002,0,1,1
26444325603,702884602,14989133,1702860718,1702860718,2023-12-17,0.186332641,-65.4846,16.3962,-80.4808,3.9688,0.005,0.0003,0.0004,80830,3,9,1,2023-12-17,0,17,12,6,-68.6039,-65.465,0.136654967,0.185827567,-66.51783333333337,-67.37432,0.0,3355,-0.49620000000000175,0,1,1
26444325570,702884597,14989133,1702857802,1702857802,2023-12-17,0.137044207,-70.6558,37.4483,-81.8765,4.0265,0.0204,0.0003,0.0002,80830,1,5,1,2023-12-17,0,17,12,6,-68.3434,-69.7248,0.166125948,0.136154143,-69.5746666666667,-70.01826000000001,0.0,3356,-5.171199999999999,1,1,0
26444325602,702884602,14989133,1702860686,1702860686,2023-12-17,0.138330142,-69.4823,13.1925,-80.6368,3.9453,0.01,0.0002,0.0001,80830,3,9,1,2023-12-17,0,17,12,6,-70.6558,-68.3434,0.137044207,0.166125948,-69.49383333333336,-69.95222000000001,0.0,3357,1.1735000000000042,0,1,0
26444325552,702884594,14989133,1702856978,1702856978,2023-12-17,0.227465569,-61.8026,10.2291,-79.9998,3.9375,0.0042,0.0006,0.0008,80830,3,13,1,2023-12-17,0,17,12,6,-69.4823,-70.6558,0.138330142,0.137044207,-67.31356666666669,-68.00178000000001,0.0,3358,7.679699999999997,0,1,1
26444325587,702884598,14989133,1702858562,1702858562,2023-12-17,0.152963989,-68.2761,16.6922,-80.6059,3.8688,0.0025,0.0004,0.0001,80830,3,9,1,2023-12-17,0,17,12,6,-61.8026,-69.4823,0.227465569,0.138330142,-66.52033333333335,-67.71204,0.0,3359,-6.473500000000001,0,1,0
26444325585,702884598,14989133,1702858499,1702858499,2023-12-17,0.170464547,-67.1061,15.5011,-80.896,3.885,0.0025,0.0006,0.0004,80830,3,9,1,2023-12-17,0,17,12,6,-68.2761,-61.8026,0.152963989,0.227465569,-65.7282666666667,-67.46458,0.0,3360,1.1700000000000017,0,1,1
26444325554,702884594,14989133,1702857073,1702857073,2023-12-17,0.17312931,-66.1098,14.1228,-79.9518,3.9475,0.0061,0.0003,0.0007,80830,3,13,1,2023-12-17,0,17,12,6,-67.1061,-68.2761,0.170464547,0.152963989,-67.16400000000003,-66.55537999999999,0.0,3361,0.9962999999999909,0,1,1
26444325555,702884594,14989133,1702857104,1702857104,2023-12-17,0.144104344,-69.2037,63.496,-80.8553,3.942,0.0054,0.0003,0.0001,80830,3,13,1,2023-12-17,0,17,12,6,-66.1098,-67.1061,0.17312931,0.170464547,-67.47320000000003,-66.49965999999999,0.0,3362,-3.0938999999999908,1,1,0
26444325559,702884595,14989133,1702857390,1702857390,2023-12-17,0.113116595,-71.0171,21.8395,-80.0749,3.9787,0.0091,0.0003,0.0007,80830,3,3,0,2023-12-17,0,17,12,6,-69.2037,-66.1098,0.144104344,0.17312931,-68.77686666666669,-68.34256,0.0,3363,-1.8134000000000015,0,1,0
26444325567,702884597,14989133,1702857738,1702857738,2023-12-17,0.168680612,-68.6043,51.5279,-82.5246,3.9213,0.0034,0.0004,0.0004,80830,1,5,1,2023-12-17,0,17,12,6,-69.9894,-72.0142,0.132664227,0.103466907,-70.20263333333337,-69.2844,0.0,3364,2.4128000000000043,1,1,1
26444325380,702884581,14989133,1702824204,1702824204,2023-12-17,0.174182843,-64.797,4.3,-78.4641,4.226,0.0066,0.0004,0.0,80830,3,2,0,2023-12-17,0,17,12,6,-71.0171,-69.2037,0.113116595,0.144104344,-68.33926666666669,-67.64674,0.0,3365,3.807299999999998,0,1,1
26444325557,702884595,14989133,1702857263,1702857263,2023-12-17,0.103466907,-72.0142,18.0784,-80.3252,3.9318,0.0126,0.0003,0.0,80830,3,3,0,2023-12-17,0,17,12,6,-64.797,-71.0171,0.174182843,0.113116595,-69.27610000000003,-68.62836000000001,0.0,3366,-7.217200000000005,0,1,0
26444325558,702884595,14989133,1702857326,1702857326,2023-12-17,0.132664227,-69.9894,37.0198,-80.6947,3.8885,0.0045,0.0002,0.0005,80830,3,3,0,2023-12-17,0,17,12,6,-72.0142,-64.797,0.103466907,0.174182843,-68.93353333333336,-69.40428,0.0,3367,2.024799999999999,1,1,0
26444325601,702884602,14989133,1702860654,1702860654,2023-12-17,0.136154143,-69.7248,53.2968,-80.7144,3.9502,0.0059,0.0003,0.0,80830,3,9,1,2023-12-17,0,17,12,6,-71.5548,-69.8125,0.128640771,0.146962545,-70.36403333333335,-69.64102,0.0,3368,0.2646000000000015,1,1,0
26444325614,702884604,14989133,1703148137,1703148137,2023-12-21,0.12526498,-65.6514,17.107,-75.0529,3.8862,0.0056,0.0003,0.0006,80830,3,3,0,2023-12-21,0,21,12,3,-66.3985,-67.7194,0.116606575,0.113715544,-66.58976666666668,-67.01935999999999,0.0,3369,4.073400000000007,0,1,0
26444325610,702884603,14989133,1703147408,1703147408,2023-12-21,0.126326912,-66.7232,12.2793,-76.3709,3.889,0.0119,0.0003,0.0,80830,3,2,0,2023-12-21,0,21,12,3,-68.6043,-69.9894,0.168680612,0.132664227,-68.4389666666667,-68.42562,0.0,3370,-1.0718000000000103,0,1,0
26444325611,702884603,14989133,1703147440,1703147440,2023-12-21,0.113715544,-67.7194,8.7766,-76.4082,3.8748,0.002,0.0005,0.0002,80830,3,2,0,2023-12-21,0,21,12,3,-66.7232,-68.6043,0.126326912,0.168680612,-67.68230000000003,-69.0101,0.0,3371,-0.9961999999999875,0,1,0
26444325612,702884604,14989133,1703148010,1703148010,2023-12-21,0.139842931,-65.398,15.2262,-76.0303,3.8857,0.0088,0.0003,0.0,80830,3,3,0,2023-12-21,0,21,12,3,-65.6514,-66.3985,0.12526498,0.116606575,-65.81596666666668,-66.37809999999999,0.0,3372,2.321399999999997,0,1,0
26444325613,702884604,14989133,1703148074,1703148074,2023-12-21,0.119642027,-66.8631,16.2091,-75.9499,3.8775,0.0151,0.0003,0.0005,80830,3,3,0,2023-12-21,0,21,12,3,-65.398,-65.6514,0.139842931,0.12526498,-65.97083333333336,-66.40608,0.0,3373,-1.4651000000000067,1,1,0
26444325615,702884605,14989133,1703149215,1703149215,2023-12-21,0.117172289,-66.4274,6.9263,-75.2439,3.8817,0.0101,0.0004,0.0,80830,3,2,0,2023-12-21,0,21,12,3,-66.8631,-65.398,0.119642027,0.139842931,-66.22950000000003,-66.14768000000001,345600.0,3374,0.4356999999999971,0,1,0
26444325616,702884605,14989133,1703149278,1703149278,2023-12-21,0.116606575,-66.3985,18.6181,-75.163,3.87,0.0113,0.0004,0.0006,80830,3,2,0,2023-12-21,0,21,12,3,-67.7194,-66.7232,0.113715544,0.126326912,-66.94703333333337,-67.88696,0.0,3375,0.028900000000007253,1,1,0
26444325624,702884607,14989134,1703558082,1703558082,2023-12-25,0.226837666,-62.4017,2.175,-80.7097,4.265,0.0039,0.0003,0.0002,80830,3,11,1,2023-12-25,0,25,12,0,-69.7665,-65.4588,0.134895815,0.188198527,-65.87566666666669,-67.40845999999999,0.0,3376,3.9968000000000004,0,1,1
26444325619,702884607,14989134,1703557892,1703557892,2023-12-25,0.18884593,-65.6046,35.1822,-80.8781,4.2865,0.0045,0.0003,0.0,80830,3,11,1,2023-12-25,0,25,12,0,-62.8043,-63.7344,0.220624971,0.208748971,-64.0477666666667,-63.66976,0.0,3377,-3.2029000000000067,1,1,1
26444325620,702884607,14989134,1703557924,1703557924,2023-12-25,0.220624971,-62.8043,32.4219,-80.5829,4.2553,0.0036,0.0006,0.0005,80830,3,11,1,2023-12-25,0,25,12,0,-63.7344,-63.8038,0.208748971,0.208177378,-63.447500000000026,-64.50214000000001,0.0,3378,2.800300000000007,1,1,1
26444325621,702884607,14989134,1703557955,1703557955,2023-12-25,0.208748971,-63.7344,6.9731,-80.5489,4.231,0.0039,0.0004,0.0005,80830,3,11,1,2023-12-25,0,25,12,0,-63.8038,-62.4017,0.208177378,0.226837666,-63.31330000000003,-65.03304,0.0,3379,-0.930100000000003,0,1,1
26444325618,702884606,14989134,1703557765,1703557765,2023-12-25,0.132902569,-70.2244,10.5689,-80.9879,4.307,0.0028,0.0003,0.0002,80830,3,2,0,2023-12-25,0,25,12,0,-65.6046,-62.8043,0.18884593,0.220624971,-66.21110000000003,-65.2343,0.0,3380,-6.490000000000002,0,1,0
26444325623,702884607,14989134,1703558050,1703558050,2023-12-25,0.208177378,-63.8038,9.9562,-80.5784,4.2255,0.006,0.0003,0.0004,80830,3,11,1,2023-12-25,0,25,12,0,-62.4017,-69.7665,0.226837666,0.134895815,-65.32400000000003,-66.46536,0.0,3381,6.4206,0,1,1
26444325622,702884607,14989134,1703558019,1703558019,2023-12-25,0.241519281,-60.8969,12.651,-80.288,4.2497,0.0,0.0003,0.0007,80830,3,11,1,2023-12-25,0,25,12,0,-66.4274,-66.8631,0.117172289,0.119642027,-64.72913333333337,-65.04736,0.0,3382,2.9069000000000003,0,1,1
26444325630,702884608,14989134,1703558367,1703558367,2023-12-25,0.134895815,-69.7665,15.1312,-80.6452,4.1165,0.056,0.0003,0.0,80830,3,4,1,2023-12-25,0,25,12,0,-65.4588,-70.896,0.188198527,0.121630663,-68.70710000000003,-67.10749999999999,0.0,3383,-8.869599999999991,1,1,0
26444325626,702884607,14989134,1703558145,1703558145,2023-12-25,0.121630663,-70.896,34.6896,-80.7132,4.3175,0.005,0.0003,0.0005,80830,3,11,1,2023-12-25,0,25,12,0,-68.5193,-60.8969,0.155366351,0.241519281,-66.77073333333335,-66.72054,0.0,3384,-1.1295000000000073,1,1,0
26444325627,702884607,14989134,1703558177,1703558177,2023-12-25,0.155366351,-68.5193,39.5604,-81.1231,4.2985,0.0,0.0002,0.0002,80830,3,11,1,2023-12-25,0,25,12,0,-60.8969,-66.4274,0.241519281,0.117172289,-65.28120000000003,-65.62094,0.0,3385,2.3766999999999996,1,1,0
26444325617,702884606,14989134,1703557733,1703557733,2023-12-25,0.19557401,-64.8813,2.7193,-80.6554,4.2995,0.0032,0.0003,0.0,80830,3,2,0,2023-12-25,0,25,12,0,-70.2244,-65.6046,0.132902569,0.18884593,-66.90343333333335,-65.4498,0.0,3386,3.6380000000000052,0,1,1
26444325625,702884607,14989134,1703558114,1703558114,2023-12-25,0.188198527,-65.4588,71.0318,-80.634,4.301,0.0045,0.0003,0.0002,80830,3,11,1,2023-12-25,0,25,12,0,-70.896,-68.5193,0.121630663,0.155366351,-68.29136666666669,-66.43968,0.0,3387,-0.5775000000000006,1,1,1
26444325631,702884608,14989134,1703558399,1703558399,2023-12-25,0.152071071,-68.2721,22.3497,-80.5163,4.189,0.0208,0.0003,0.0002,80830,3,4,1,2023-12-25,0,25,12,0,-71.8559,-66.4744,0.120558635,0.174146932,-68.86746666666669,-69.68856000000001,0.0,3388,-2.813299999999998,0,1,0
26444325628,702884607,14989134,1703558209,1703558209,2023-12-25,0.174446851,-66.4406,7.4822,-80.4801,4.2663,0.0032,0.0003,0.0003,80830,3,11,1,2023-12-25,0,25,12,0,-69.405,-72.5934,0.1417198,0.113083573,-69.47966666666669,-68.70894000000001,0.0,3389,1.8314999999999912,0,1,1
26444325635,702884609,14989134,1703558874,1703558874,2023-12-25,0.113083573,-72.5934,45.7564,-81.8492,3.9415,0.0023,0.0006,0.0005,80830,3,4,1,2023-12-25,0,25,12,0,-64.8813,-70.2244,0.19557401,0.132902569,-69.23303333333337,-67.2216,0.0,3390,-6.152799999999999,1,1,0
26444325640,702884610,14989134,1703559160,1703559160,2023-12-25,0.113443673,-71.6701,25.2919,-80.841,4.164,0.0329,0.0006,0.0007,80830,3,3,0,2023-12-25,0,25,12,0,-70.6894,-68.2721,0.124652347,0.152071071,-70.21053333333337,-69.79238000000001,0.0,3391,0.9232999999999976,0,1,0
26444325636,702884609,14989134,1703558906,1703558906,2023-12-25,0.124652347,-70.6894,25.4568,-80.7558,3.9253,0.0097,0.0003,0.0002,80830,3,4,1,2023-12-25,0,25,12,0,-68.2721,-71.8559,0.152071071,0.120558635,-70.2724666666667,-69.48182,0.0,3392,0.9806999999999988,0,1,0
26444325629,702884607,14989134,1703558240,1703558240,2023-12-25,0.1417198,-69.405,16.3234,-80.8652,4.127,0.0362,0.0006,0.0005,80830,3,11,1,2023-12-25,0,25,12,0,-72.5934,-64.8813,0.113083573,0.19557401,-68.95990000000002,-68.54173999999999,0.0,3393,1.284400000000005,0,1,0
26444325637,702884609,14989134,1703558938,1703558938,2023-12-25,0.119169296,-71.3738,15.8516,-81.0301,3.907,0.0055,0.0002,0.0002,80830,3,4,1,2023-12-25,0,25,12,0,-71.6701,-70.6894,0.113443673,0.124652347,-71.24443333333336,-70.77226,345600.0,3394,-1.9688000000000017,0,1,0
26444325632,702884608,14989134,1703558431,1703558431,2023-12-25,0.174146932,-66.4744,6.9648,-80.4918,4.2588,0.0023,0.0002,0.0002,80830,3,4,1,2023-12-25,0,25,12,0,-70.1173,-71.7231,0.131846321,0.113241092,-69.4382666666667,-68.42176,0.0,3395,4.8994,0,1,1
26444325638,702884610,14989134,1703559065,1703559065,2023-12-25,0.131846321,-70.1173,10.8768,-80.766,4.266,0.0109,0.0005,0.0,80830,3,3,0,2023-12-25,0,25,12,0,-71.7231,-67.3534,0.113241092,0.166105606,-69.73126666666668,-69.00788,0.0,3396,-3.6428999999999974,0,1,0
26444325634,702884609,14989134,1703558843,1703558843,2023-12-25,0.113241092,-71.7231,33.6575,-80.8823,3.9685,0.0094,0.0003,0.0,80830,3,4,1,2023-12-25,0,25,12,0,-67.3534,-66.4406,0.166105606,0.174446851,-68.50570000000003,-69.5031,0.0,3397,-1.6058000000000021,1,1,0
26444325633,702884608,14989134,1703558462,1703558462,2023-12-25,0.166105606,-67.3534,18.9315,-80.7697,4.083,0.0193,0.0003,0.0004,80830,3,4,1,2023-12-25,0,25,12,0,-66.4406,-69.405,0.174446851,0.1417198,-67.73300000000003,-68.13474,0.0,3398,4.369700000000009,0,1,1
26444325639,702884610,14989134,1703559096,1703559096,2023-12-25,0.120558635,-71.8559,41.6088,-81.7063,4.2142,0.0116,0.0002,0.0001,80830,3,3,0,2023-12-25,0,25,12,0,-66.4744,-70.1173,0.174146932,0.131846321,-69.48253333333336,-69.50482,0.0,3399,-4.502500000000012,1,1,0
26444325647,702884613,14989134,1703908386,1703908386,2023-12-29,0.118043056,-71.2959,6.4184,-80.8383,4.2047,0.0116,0.0003,0.0,80830,3,4,1,2023-12-29,0,29,12,4,-67.9604,-70.6428,0.162338487,0.125142728,-69.9663666666667,-69.86706000000001,0.0,3400,0.5600000000000023,0,1,0
26444325649,702884613,14989134,1703908450,1703908450,2023-12-29,0.095505389,-73.1889,8.2405,-80.9169,4.218,0.0251,0.0017,0.0002,80830,3,4,1,2023-12-29,0,29,12,4,-72.1527,-76.6033,0.109542533,0.101510828,-73.98163333333336,-73.31354,0.0,3401,-1.8930000000000007,0,1,0
26444325648,702884613,14989134,1703908418,1703908418,2023-12-29,0.110281219,-72.0206,7.4535,-80.9476,4.2825,0.0066,0.0003,0.0001,80830,3,4,1,2023-12-29,0,29,12,4,-71.3738,-71.6701,0.119169296,0.113443673,-71.6881666666667,-70.80519999999999,0.0,3402,1.1683000000000021,0,1,0
26444325641,702884611,14989134,1703907721,1703907721,2023-12-29,0.118474769,-71.2997,27.2164,-80.8822,4.1523,0.0422,0.0003,0.0,80830,3,4,1,2023-12-29,0,29,12,4,-72.0206,-71.3738,0.110281219,0.119169296,-71.56470000000003,-71.41072,0.0,3403,0.7209000000000003,1,1,0
26444325642,702884611,14989134,1703907752,1703907752,2023-12-29,0.166849631,-67.4696,32.8707,-80.9813,4.2062,0.0087,0.0005,0.0004,80830,3,4,1,2023-12-29,0,29,12,4,-71.2997,-72.0206,0.118474769,0.110281219,-70.26330000000003,-70.76676,0.0,3404,3.8301000000000016,1,1,1
26444325644,702884611,14989134,1703907816,1703907816,2023-12-29,0.125142728,-70.6428,7.8044,-80.7478,4.1625,0.0472,0.0004,0.0002,80830,3,4,1,2023-12-29,0,29,12,4,-71.9666,-67.4696,0.114191817,0.166849631,-70.02633333333335,-70.67985999999999,0.0,3405,-3.1731999999999942,0,1,0
26444325645,702884612,14989134,1703908133,1703908133,2023-12-29,0.162338487,-67.9604,11.6682,-81.1311,4.1273,0.0171,0.0003,0.0,80830,3,2,0,2023-12-29,0,29,12,4,-70.6428,-71.9666,0.125142728,0.114191817,-70.18993333333336,-69.86782,0.0,3406,2.682399999999987,0,1,1
26444325643,702884611,14989134,1703907784,1703907784,2023-12-29,0.114191817,-71.9666,35.9455,-81.244,4.2865,0.0053,0.0003,0.0004,80830,3,4,1,2023-12-29,0,29,12,4,-67.4696,-71.2997,0.166849631,0.118474769,-70.24530000000003,-70.82606,0.0,3407,-4.006199999999993,1,1,0
26444325654,702884615,14989134,1703909147,1703909147,2023-12-29,0.108587144,-72.8295,5.7679,-81.7012,4.4158,0.019,0.0004,0.0004,80830,1,4,1,2023-12-29,0,29,12,4,-71.7933,-72.8483,0.119223814,0.106581161,-72.4903666666667,-72.11578,0.0,3408,-0.8628999999999962,0,1,0
26444325658,702884616,14989134,1703909591,1703909591,2023-12-29,0.097009808,-73.8804,15.7395,-81.8175,3.9537,0.0132,0.0004,0.0006,80830,1,2,0,2023-12-29,0,29,12,4,-69.2274,-71.1201,0.151823532,0.128092497,-71.40930000000003,-71.17256,0.0,3409,-1.0508999999999986,0,1,0
26444325657,702884616,14989134,1703909527,1703909527,2023-12-29,0.106581161,-72.8483,13.0273,-81.5388,3.9592,0.02,0.0004,0.0,80830,1,2,0,2023-12-29,0,29,12,4,-73.8804,-69.2274,0.097009808,0.151823532,-71.98536666666669,-71.48303999999999,0.0,3410,1.0320999999999998,0,1,0
26444325655,702884615,14989134,1703909179,1703909179,2023-12-29,0.119223814,-71.7933,8.4678,-81.5114,4.2695,0.0053,0.0002,0.0002,80830,1,4,1,2023-12-29,0,29,12,4,-72.8483,-73.8804,0.106581161,0.097009808,-72.84066666666668,-71.7739,0.0,3411,1.0549999999999926,0,1,0
26444325653,702884615,14989134,1703909115,1703909115,2023-12-29,0.101510828,-76.6033,9.6167,-85.2579,4.7465,0.015,0.0005,0.0,80830,1,4,1,2023-12-29,0,29,12,4,-72.8295,-71.7933,0.108587144,0.119223814,-73.74203333333337,-73.59096,0.0,3412,-4.810000000000002,0,1,0
26444325651,702884614,14989134,1703908640,1703908640,2023-12-29,0.109542533,-72.1527,40.5616,-81.0288,4.2618,0.0078,0.0004,0.0,80830,3,2,0,2023-12-29,0,29,12,4,-76.6033,-72.8295,0.101510828,0.108587144,-73.86183333333337,-73.24542,0.0,3413,4.4506000000000085,1,1,0
26444325652,702884614,14989134,1703908672,1703908672,2023-12-29,0.151823532,-69.2274,38.6807,-81.6191,4.2728,0.0023,0.0003,0.0002,80830,3,2,0,2023-12-29,0,29,12,4,-71.1201,-70.339,0.128092497,0.136127551,-70.22883333333336,-69.98855999999999,345600.0,3414,2.925299999999993,1,1,0
26444325650,702884613,14989134,1703908513,1703908513,2023-12-29,0.136127551,-70.339,39.1021,-81.4229,4.228,0.0048,0.0003,0.0003,80830,3,4,1,2023-12-29,0,29,12,4,-71.2959,-67.9604,0.118043056,0.162338487,-69.86510000000004,-70.44094,0.0,3415,-1.1115999999999957,1,1,0
26444325656,702884615,14989134,1703909210,1703909210,2023-12-29,0.128092497,-71.1201,9.6047,-81.5684,4.042,0.067,0.0003,0.0004,80830,1,4,1,2023-12-29,0,29,12,4,-70.339,-71.2959,0.136127551,0.118043056,-70.91833333333336,-70.27164,0.0,3416,-0.781099999999995,0,1,0
26444325646,702884612,14989134,1703908196,1703908196,2023-12-29,0.115340068,-72.1035,42.6002,-81.5042,4.1978,0.016,0.0003,0.0008,80830,3,2,0,2023-12-29,0,29,12,4,-73.1889,-72.1527,0.095505389,0.109542533,-72.48170000000003,-73.37558,0.0,3417,-0.9834000000000032,1,1,0
